Workbook
Name NR_COMMERCIAL_SCENARIO_ID: COMMERCIAL_SCENARIO!$A$2:$A$5000
Name NR_COMPONENT_ID: COMPONENT!$A$2:$A$5000
Name NR_COMPONENT_MATERIAL_ID: COMPONENT_MATERIAL!$A$2:$A$5000
Name NR_COMPONENT_TYPE_ID: LKP_COMPONENT_TYPE!$A$2:$A$5000
Name NR_COUNTRY_ID: LKP_COUNTRY!$A$2:$A$5000
Name NR_CUSTOMER_ID: CUSTOMER!$A$2:$A$5000
Name NR_DECLARATION_OF_CONFORMITY_ID: DECLARATION_OF_CONFORMITY!$A$2:$A$5000
Name NR_DOCUMENT_ID: DOCUMENT_LIBRARY!$A$2:$A$5000
Name NR_DOCUMENT_LINK_ID: DOCUMENT_LINK!$A$2:$A$5000
Name NR_DOCUMENT_TYPE_ID: LKP_DOCUMENT_TYPE!$A$2:$A$5000
Name NR_INCOTERM_ID: LKP_INCOTERM!$A$2:$A$5000
Name NR_INFO_KEY: SYS_WORKBOOK_INFO!$A$2:$A$5000
Name NR_LEGAL_ENTITY_ID: LEGAL_ENTITY!$A$2:$A$5000
Name NR_LINE_ROLE_ID: LKP_LINE_ROLE!$A$2:$A$5000
Name NR_MATERIAL_FAMILY_ID: LKP_MATERIAL_FAMILY!$A$2:$A$5000
Name NR_MATERIAL_ID: LKP_MATERIAL!$A$2:$A$5000
Name NR_OWNERSHIP_TYPE_ID: LKP_OWNERSHIP_TYPE!$A$2:$A$5000
Name NR_PACKAGING_CONFIGURATION_ID: PACKAGING_CONFIGURATION!$A$2:$A$5000
Name NR_PACKAGING_CONFIGURATION_LINE_ID: PACKAGING_CONFIGURATION_LINE!$A$2:$A$5000
Name NR_PACKAGING_FUNCTION_ID: LKP_PACKAGING_FUNCTION!$A$2:$A$5000
Name NR_PACKAGING_LEVEL_ID: LKP_PACKAGING_LEVEL!$A$2:$A$5000
Name NR_PARAMETER_ID: SYS_PARAMETER!$A$2:$A$5000
Name NR_PERSON_ID: PERSON!$A$2:$A$5000
Name NR_PLANT_ID: PLANT!$A$2:$A$5000
Name NR_PPWR_MATERIAL_CATEGORY_ID: LKP_PPWR_MATERIAL_CATEGORY!$A$2:$A$5000
Name NR_PRODUCT_CATEGORY_ID: LKP_PRODUCT_CATEGORY!$A$2:$A$5000
Name NR_PRODUCT_ID: PRODUCT!$A$2:$A$5000
Name NR_RECYCLABILITY_CLASS_ID: LKP_RECYCLABILITY_CLASS!$A$2:$A$5000
Name NR_SCENARIO_TYPE_ID: LKP_SCENARIO_TYPE!$A$2:$A$5000
Name NR_SHIPMENT_ID: SHIPMENT!$A$2:$A$5000
Name NR_SHIPMENT_LINE_ID: SHIPMENT_LINE!$A$2:$A$5000
Name NR_STATEMENT_ID: STATEMENT!$A$2:$A$5000
Name NR_STATEMENT_LINE_ID: STATEMENT_LINE!$A$2:$A$5000
Name NR_STATEMENT_SHIPMENT_ID: STATEMENT_SHIPMENT!$A$2:$A$5000
Name NR_STATEMENT_TYPE_ID: LKP_STATEMENT_TYPE!$A$2:$A$5000
Name NR_STATUS_ID: LKP_STATUS!$A$2:$A$5000
Name NR_SUPPLIER_ID: SUPPLIER!$A$2:$A$5000
Name NR_TECHNICAL_FILE_ID: TECHNICAL_FILE!$A$2:$A$5000
Name NR_TRANSPORT_CONFIGURATION_ID: TRANSPORT_CONFIGURATION!$A$2:$A$5000
Name NR_TRANSPORT_CONFIGURATION_LINE_ID: TRANSPORT_CONFIGURATION_LINE!$A$2:$A$5000
Name NR_TRANSPORT_MODE_ID: LKP_TRANSPORT_MODE!$A$2:$A$5000
Name NR_TRANSPORT_UNIT_TYPE_ID: LKP_TRANSPORT_UNIT_TYPE!$A$2:$A$5000
Name NR_UOM_ID: LKP_UOM!$A$2:$A$5000

Sheet 00_HOME
A1: İnci Akü PPWR Packaging Information Management System — Rev.00
A2: Production Master Data: LOADED | Golden Variant Register: 247 / 247 | Document Pack: 988 / 988 GENERATED | Document Registry: 988 / 988 LINKED | Blocking QA Errors: 0
A3: Legal signatures are NOT completed in this workbook. Word files remain the controlled legal documents.
A5: KPI | B5: Count | C5: Status
A6: Final Packaging Configurations | B6: 247 | C6: LOADED
A7: Starter | B7: 240 | C7: LOADED
A8: Industrial | B8: 3 | C8: LOADED
A9: Container / Loading | B9: 4 | C9: LOADED
A10: BOM Lines | B10: 1690 | C10: LOADED
A11: Components | B11: 112 | C11: LOADED
A12: Products | B12: 2046 | C12: LOADED
A13: Technical Files | B13: 247 | C13: GENERATED
A14: EU Declarations of Conformity | B14: 247 | C14: GENERATED
A15: Labels | B15: 247 | C15: GENERATED
A16: Shipment Statements | B16: 247 | C16: GENERATED
A17: Total Documents | B17: 988 | C17: GENERATED
A18: Document Registry Linked | B18: 988 / 988 | C18: LINKED
A19: Blocking QA Errors | B19: 0 | C19: PASS
A22: Quick navigation
A23: =HYPERLINK("#'PACKAGING_CONFIGURATIONS'!A1","Packaging Configurations")
A24: =HYPERLINK("#'PRODUCT_MASTER'!A1","Products")
A25: =HYPERLINK("#'COMPONENT_MASTER'!A1","Components")
A26: =HYPERLINK("#'TECHNICAL_FILES'!A1","Technical Files")
A27: =HYPERLINK("#'DECLARATIONS_OF_CONFORMITY'!A1","Declarations of Conformity")
A28: =HYPERLINK("#'LABELS'!A1","Labels")
A29: =HYPERLINK("#'SHIPMENT_STATEMENTS'!A1","Shipment Statements")
A30: =HYPERLINK("#'DOCUMENT_CENTER'!A1","Document Center")
A31: =HYPERLINK("#'SEARCH'!A1","Search")
A32: =HYPERLINK("#'NAVIGATION'!A1","Navigation")

Sheet NAVIGATION
A1: NAVIGATION
A3: HOME
A4: =HYPERLINK("#'00_HOME'!A1","00_HOME")
A5: =HYPERLINK("#'01_DASHBOARD'!A1","01_DASHBOARD")
A6: =HYPERLINK("#'02_RELEASE_CONTROL'!A1","02_RELEASE_CONTROL")
A8: PACKAGING
A9: =HYPERLINK("#'PACKAGING_CONFIGURATIONS'!A1","PACKAGING_CONFIGURATIONS")
A11: PRODUCTS
A12: =HYPERLINK("#'PRODUCT_MASTER'!A1","PRODUCT_MASTER")
A14: COMPONENTS
A15: =HYPERLINK("#'COMPONENT_MASTER'!A1","COMPONENT_MASTER")
A17: DOCUMENTS
A18: =HYPERLINK("#'DOCUMENT_CENTER'!A1","DOCUMENT_CENTER")
A19: =HYPERLINK("#'TECHNICAL_FILES'!A1","TECHNICAL_FILES")
A20: =HYPERLINK("#'DECLARATIONS_OF_CONFORMITY'!A1","DECLARATIONS_OF_CONFORMITY")
A21: =HYPERLINK("#'LABELS'!A1","LABELS")
A22: =HYPERLINK("#'SHIPMENT_STATEMENTS'!A1","SHIPMENT_STATEMENTS")
A24: OPERATIONS
A25: =HYPERLINK("#'SHIPMENTS'!A1","SHIPMENTS")
A26: =HYPERLINK("#'SEARCH'!A1","SEARCH")
A28: DATABASE
A29: =HYPERLINK("#'PACKAGING_CONFIGURATION'!A1","PACKAGING_CONFIGURATION")
A30: =HYPERLINK("#'PACKAGING_CONFIGURATION_LINE'!A1","PACKAGING_CONFIGURATION_LINE")
A31: =HYPERLINK("#'PRODUCT'!A1","PRODUCT")
A32: =HYPERLINK("#'COMPONENT'!A1","COMPONENT")
A33: =HYPERLINK("#'DOCUMENT_LIBRARY'!A1","DOCUMENT_LIBRARY")
A34: =HYPERLINK("#'DOCUMENT_LINK'!A1","DOCUMENT_LINK")
A36: LOOKUPS
A37: =HYPERLINK("#'LKP_STATUS'!A1","LKP_STATUS")
A38: =HYPERLINK("#'LKP_DOCUMENT_TYPE'!A1","LKP_DOCUMENT_TYPE")
A39: =HYPERLINK("#'LKP_MATERIAL_FAMILY'!A1","LKP_MATERIAL_FAMILY")
A41: SYSTEM
A42: =HYPERLINK("#'SYS_WORKBOOK_INFO'!A1","SYS_WORKBOOK_INFO")
A43: =HYPERLINK("#'DOC_ENGINE_MAP'!A1","DOC_ENGINE_MAP")
A44: =HYPERLINK("#'00_README'!A1","00_README")

Sheet SEARCH
A1: SEARCH
A2: Use AutoFilter on DOCUMENT_CENTER / PACKAGING_CONFIGURATIONS / TECHNICAL_FILES (or Ctrl+F). Optional single-key lookup below uses XLOOKUP when available.
A4: Lookup key
A5: Examples | B5: ST-051-STD-01 | IA-ST-051-STD-01 | IA-ST-CFG-0122 | IA-PPWR-TF-ST-051-STD-01-R00 | 1011935 | 4000782
A7: Packaging Set → Configuration ID
A8: Configuration ID | B8: =IF(B4="","",IFERROR(XLOOKUP(B4,PACKAGING_CONFIGURATIONS!A:A,PACKAGING_CONFIGURATIONS!B:B),"Not found / use AutoFilter"))
A9: Family | B9: =IF(B4="","",IFERROR(XLOOKUP(B4,PACKAGING_CONFIGURATIONS!A:A,PACKAGING_CONFIGURATIONS!D:D),""))
A10: Technical File | B10: =IF(B4="","",IFERROR(XLOOKUP(B4,PACKAGING_CONFIGURATIONS!A:A,PACKAGING_CONFIGURATIONS!K:K),""))
A12: Module shortcuts
A13: =HYPERLINK("#'DOCUMENT_CENTER'!A1","Document Center (filter here)")
A14: =HYPERLINK("#'PACKAGING_CONFIGURATIONS'!A1","Packaging Configurations")
A15: =HYPERLINK("#'TECHNICAL_FILES'!A1","Technical Files")
A16: =HYPERLINK("#'PRODUCT_MASTER'!A1","Product Master")
A17: =HYPERLINK("#'COMPONENT_MASTER'!A1","Component Master")

Sheet PACKAGING_CONFIGURATIONS
A1: Packaging Set Code | B1: Final Configuration ID | C1: Source Configuration ID | D1: Family | E1: Packaging Description | F1: Variant Basis TR | G1: Variant Basis EN | H1: Packaging Tare kg | I1: Product Count | J1: BOM Line Count | K1: Technical File | L1: DoC | M1: Label | N1: Statement
A2: CNT-20-EUR-01 | B2: IA-CNT-20-EUR-01 | C2: IA-CNT-20-EUR | D2: CONTAINER | E2: Container loading | OSB (5501806): 11 adet | Separatör (4000130): 10 adet | F2: Container loading | OSB (5501806): 11 adet | Separatör (4000130): 10 adet | G2: Container loading | OSB (5501806): 11 pcs | Separator (4000130): 10 pcs | H2: 83.06 | I2: 0 | J2: 8 | K2: IA-PPWR-TF-CNT-20-EUR-01-R00 | L2: IA-PPWR-DOC-CNT-20-EUR-01-R00 | M2: IA-PPWR-LBL-CNT-20-EUR-01-R00 | N2: IA-PPWR-STM-CNT-20-EUR-01-R00
A3: CNT-20-STD-01 | B3: IA-CNT-20-STD-01 | C3: IA-CNT-20-STD | D3: CONTAINER | E3: Container loading | OSB (5501805): 10 adet | Separatör (4000130): 10 adet | F3: Container loading | OSB (5501805): 10 adet | Separatör (4000130): 10 adet | G3: Container loading | OSB (5501805): 10 pcs | Separator (4000130): 10 pcs | H3: 78.06 | I3: 0 | J3: 8 | K3: IA-PPWR-TF-CNT-20-STD-01-R00 | L3: IA-PPWR-DOC-CNT-20-STD-01-R00 | M3: IA-PPWR-LBL-CNT-20-STD-01-R00 | N3: IA-PPWR-STM-CNT-20-STD-01-R00
A4: CNT-40-IND-01 | B4: IA-CNT-40-IND-01 | C4: IA-CNT-40-IND | D4: CONTAINER | E4: Container loading | Hava yastığı (5500759): 26 adet | Bağlama halatı (5500762): 12 m | F4: Container loading | Hava yastığı (5500759): 26 adet | Bağlama halatı (5500762): 12 m | G4: Container loading | Air dunnage (5500759): 26 pcs | Lashing rope (5500762): 12 m | H4: 12.76 | I4: 0 | J4: 5 | K4: IA-PPWR-TF-CNT-40-IND-01-R00 | L4: IA-PPWR-DOC-CNT-40-IND-01-R00 | M4: IA-PPWR-LBL-CNT-40-IND-01-R00 | N4: IA-PPWR-STM-CNT-40-IND-01-R00
A5: CNT-DE-HAM-01 | B5: IA-CNT-DE-HAM-01 | C5: IA-CNT-DE-HAMBURG | D5: CONTAINER | E5: Container loading | Sabitleme Tahtası ( 206×9×9 ) (Hamburg): 2 adet | F5: Container loading | Sabitleme Tahtası ( 206×9×9 ) (Hamburg): 2 adet | G5: Container loading | Sabitleme Tahtası ( 206×9×9 ) (Hamburg): 2 pcs | H5: 194 | I5: 0 | J5: 3 | K5: IA-PPWR-TF-CNT-DE-HAM-01-R00 | L5: IA-PPWR-DOC-CNT-DE-HAM-01-R00 | M5: IA-PPWR-LBL-CNT-DE-HAM-01-R00 | N5: IA-PPWR-STM-CNT-DE-HAM-01-R00
A6: IND-24V-01 | B6: IA-IND-24V-01 | C6: IA-IND-24V | D6: INDUSTRIAL | E6: 24V | Palet (4001005): 1 adet | F6: 24V | Palet (4001005): 1 adet | G6: 24V | Pallet (4001005): 1 pc | H6: 27.388 | I6: 0 | J6: 6 | K6: IA-PPWR-TF-IND-24V-01-R00 | L6: IA-PPWR-DOC-IND-24V-01-R00 | M6: IA-PPWR-LBL-IND-24V-01-R00 | N6: IA-PPWR-STM-IND-24V-01-R00
A7: IND-48V-01 | B7: IA-IND-48V-01 | C7: IA-IND-48V | D7: INDUSTRIAL | E7: 48V | Palet (4001005): 1 adet | F7: 48V | Palet (4001005): 1 adet | G7: 48V | Pallet (4001005): 1 pc | H7: 27.5767 | I7: 0 | J7: 6 | K7: IA-PPWR-TF-IND-48V-01-R00 | L7: IA-PPWR-DOC-IND-48V-01-R00 | M7: IA-PPWR-LBL-IND-48V-01-R00 | N7: IA-PPWR-STM-IND-48V-01-R00
A8: IND-80V-01 | B8: IA-IND-80V-01 | C8: IA-IND-80V | D8: INDUSTRIAL | E8: 80V | Palet (4000973): 1 adet | F8: 80V | Palet (4000973): 1 adet | G8: 80V | Pallet (4000973): 1 pc | H8: 32.63147 | I8: 0 | J8: 6 | K8: IA-PPWR-TF-IND-80V-01-R00 | L8: IA-PPWR-DOC-IND-80V-01-R00 | M8: IA-PPWR-LBL-IND-80V-01-R00 | N8: IA-PPWR-STM-IND-80V-01-R00
A9: ST-012-EUR-01 | B9: IA-ST-012-EUR-01 | C9: IA-ST-CFG-0004 | D9: STARTER | E9: C | Palet (4000038): 1 adet | Köşebent (4000590): 4 adet | F9: C | Palet (4000038): 1 adet | Köşebent (4000590): 4 adet | G9: C | Pallet (4000038): 1 pc | Edge protector (4000590): 4 pcs | H9: 29.326 | I9: 1 | J9: 7 | K9: IA-PPWR-TF-ST-012-EUR-01-R00 | L9: IA-PPWR-DOC-ST-012-EUR-01-R00 | M9: IA-PPWR-LBL-ST-012-EUR-01-R00 | N9: IA-PPWR-STM-ST-012-EUR-01-R00
A10: ST-012-EUR-02 | B10: IA-ST-012-EUR-02 | C10: IA-ST-CFG-0005 | D10: STARTER | E10: L6 | Palet (4000038): 1 adet | Köşebent (4000590): 4 adet | F10: L6 | Palet (4000038): 1 adet | Köşebent (4000590): 4 adet | G10: L6 | Pallet (4000038): 1 pc | Edge protector (4000590): 4 pcs | H10: 27.526 | I10: 1 | J10: 6 | K10: IA-PPWR-TF-ST-012-EUR-02-R00 | L10: IA-PPWR-DOC-ST-012-EUR-02-R00 | M10: IA-PPWR-LBL-ST-012-EUR-02-R00 | N10: IA-PPWR-STM-ST-012-EUR-02-R00
A11: ST-012-EUR-03 | B11: IA-ST-012-EUR-03 | C11: IA-ST-CFG-0006 | D11: STARTER | E11: C | Palet (4000038): 1 adet | Köşebent (4000590): 2 adet | F11: C | Palet (4000038): 1 adet | Köşebent (4000590): 2 adet | G11: C | Pallet (4000038): 1 pc | Edge protector (4000590): 2 pcs | H11: 29.0392 | I11: 2 | J11: 7 | K11: IA-PPWR-TF-ST-012-EUR-03-R00 | L11: IA-PPWR-DOC-ST-012-EUR-03-R00 | M11: IA-PPWR-LBL-ST-012-EUR-03-R00 | N11: IA-PPWR-STM-ST-012-EUR-03-R00
A12: ST-018-EUR-01 | B12: IA-ST-018-EUR-01 | C12: IA-ST-CFG-0012 | D12: STARTER | E12: C | Palet (4000038): 1 adet | Köşebent (4001160): 4 adet | F12: C | Palet (4000038): 1 adet | Köşebent (4001160): 4 adet | G12: C | Pallet (4000038): 1 pc | Edge protector (4001160): 4 pcs | H12: 32.434 | I12: 1 | J12: 9 | K12: IA-PPWR-TF-ST-018-EUR-01-R00 | L12: IA-PPWR-DOC-ST-018-EUR-01-R00 | M12: IA-PPWR-LBL-ST-018-EUR-01-R00 | N12: IA-PPWR-STM-ST-018-EUR-01-R00
A13: ST-018-EUR-02 | B13: IA-ST-018-EUR-02 | C13: IA-ST-CFG-0013 | D13: STARTER | E13: C | Palet (4000038): 1 adet | Köşebent (4000590): 4 adet | F13: C | Palet (4000038): 1 adet | Köşebent (4000590): 4 adet | G13: C | Pallet (4000038): 1 pc | Edge protector (4000590): 4 pcs | H13: 30.194 | I13: 4 | J13: 7 | K13: IA-PPWR-TF-ST-018-EUR-02-R00 | L13: IA-PPWR-DOC-ST-018-EUR-02-R00 | M13: IA-PPWR-LBL-ST-018-EUR-02-R00 | N13: IA-PPWR-STM-ST-018-EUR-02-R00
... A248: ST-120-STD-03 | B248: IA-ST-120-STD-03 | C248: IA-ST-CFG-0286 | D248: STARTER | E248: NS40 | Palet (4000037): 1 adet | Shrink film (4001177): 0.597 kg | F248: NS40 | Palet (4000037): 1 adet | Shrink film (4001177): 0.597 kg | G248: NS40 | Pallet (4000037): 1 pc | Shrink film (4001177): 0.597 kg | H248: 28.649 | I248: 4 | J248: 7 | K248: IA-PPWR-TF-ST-120-STD-03-R00 | L248: IA-PPWR-DOC-ST-120-STD-03-R00 | M248: IA-PPWR-LBL-ST-120-STD-03-R00 | N248: IA-PPWR-STM-ST-120-STD-03-R00

Sheet PRODUCT_MASTER
A1: Product Code | B1: Technical Description | C1: Category | D1: Mapped Packaging Set Code | E1: Configuration ID | F1: Source Configuration ID | G1: Packaging Tare | H1: Document Pack Status
A2: 1000069 | B2: AKÜ,C-FLAT,DK,200AH,İNCİ SUPRA SENTOR | C2: 1 | D2: ST-021-STD-03 | E2: IA-ST-021-STD-03 | F2: IA-ST-CFG-0023 | G2: 31.8252 | H2: 988-pack GENERATED
A3: 1000441 | B3: AKÜ,A-FLAT,DK,120AH,EAS PRIDE,İÇ PYS | C3: 1 | D3: ST-030-STD-08 | E3: IA-ST-030-STD-08 | F3: IA-ST-CFG-0054 | G3: 31.4124 | H3: 988-pack GENERATED
A4: 1000442 | B4: AKÜ,A-FLAT,DK,135AH,EAS PRIDE,İÇ PYS | C4: 1 | D4: ST-030-STD-08 | E4: IA-ST-030-STD-08 | F4: IA-ST-CFG-0054 | G4: 31.4124 | H4: 988-pack GENERATED
A5: 1000445 | B5: AKÜ,B-FLAT,DK,180AH,EAS PRIDE,İÇ PYS | C5: 1 | D5: ST-030-STD-09 | E5: IA-ST-030-STD-09 | F5: IA-ST-CFG-0055 | G5: 32.1024 | H5: 988-pack GENERATED
A6: 1000448 | B6: AKÜ,C-FLAT,DK,200AH,EAS PRIDE,İÇ PYS | C6: 1 | D6: ST-021-STD-04 | E6: IA-ST-021-STD-04 | F6: IA-ST-CFG-0024 | G6: 31.5384 | H6: 988-pack GENERATED
A7: 1000890 | B7: AKÜ,A-FLAT,DK,120AH,İNCİ SUPRA SENTOR | C7: 1 | D7: ST-030-STD-05 | E7: IA-ST-030-STD-05 | F7: IA-ST-CFG-0051 | G7: 31.6992 | H7: 988-pack GENERATED
A8: 1001102 | B8: AKÜ,C-FLAT,DK,225AH,EAS PRIDE,İÇ PYS | C8: 1 | D8: ST-021-STD-04 | E8: IA-ST-021-STD-04 | F8: IA-ST-CFG-0024 | G8: 31.5384 | H8: 988-pack GENERATED
A9: 1002103 | B9: AKÜ,TRAKTÖRL,DK,115AH,EAS PRIDE,İÇ PYS | C9: 1 | D9: ST-045-STD-09 | E9: IA-ST-045-STD-09 | F9: IA-ST-CFG-0097 | G9: 33.063 | H9: 988-pack GENERATED
A10: 1002104 | B10: AKÜ,TRAKTÖR,DK,125AH,EAS PRIDE,İÇ PYS | C10: 1 | D10: ST-045-STD-09 | E10: IA-ST-045-STD-09 | F10: IA-ST-CFG-0097 | G10: 33.063 | H10: 988-pack GENERATED
A11: 1002216 | B11: AKÜ,B-FLAT,DK,180AH,İNCİ SUPRA,EEC MISIR | C11: 1 | D11: ST-030-STD-06 | E11: IA-ST-030-STD-06 | F11: IA-ST-CFG-0052 | G11: 32.3892 | H11: 988-pack GENERATED
A12: 1002422 | B12: AKÜ,B-FLAT,DK,170AH,HUGEL ACTION | C12: 1 | D12: ST-030-STD-06 | E12: IA-ST-030-STD-06 | F12: IA-ST-CFG-0052 | G12: 32.3892 | H12: 988-pack GENERATED
A13: 1002873 | B13: AKÜ,A-FLAT,DK,135AH,HUGEL ACTION | C13: 1 | D13: ST-030-STD-05 | E13: IA-ST-030-STD-05 | F13: IA-ST-CFG-0051 | G13: 31.6992 | H13: 988-pack GENERATED
... A34: 1004497 | B34: AKÜ,A-FLAT,DK,135AH,BLIZZARO TRENDLINE | C34: 1 | D34: ST-030-STD-05 | E34: IA-ST-030-STD-05 | F34: IA-ST-CFG-0051 | G34: 31.6992 | H34: 988-pack GENERATED
A35: 1004590 | B35: AKÜ,TRACTOR,DK,125AH,B00,SUPRA,AIOS OEM | C35: 1 | H35: NO MAPPING
A36: 1004591 | B36: AKÜ,TRACTORL,DK,105AH,B01,SUPRA,AIOS OEM | C36: 1 | H36: NO MAPPING
A37: 1004599 | B37: AKÜ,TRACTORL,DK,115AH,B00,İNCİSUPR,TEMSA | C37: 1 | H37: NO MAPPING
A38: 1004600 | B38: AKÜ,TRACTORL,DK,105AH,İNCİSUPRA,TEMSAOEM | C38: 1 | H38: NO MAPPING
A39: 1005175 | B39: AKÜ,B-FLAT,DK,180AH,İNCİ SUPRA SENT,EURO | C39: 1 | D39: ST-021-EUR-03 | E39: IA-ST-021-EUR-03 | F39: IA-ST-CFG-0029 | G39: 30.7682 | H39: 988-pack GENERATED
A40: 1005176 | B40: AKÜ,C-FLAT,DK,225AH,İNCİ SUPRA SENT,EURO | C40: 1 | D40: ST-018-EUR-03 | E40: IA-ST-018-EUR-03 | F40: IA-ST-CFG-0014 | G40: 30.9872 | H40: 988-pack GENERATED
A41: 1005491 | B41: AKÜ,TRACTORL,DK,105AH,CARGO,MAKO,OES | C41: 1 | H41: NO MAPPING
A42: 1005780 | B42: AKÜ,C-IGYA,DK,225AH,İNCİ SUPRA,TEMSA OEM | C42: 1 | H42: NO MAPPING
A43: 1005826 | B43: AKÜ,C-IGYA,DK,210AH,İNCİ SUPRASENTOR,BMC | C43: 1 | H43: NO MAPPING
A44: 1005827 | B44: AKÜ,C-IGYA,DK,225AH,İNCİ SUPRA,BMC,HORT | C44: 1 | H44: NO MAPPING
A45: 1005828 | B45: AKÜ,B-FLAT,DK,180AH,İNCİ SUPRASENTOR,BMC | C45: 1 | H45: NO MAPPING
A46: 1005829 | B46: AKÜ,B-IGYA,DK,180AH,SUPRA,BMCOTOBÜS,HORT | C46: 1 | H46: NO MAPPING
A47: 1005833 | B47: AKÜ,TRACTORL,DK,115AH,B01,SUPRA,ERKUNT | C47: 1 | H47: NO MAPPING
A48: 1005922 | B48: AKÜ,TRACTORL,DK,105AH,B01,SUPRA,ERKUNT | C48: 1 | H48: NO MAPPING
A49: 1006036 | B49: AKÜ,A-FLAT,DK,135AH,CARGO,MAKO,OES | C49: 1 | H49: NO MAPPING
A50: 1006037 | B50: AKÜ,B-FLAT,DK,150AH,CARGO,MAKO,OES | C50: 1 | H50: NO MAPPING
A51: 1006039 | B51: AKÜ,B-FLAT,DK,180AH,CARGO,MAKO,OES | C51: 1 | H51: NO MAPPING
A52: 1006040 | B52: AKÜ,C-FLAT,DK,200AH,CARGO,MAKO,OES | C52: 1 | D52: ST-018-EUR-05 | E52: IA-ST-018-EUR-05 | F52: IA-ST-CFG-0016 | G52: 30.7004 | H52: 988-pack GENERATED
A53: 1006041 | B53: AKÜ,C-FLAT,DK,225AH,CARGO,MAKO,OES | C53: 1 | D53: ST-018-EUR-05 | E53: IA-ST-018-EUR-05 | F53: IA-ST-CFG-0016 | G53: 30.7004 | H53: 988-pack GENERATED
A54: 1006054 | B54: AKÜ,C-IGYA,DK,240AH,İNCİ SUPRASENTOR,BMC | C54: 1 | H54: NO MAPPING
A55: 1006077 | B55: AKÜ,A-IGYASMF,DK,120AH,İNCİFORMULATAURUS | C55: 1 | D55: ST-030-STD-05 | E55: IA-ST-030-STD-05 | F55: IA-ST-CFG-0051 | G55: 31.6992 | H55: 988-pack GENERATED
A56: 1006081 | B56: AKÜ,A-IGYASMF,DK,135AH,İNCİFORMULATAURUS | C56: 1 | D56: ST-030-STD-05 | E56: IA-ST-030-STD-05 | F56: IA-ST-CFG-0051 | G56: 31.6992 | H56: 988-pack GENERATED
A57: 1006083 | B57: AKÜ,A-IGYASMF,DK,140AH,İNCİFORMULATAURUS | C57: 1 | D57: ST-030-STD-05 | E57: IA-ST-030-STD-05 | F57: IA-ST-CFG-0051 | G57: 31.6992 | H57: 988-pack GENERATED
A58: 1006152 | B58: AKÜ,B-IGYASMF,DK150AH,FORMULA,EEC MISIR | C58: 1 | D58: ST-030-STD-06 | E58: IA-ST-030-STD-06 | F58: IA-ST-CFG-0052 | G58: 32.3892 | H58: 988-pack GENERATED
A59: 1006165 | B59: AKÜ,B-IGYASMF,DK,150AH,HUGEL ULTRA | C59: 1 | D59: ST-030-STD-06 | E59: IA-ST-030-STD-06 | F59: IA-ST-CFG-0052 | G59: 32.3892 | H59: 988-pack GENERATED
A60: 1006428 | B60: AKÜ,B-FLAT,DK,165AH,BLIZARO TREND,JANENE | C60: 1 | D60: ST-030-STD-06 | E60: IA-ST-030-STD-06 | F60: IA-ST-CFG-0052 | G60: 32.3892 | H60: 988-pack GENERATED
A61: 1006519 | B61: AKÜ,C-IGYASMF,DK,200AH,İNCİFORMULATAURUS | C61: 1 | D61: ST-021-STD-03 | E61: IA-ST-021-STD-03 | F61: IA-ST-CFG-0023 | G61: 31.8252 | H61: 988-pack GENERATED
A62: 1006640 | B62: AKÜ,C-IGYASMF,DK,240AH,EAS ACTIVA | C62: 1 | D62: ST-021-STD-03 | E62: IA-ST-021-STD-03 | F62: IA-ST-CFG-0023 | G62: 31.8252 | H62: 988-pack GENERATED
A63: 1006646 | B63: AKÜ,A-IGYASMF,DK,120AH,HUGEL ULTRA | C63: 1 | D63: ST-030-STD-05 | E63: IA-ST-030-STD-05 | F63: IA-ST-CFG-0051 | G63: 31.6992 | H63: 988-pack GENERATED
A64: 1006652 | B64: AKÜ,LB2,DK,65AH,IGYA SMF,STARTCRAFT | C64: 1 | D64: ST-076-EUR-04 | E64: IA-ST-076-EUR-04 | F64: IA-ST-CFG-0241 | G64: 27.8392 | H64: 988-pack GENERATED
A65: 1006654 | B65: AKÜ,LB3,DK,75AH,IGYA SMF,STARTCRAFT | C65: 1 | D65: ST-068-EUR-04 | E65: IA-ST-068-EUR-04 | F65: IA-ST-CFG-0201 | G65: 27.8392 | H65: 988-pack GENERATED
A66: 1006658 | B66: AKÜ,LB5,DK,100AH,IGYA SMF,STARTCRAFT | C66: 1 | D66: ST-048-EUR-12 | E66: IA-ST-048-EUR-12 | F66: IA-ST-CFG-0118 | G66: 27.8392 | H66: 988-pack GENERATED
... A81: 1008113 | B81: AKÜ,A-IGYASMF,DK,140AH,İNCİ FORM,EURO | C81: 1 | D81: ST-024-EUR-04 | E81: IA-ST-024-EUR-04 | F81: IA-ST-CFG-0039 | G81: 30.6632 | H81: 988-pack GENERATED
A82: 1008180 | B82: AKÜ,B-IGYA,TK,180AH,İNCİ SUPRA,TEMSA OEM | C82: 1 | H82: NO MAPPING
A83: 1008246 | B83: AKÜ,L6,DK,KAMINA,110AH 950A,FIAT,OES | C83: 1 | H83: NO MAPPING
A84: 1008310 | B84: AKÜ,C-IGYA,TK,225AH,İNCİ SUPRA,TEMSA OEM | C84: 1 | H84: NO MAPPING
A85: 1008311 | B85: AKÜ,LB4,DK,85AH,IGYA SMF,STARTCRAFT | C85: 1 | D85: ST-056-EUR-04 | E85: IA-ST-056-EUR-04 | F85: IA-ST-CFG-0153 | G85: 27.8392 | H85: 988-pack GENERATED
A86: 1008364 | B86: AKÜ,B-FLAT,DK,180AH,İNCİ SUPRA,TEMSA OEM | C86: 1 | H86: NO MAPPING
A87: 1008365 | B87: AKÜ,C-FLAT,DK,225AH,İNCİ SUPRA,TEMSA OEM | C87: 1 | H87: NO MAPPING
A88: 1008522 | B88: AKÜ AGM,L3,DK,70AH,EAS AGM,EURO | C88: 1 | D88: ST-068-EUR-03 | E88: IA-ST-068-EUR-03 | F88: IA-ST-CFG-0200 | G88: 30.0842 | H88: 988-pack GENERATED
A89: 1008524 | B89: AKÜ AGM,L5,DK,92AH,BLIZZARO AGM S&S,EURO | C89: 1 | D89: ST-048-EUR-10 | E89: IA-ST-048-EUR-10 | F89: IA-ST-CFG-0116 | G89: 29.7592 | H89: 988-pack GENERATED
A90: 1008527 | B90: AKÜ,C-FLAT,DK,225AH,EAS PRIDE | C90: 1 | D90: ST-021-STD-03 | E90: IA-ST-021-STD-03 | F90: IA-ST-CFG-0023 | G90: 31.8252 | H90: 988-pack GENERATED
A91: 1008599 | B91: AKÜ,C-IGYSMF,DK240AH,İNCİFORMTAURS,TEMSA | C91: 1 | H91: NO MAPPING
A92: 1008731 | B92: AKÜ,TRAKTÖRL,DK,115AH,EAS PRIDE,İÇ PYS | C92: 1 | D92: ST-045-STD-09 | E92: IA-ST-045-STD-09 | F92: IA-ST-CFG-0097 | G92: 33.063 | H92: 988-pack GENERATED
A93: 1008794 | B93: AKÜ,B-FLAT,DK,190AH,HUGEL ACTION,METRA | C93: 1 | D93: ST-030-STD-06 | E93: IA-ST-030-STD-06 | F93: IA-ST-CFG-0052 | G93: 32.3892 | H93: 988-pack GENERATED
A94: 1008836 | B94: AKÜ,C-IGYASMF,DK,225AH,HUGELULTRA,NASA | C94: 1 | D94: ST-021-STD-03 | E94: IA-ST-021-STD-03 | F94: IA-ST-CFG-0023 | G94: 31.8252 | H94: 988-pack GENERATED
A95: 1008839 | B95: AKÜ,A-IGYASMF,DK,140AH,HUGEL ULTRA,NASA | C95: 1 | D95: ST-030-STD-05 | E95: IA-ST-030-STD-05 | F95: IA-ST-CFG-0051 | G95: 31.6992 | H95: 988-pack GENERATED
A96: 1008854 | B96: AKÜ SULU,L6,DK,105AH,KAMINA,PSA,EF,OES | C96: 1 | D96: ST-012-EUR-02 | E96: IA-ST-012-EUR-02 | F96: IA-ST-CFG-0005 | G96: 27.526 | H96: 988-pack GENERATED
A97: 1008926 | B97: AKÜ,TRACTORL,DK,105AH,HUGEL ACTION,İÇPYS | C97: 1 | D97: ST-045-STD-09 | E97: IA-ST-045-STD-09 | F97: IA-ST-CFG-0097 | G97: 33.063 | H97: 988-pack GENERATED
A98: 1008964 | B98: AKÜ SULU,TRC,DK,125AH,HUGEL ACTION,NASA | C98: 1 | D98: ST-045-STD-05 | E98: IA-ST-045-STD-05 | F98: IA-ST-CFG-0093 | G98: 33.3498 | H98: 988-pack GENERATED
A99: 1009029 | B99: AKÜ SULU,AGM,L6,DK,105AH,KAMN,BMC | C99: 1 | H99: NO MAPPING
A100: 1009087 | B100: AKÜ,TRACTOR,TK,125AH,B01,SUPRA,ERKUNT | C100: 1 | H100: NO MAPPING
A101: 1009116 | B101: AKÜ,B-IGYASMF,DK,180AH,İNCİFORMULA,EURO | C101: 1 | D101: ST-021-EUR-03 | E101: IA-ST-021-EUR-03 | F101: IA-ST-CFG-0029 | G101: 30.7682 | H101: 988-pack GENERATED
A102: 1009129 | B102: AKÜ,C-IGYASMF,DK,225AH,BİZZAROSILVERLN | C102: 1 | D102: ST-021-STD-03 | E102: IA-ST-021-STD-03 | F102: IA-ST-CFG-0023 | G102: 31.8252 | H102: 988-pack GENERATED
A103: 1009148 | B103: AKÜ,C-IGYASMF,DK,225AH,HUGELULTRA,NACITA | C103: 1 | D103: ST-021-STD-03 | E103: IA-ST-021-STD-03 | F103: IA-ST-CFG-0023 | G103: 31.8252 | H103: 988-pack GENERATED
A104: 1009149 | B104: AKÜ,C-IGYASMF,DK,200AH,HUGELULTRA,NACITA | C104: 1 | D104: ST-021-STD-03 | E104: IA-ST-021-STD-03 | F104: IA-ST-CFG-0023 | G104: 31.8252 | H104: 988-pack GENERATED
A105: 1009163 | B105: AKÜ,C-IGYASMF,DK,200AH,BLIZSILVRL,MISIR | C105: 1 | D105: ST-021-STD-03 | E105: IA-ST-021-STD-03 | F105: IA-ST-CFG-0023 | G105: 31.8252 | H105: 988-pack GENERATED
A106: 1009175 | B106: AKÜ,B-IGYASMF,DK,150AH,HUGELULTRA,NACITA | C106: 1 | D106: ST-030-STD-06 | E106: IA-ST-030-STD-06 | F106: IA-ST-CFG-0052 | G106: 32.3892 | H106: 988-pack GENERATED
A107: 1009176 | B107: AKÜ,B-IGYASMF,DK,150AH,BLIZSILVRL,MISIR | C107: 1 | D107: ST-030-STD-06 | E107: IA-ST-030-STD-06 | F107: IA-ST-CFG-0052 | G107: 32.3892 | H107: 988-pack GENERATED
A108: 1009270 | B108: AKÜ,B-FLAT,DK,150AH,YUASA-CV,İÇ PYS | C108: 1 | D108: ST-030-STD-09 | E108: IA-ST-030-STD-09 | F108: IA-ST-CFG-0055 | G108: 32.1024 | H108: 988-pack GENERATED
A109: 1009271 | B109: AKÜ,B-FLAT,DK,180AH,YUASA-CV,İÇ PYS | C109: 1 | D109: ST-030-STD-09 | E109: IA-ST-030-STD-09 | F109: IA-ST-CFG-0055 | G109: 32.1024 | H109: 988-pack GENERATED
A110: 1009273 | B110: AKÜ,C-FLAT,DK,225AH,YUASA-CV,İÇ PYS | C110: 1 | D110: ST-021-STD-04 | E110: IA-ST-021-STD-04 | F110: IA-ST-CFG-0024 | G110: 31.5384 | H110: 988-pack GENERATED
A111: 1009285 | B111: AKÜ AGM,L5AGM,DK,92AH,HUGEL AGM S&S,NASA | C111: 1 | D111: ST-045-STD-08 | E111: IA-ST-045-STD-08 | F111: IA-ST-CFG-0096 | G111: 29.7192 | H111: 988-pack GENERATED
A112: 1009287 | B112: AKÜ,B-IGYASMF,DK,150AH,EAS ACTIVA,ATWAN | C112: 1 | D112: ST-030-STD-06 | E112: IA-ST-030-STD-06 | F112: IA-ST-CFG-0052 | G112: 32.3892 | H112: 988-pack GENERATED
... A117: 1009849 | B117: AKÜ,LB1,DK,50AH,IGYA SMF,STARTCRAFT | C117: 1 | D117: ST-096-EUR-05 | E117: IA-ST-096-EUR-05 | F117: IA-ST-CFG-0268 | G117: 28.0592 | H117: 988-pack GENERATED
A118: 1009868 | B118: AKÜ,B-FLAT,DK,180AH,FORD YP | C118: 1 | H118: NO MAPPING
A119: 1009869 | B119: AKÜ,C-FLAT,DK,225AH,FORD YP | C119: 1 | H119: NO MAPPING
A120: 1009874 | B120: AKÜ,L3,DK,80AH,IGYA SMF,BOOSTER PREMIUM | C120: 1 | D120: ST-068-EUR-03 | E120: IA-ST-068-EUR-03 | F120: IA-ST-CFG-0200 | G120: 30.0842 | H120: 988-pack GENERATED
A121: 1009878 | B121: AKÜ,C-FLAT,DK,225AH,İNCİ SUPRASENTOR,BMC | C121: 1 | H121: NO MAPPING
A122: 1009888 | B122: AKÜ AGM,L6,DK,105AH,İNCİ AGM LEO,CELLMAX | C122: 1 | D122: ST-042-STD-05 | E122: IA-ST-042-STD-05 | F122: IA-ST-CFG-0080 | G122: 29.5992 | H122: 988-pack GENERATED
A123: 1009892 | B123: AKÜ,TRACTORL,DK,115AH,OTOPRATİK,İÇ PYS | C123: 1 | D123: ST-045-STD-09 | E123: IA-ST-045-STD-09 | F123: IA-ST-CFG-0097 | G123: 33.063 | H123: 988-pack GENERATED
A124: 1009898 | B124: AKÜ,TRACTOR,DK,125AH,ISUZU OES | C124: 1 | D124: ST-045-STD-05 | E124: IA-ST-045-STD-05 | F124: IA-ST-CFG-0093 | G124: 33.3498 | H124: 988-pack GENERATED
A125: 1009899 | B125: AKÜ,TRACTORL,DK,105AH,ISUZU OES | C125: 1 | D125: ST-045-STD-05 | E125: IA-ST-045-STD-05 | F125: IA-ST-CFG-0093 | G125: 33.3498 | H125: 988-pack GENERATED
A126: 1009931 | B126: AKÜ,D23,DK,70AH,IGYA SMF,BOOSTER PREMIUM | C126: 1 | D126: ST-060-EUR-02 | E126: IA-ST-060-EUR-02 | F126: IA-ST-CFG-0171 | G126: 32.9834 | H126: 988-pack GENERATED
A127: 1009937 | B127: AKÜ AGM,L5,DK,92AH,VRLA,BOOSTER PREMIUM | C127: 1 | D127: ST-048-EUR-10 | E127: IA-ST-048-EUR-10 | F127: IA-ST-CFG-0116 | G127: 29.7592 | H127: 988-pack GENERATED
A128: 1009938 | B128: AKÜ,D31,TK,100AH,IGYASMF,BOOSTER PREMIUM | C128: 1 | D128: ST-048-EUR-09 | E128: IA-ST-048-EUR-09 | F128: IA-ST-CFG-0115 | G128: 32.8524 | H128: 988-pack GENERATED
A129: 1009939 | B129: AKÜ,D31,DK,100AH,IGYASMF,BOOSTER PREMIUM | C129: 1 | D129: ST-048-EUR-09 | E129: IA-ST-048-EUR-09 | F129: IA-ST-CFG-0115 | G129: 32.8524 | H129: 988-pack GENERATED
A130: 1009950 | B130: AKÜ,L4,DK,85AH,IGYA SMF,BOOSTER PREMIUM | C130: 1 | D130: ST-056-EUR-03 | E130: IA-ST-056-EUR-03 | F130: IA-ST-CFG-0152 | G130: 29.7432 | H130: 988-pack GENERATED
A131: 1009973 | B131: AKÜ,NS60,DK,45AH,IGYA SMF,NS60L MF,LUCAS | C131: 1 | D131: ST-096-STD-03 | E131: IA-ST-096-STD-03 | F131: IA-ST-CFG-0272 | G131: 35.3172 | H131: 988-pack GENERATED
A132: 1009975 | B132: AKÜ,D31,DK,70AH,IGYA SMF,N70ZL,LUCAS | C132: 1 | D132: ST-054-STD-07 | E132: IA-ST-054-STD-07 | F132: IA-ST-CFG-0143 | G132: 33.7838 | H132: 988-pack GENERATED
A133: 1009976 | B133: AKÜ,NS40,DK,35AH,IGYA SMFNS40ZL MF,LUCAS | C133: 1 | D133: ST-120-STD-01 | E133: IA-ST-120-STD-01 | F133: IA-ST-CFG-0284 | G133: 35.3676 | H133: 988-pack GENERATED
... A185: 1010399 | B185: AKÜ,B-IGYASMF,DK,170AH,SILVER,SCHNAPP | C185: 1 | D185: ST-030-STD-11 | E185: IA-ST-030-STD-11 | F185: IA-ST-CFG-0057 | G185: 31.157 | H185: 988-pack GENERATED
A186: 1010423 | B186: AKÜ,B-IGYSMF,DK150AH,İNCİFORMTAURS,BMC-2 | C186: 1 | H186: NO MAPPING
A187: 1010437 | B187: AKÜ,C-FLAT,DK,240AH,İNCİ SUPRA,SHAWKAT | C187: 1 | D187: ST-021-STD-03 | E187: IA-ST-021-STD-03 | F187: IA-ST-CFG-0023 | G187: 31.8252 | H187: 988-pack GENERATED
A188: 1010438 | B188: AKÜ,C-FLAT,DK,225AH,İNCİ SUPRA SENTOR | C188: 1 | D188: ST-021-STD-03 | E188: IA-ST-021-STD-03 | F188: IA-ST-CFG-0023 | G188: 31.8252 | H188: 988-pack GENERATED
A189: 1010440 | B189: AKÜ,C-IGYASMF,DK,240AH,İNCİFORMULATAURUS | C189: 1 | D189: ST-021-STD-03 | E189: IA-ST-021-STD-03 | F189: IA-ST-CFG-0023 | G189: 31.8252 | H189: 988-pack GENERATED
...

Sheet COMPONENT_MASTER
A1: ERP Component Code | B1: Description | C1: Component Type | D1: Material Family | E1: UOM | F1: Controlled Unit Weight (g) | G1: Supplier | H1: Evidence Status | I1: Configs Using Component
A2: 3503036 | B2: END OTO DOLUM SAF SU BIDONU 25L | C2: 14 | E2: ADT | F2: 1140 | H2: See evidence archive | I2: 1
A3: 3506099 | B3: END OTO DOLUM SAF SU BIDONU 20L | C3: 14 | E3: ADT | F3: 1140 | H3: See evidence archive | I3: 2
A4: 4000033 | B4: KARTON KÖŞEBENT,4cm*4cm*4*100cm,SEVPLT | C4: 14 | E4: ADT | F4: 210 | H4: See evidence archive | I4: 78
A5: 4000035 | B5: STRECH,23MC,50CM*300M | C5: 14 | E5: ADT | F5: 14.85 | H5: See evidence archive | I5: 3
A6: 4000037 | B6: PALET STANDART,1030*1110*152 | C6: 14 | E6: ADT | F6: 26000 | H6: See evidence archive | I6: 150
A7: 4000038 | B7: PALET EURO,800*1200*152 | C7: 14 | E7: ADT | F7: 26000 | H7: See evidence archive | I7: 88
A8: 4000130 | B8: KARTON SEPERATÖR,102*105,B DALGA | C8: 14 | E8: ADT | F8: 270 | H8: See evidence archive | I8: 154
A9: 4000300 | B9: STRECH,23MC,50CM*1500M,MAKİNA STRECH | C9: 14 | E9: ADT | F9: 18.32 | H9: See evidence archive | I9: 240
A10: 4000301 | B10: STRECH PED,80MC,140CM*170CM | C10: 14 | E10: ADT | F10: 1000 | H10: See evidence archive | I10: 221
A11: 4000350 | B11: PALET STANDART 100*90 CM | C11: 14 | E11: ADT | F11: 20000 | H11: See evidence archive | I11: 2
A12: 4000370 | B12: STRAFOR,1050*1000*40,TABAKA,STANDART | C12: 14 | E12: ADT | F12: 104 | H12: See evidence archive | I12: 10
A13: 4000440 | B13: D26,VAKUM PVC,ÜST KAPAK | C13: 14 | E13: ADT | F13: 64 | H13: See evidence archive | I13: 4
... A113: IND-LABELS | B113: Tüm Etiketler | C113: 14 | E113: ADT | F113: 5 | H113: See evidence archive | I113: 3

Sheet DOCUMENT_CENTER
A1: Packaging Set Code | B1: Configuration ID | C1: Variant Basis TR | D1: Variant Basis EN | E1: Source BOM ID | F1: Family | G1: Packaging Tare kg | H1: Product Count | I1: Technical File ID | J1: Open Technical File | K1: EU DoC ID | L1: Open EU DoC | M1: Label ID | N1: Open Label | O1: Statement ID | P1: Open Statement | Q1: Document Status | R1: Revision
A2: CNT-20-EUR-01 | B2: IA-CNT-20-EUR-01 | C2: Container loading | OSB (5501806): 11 adet | Separatör (4000130): 10 adet | D2: Container loading | OSB (5501806): 11 pcs | Separator (4000130): 10 pcs | E2: IA-CNT-20-EUR | F2: CONTAINER | G2: 83.06 | H2: 0 | I2: IA-PPWR-TF-CNT-20-EUR-01-R00 | J2: =HYPERLINK("03_CONTAINER/CNT-20-EUR-01/01_Technical_File.docx","Open") | K2: IA-PPWR-DOC-CNT-20-EUR-01-R00 | L2: =HYPERLINK("03_CONTAINER/CNT-20-EUR-01/02_EU_DoC.docx","Open") | M2: IA-PPWR-LBL-CNT-20-EUR-01-R00 | N2: =HYPERLINK("03_CONTAINER/CNT-20-EUR-01/03_Label.docx","Open") | O2: IA-PPWR-STM-CNT-20-EUR-01-R00 | P2: =HYPERLINK("03_CONTAINER/CNT-20-EUR-01/04_Shipment_Statement.docx","Open") | Q2: GENERATED / LINKED | R2: Rev.00
A3: CNT-20-STD-01 | B3: IA-CNT-20-STD-01 | C3: Container loading | OSB (5501805): 10 adet | Separatör (4000130): 10 adet | D3: Container loading | OSB (5501805): 10 pcs | Separator (4000130): 10 pcs | E3: IA-CNT-20-STD | F3: CONTAINER | G3: 78.06 | H3: 0 | I3: IA-PPWR-TF-CNT-20-STD-01-R00 | J3: =HYPERLINK("03_CONTAINER/CNT-20-STD-01/01_Technical_File.docx","Open") | K3: IA-PPWR-DOC-CNT-20-STD-01-R00 | L3: =HYPERLINK("03_CONTAINER/CNT-20-STD-01/02_EU_DoC.docx","Open") | M3: IA-PPWR-LBL-CNT-20-STD-01-R00 | N3: =HYPERLINK("03_CONTAINER/CNT-20-STD-01/03_Label.docx","Open") | O3: IA-PPWR-STM-CNT-20-STD-01-R00 | P3: =HYPERLINK("03_CONTAINER/CNT-20-STD-01/04_Shipment_Statement.docx","Open") | Q3: GENERATED / LINKED | R3: Rev.00
A4: CNT-40-IND-01 | B4: IA-CNT-40-IND-01 | C4: Container loading | Hava yastığı (5500759): 26 adet | Bağlama halatı (5500762): 12 m | D4: Container loading | Air dunnage (5500759): 26 pcs | Lashing rope (5500762): 12 m | E4: IA-CNT-40-IND | F4: CONTAINER | G4: 12.76 | H4: 0 | I4: IA-PPWR-TF-CNT-40-IND-01-R00 | J4: =HYPERLINK("03_CONTAINER/CNT-40-IND-01/01_Technical_File.docx","Open") | K4: IA-PPWR-DOC-CNT-40-IND-01-R00 | L4: =HYPERLINK("03_CONTAINER/CNT-40-IND-01/02_EU_DoC.docx","Open") | M4: IA-PPWR-LBL-CNT-40-IND-01-R00 | N4: =HYPERLINK("03_CONTAINER/CNT-40-IND-01/03_Label.docx","Open") | O4: IA-PPWR-STM-CNT-40-IND-01-R00 | P4: =HYPERLINK("03_CONTAINER/CNT-40-IND-01/04_Shipment_Statement.docx","Open") | Q4: GENERATED / LINKED | R4: Rev.00
A5: CNT-DE-HAM-01 | B5: IA-CNT-DE-HAM-01 | C5: Container loading | Sabitleme Tahtası ( 206×9×9 ) (Hamburg): 2 adet | D5: Container loading | Sabitleme Tahtası ( 206×9×9 ) (Hamburg): 2 pcs | E5: IA-CNT-DE-HAMBURG | F5: CONTAINER | G5: 194 | H5: 0 | I5: IA-PPWR-TF-CNT-DE-HAM-01-R00 | J5: =HYPERLINK("03_CONTAINER/CNT-DE-HAM-01/01_Technical_File.docx","Open") | K5: IA-PPWR-DOC-CNT-DE-HAM-01-R00 | L5: =HYPERLINK("03_CONTAINER/CNT-DE-HAM-01/02_EU_DoC.docx","Open") | M5: IA-PPWR-LBL-CNT-DE-HAM-01-R00 | N5: =HYPERLINK("03_CONTAINER/CNT-DE-HAM-01/03_Label.docx","Open") | O5: IA-PPWR-STM-CNT-DE-HAM-01-R00 | P5: =HYPERLINK("03_CONTAINER/CNT-DE-HAM-01/04_Shipment_Statement.docx","Open") | Q5: GENERATED / LINKED | R5: Rev.00
A6: IND-24V-01 | B6: IA-IND-24V-01 | C6: 24V | Palet (4001005): 1 adet | D6: 24V | Pallet (4001005): 1 pc | E6: IA-IND-24V | F6: INDUSTRIAL | G6: 27.388 | H6: 0 | I6: IA-PPWR-TF-IND-24V-01-R00 | J6: =HYPERLINK("02_INDUSTRIAL/IND-24V-01/01_Technical_File.docx","Open") | K6: IA-PPWR-DOC-IND-24V-01-R00 | L6: =HYPERLINK("02_INDUSTRIAL/IND-24V-01/02_EU_DoC.docx","Open") | M6: IA-PPWR-LBL-IND-24V-01-R00 | N6: =HYPERLINK("02_INDUSTRIAL/IND-24V-01/03_Label.docx","Open") | O6: IA-PPWR-STM-IND-24V-01-R00 | P6: =HYPERLINK("02_INDUSTRIAL/IND-24V-01/04_Shipment_Statement.docx","Open") | Q6: GENERATED / LINKED | R6: Rev.00
A7: IND-48V-01 | B7: IA-IND-48V-01 | C7: 48V | Palet (4001005): 1 adet | D7: 48V | Pallet (4001005): 1 pc | E7: IA-IND-48V | F7: INDUSTRIAL | G7: 27.5767 | H7: 0 | I7: IA-PPWR-TF-IND-48V-01-R00 | J7: =HYPERLINK("02_INDUSTRIAL/IND-48V-01/01_Technical_File.docx","Open") | K7: IA-PPWR-DOC-IND-48V-01-R00 | L7: =HYPERLINK("02_INDUSTRIAL/IND-48V-01/02_EU_DoC.docx","Open") | M7: IA-PPWR-LBL-IND-48V-01-R00 | N7: =HYPERLINK("02_INDUSTRIAL/IND-48V-01/03_Label.docx","Open") | O7: IA-PPWR-STM-IND-48V-01-R00 | P7: =HYPERLINK("02_INDUSTRIAL/IND-48V-01/04_Shipment_Statement.docx","Open") | Q7: GENERATED / LINKED | R7: Rev.00
A8: IND-80V-01 | B8: IA-IND-80V-01 | C8: 80V | Palet (4000973): 1 adet | D8: 80V | Pallet (4000973): 1 pc | E8: IA-IND-80V | F8: INDUSTRIAL | G8: 32.63147 | H8: 0 | I8: IA-PPWR-TF-IND-80V-01-R00 | J8: =HYPERLINK("02_INDUSTRIAL/IND-80V-01/01_Technical_File.docx","Open") | K8: IA-PPWR-DOC-IND-80V-01-R00 | L8: =HYPERLINK("02_INDUSTRIAL/IND-80V-01/02_EU_DoC.docx","Open") | M8: IA-PPWR-LBL-IND-80V-01-R00 | N8: =HYPERLINK("02_INDUSTRIAL/IND-80V-01/03_Label.docx","Open") | O8: IA-PPWR-STM-IND-80V-01-R00 | P8: =HYPERLINK("02_INDUSTRIAL/IND-80V-01/04_Shipment_Statement.docx","Open") | Q8: GENERATED / LINKED | R8: Rev.00
A9: ST-012-EUR-01 | B9: IA-ST-012-EUR-01 | C9: C | Palet (4000038): 1 adet | Köşebent (4000590): 4 adet | D9: C | Pallet (4000038): 1 pc | Edge protector (4000590): 4 pcs | E9: IA-ST-CFG-0004 | F9: STARTER | G9: 29.326 | H9: 1 | I9: IA-PPWR-TF-ST-012-EUR-01-R00 | J9: =HYPERLINK("01_STARTER/ST-012-EUR-01/01_Technical_File.docx","Open") | K9: IA-PPWR-DOC-ST-012-EUR-01-R00 | L9: =HYPERLINK("01_STARTER/ST-012-EUR-01/02_EU_DoC.docx","Open") | M9: IA-PPWR-LBL-ST-012-EUR-01-R00 | N9: =HYPERLINK("01_STARTER/ST-012-EUR-01/03_Label.docx","Open") | O9: IA-PPWR-STM-ST-012-EUR-01-R00 | P9: =HYPERLINK("01_STARTER/ST-012-EUR-01/04_Shipment_Statement.docx","Open") | Q9: GENERATED / LINKED | R9: Rev.00
A10: ST-012-EUR-02 | B10: IA-ST-012-EUR-02 | C10: L6 | Palet (4000038): 1 adet | Köşebent (4000590): 4 adet | D10: L6 | Pallet (4000038): 1 pc | Edge protector (4000590): 4 pcs | E10: IA-ST-CFG-0005 | F10: STARTER | G10: 27.526 | H10: 1 | I10: IA-PPWR-TF-ST-012-EUR-02-R00 | J10: =HYPERLINK("01_STARTER/ST-012-EUR-02/01_Technical_File.docx","Open") | K10: IA-PPWR-DOC-ST-012-EUR-02-R00 | L10: =HYPERLINK("01_STARTER/ST-012-EUR-02/02_EU_DoC.docx","Open") | M10: IA-PPWR-LBL-ST-012-EUR-02-R00 | N10: =HYPERLINK("01_STARTER/ST-012-EUR-02/03_Label.docx","Open") | O10: IA-PPWR-STM-ST-012-EUR-02-R00 | P10: =HYPERLINK("01_STARTER/ST-012-EUR-02/04_Shipment_Statement.docx","Open") | Q10: GENERATED / LINKED | R10: Rev.00
A11: ST-012-EUR-03 | B11: IA-ST-012-EUR-03 | C11: C | Palet (4000038): 1 adet | Köşebent (4000590): 2 adet | D11: C | Pallet (4000038): 1 pc | Edge protector (4000590): 2 pcs | E11: IA-ST-CFG-0006 | F11: STARTER | G11: 29.0392 | H11: 2 | I11: IA-PPWR-TF-ST-012-EUR-03-R00 | J11: =HYPERLINK("01_STARTER/ST-012-EUR-03/01_Technical_File.docx","Open") | K11: IA-PPWR-DOC-ST-012-EUR-03-R00 | L11: =HYPERLINK("01_STARTER/ST-012-EUR-03/02_EU_DoC.docx","Open") | M11: IA-PPWR-LBL-ST-012-EUR-03-R00 | N11: =HYPERLINK("01_STARTER/ST-012-EUR-03/03_Label.docx","Open") | O11: IA-PPWR-STM-ST-012-EUR-03-R00 | P11: =HYPERLINK("01_STARTER/ST-012-EUR-03/04_Shipment_Statement.docx","Open") | Q11: GENERATED / LINKED | R11: Rev.00
A12: ST-018-EUR-01 | B12: IA-ST-018-EUR-01 | C12: C | Palet (4000038): 1 adet | Köşebent (4001160): 4 adet | D12: C | Pallet (4000038): 1 pc | Edge protector (4001160): 4 pcs | E12: IA-ST-CFG-0012 | F12: STARTER | G12: 32.434 | H12: 1 | I12: IA-PPWR-TF-ST-018-EUR-01-R00 | J12: =HYPERLINK("01_STARTER/ST-018-EUR-01/01_Technical_File.docx","Open") | K12: IA-PPWR-DOC-ST-018-EUR-01-R00 | L12: =HYPERLINK("01_STARTER/ST-018-EUR-01/02_EU_DoC.docx","Open") | M12: IA-PPWR-LBL-ST-018-EUR-01-R00 | N12: =HYPERLINK("01_STARTER/ST-018-EUR-01/03_Label.docx","Open") | O12: IA-PPWR-STM-ST-018-EUR-01-R00 | P12: =HYPERLINK("01_STARTER/ST-018-EUR-01/04_Shipment_Statement.docx","Open") | Q12: GENERATED / LINKED | R12: Rev.00
A13: ST-018-EUR-02 | B13: IA-ST-018-EUR-02 | C13: C | Palet (4000038): 1 adet | Köşebent (4000590): 4 adet | D13: C | Pallet (4000038): 1 pc | Edge protector (4000590): 4 pcs | E13: IA-ST-CFG-0013 | F13: STARTER | G13: 30.194 | H13: 4 | I13: IA-PPWR-TF-ST-018-EUR-02-R00 | J13: =HYPERLINK("01_STARTER/ST-018-EUR-02/01_Technical_File.docx","Open") | K13: IA-PPWR-DOC-ST-018-EUR-02-R00 | L13: =HYPERLINK("01_STARTER/ST-018-EUR-02/02_EU_DoC.docx","Open") | M13: IA-PPWR-LBL-ST-018-EUR-02-R00 | N13: =HYPERLINK("01_STARTER/ST-018-EUR-02/03_Label.docx","Open") | O13: IA-PPWR-STM-ST-018-EUR-02-R00 | P13: =HYPERLINK("01_STARTER/ST-018-EUR-02/04_Shipment_Statement.docx","Open") | Q13: GENERATED / LINKED | R13: Rev.00
A14: ST-018-EUR-03 | B14: IA-ST-018-EUR-03 | C14: C | Palet (4000038): 1 adet | Shrink film (4000557): 1.08 kg | Köşebent (4000590): 2 adet | D14: C | Pallet (4000038): 1 pc | Shrink film (4000557): 1.08 kg | Edge protector (4000590): 2 pcs | E14: IA-ST-CFG-0014 | F14: STARTER | G14: 30.9872 | H14: 23 | I14: IA-PPWR-TF-ST-018-EUR-03-R00 | J14: =HYPERLINK("01_STARTER/ST-018-EUR-03/01_Technical_File.docx","Open") | K14: IA-PPWR-DOC-ST-018-EUR-03-R00 | L14: =HYPERLINK("01_STARTER/ST-018-EUR-03/02_EU_DoC.docx","Open") | M14: IA-PPWR-LBL-ST-018-EUR-03-R00 | N14: =HYPERLINK("01_STARTER/ST-018-EUR-03/03_Label.docx","Open") | O14: IA-PPWR-STM-ST-018-EUR-03-R00 | P14: =HYPERLINK("01_STARTER/ST-018-EUR-03/04_Shipment_Statement.docx","Open") | Q14: GENERATED / LINKED | R14: Rev.00
A15: ST-018-EUR-04 | B15: IA-ST-018-EUR-04 | C15: C | Palet (4000038): 1 adet | Honeycomb (4001186): 3 adet | D15: C | Pallet (4000038): 1 pc | Honeycomb (4001186): 3 pcs | E15: IA-ST-CFG-0015 | F15: STARTER | G15: 30.0392 | H15: 6 | I15: IA-PPWR-TF-ST-018-EUR-04-R00 | J15: =HYPERLINK("01_STARTER/ST-018-EUR-04/01_Technical_File.docx","Open") | K15: IA-PPWR-DOC-ST-018-EUR-04-R00 | L15: =HYPERLINK("01_STARTER/ST-018-EUR-04/02_EU_DoC.docx","Open") | M15: IA-PPWR-LBL-ST-018-EUR-04-R00 | N15: =HYPERLINK("01_STARTER/ST-018-EUR-04/03_Label.docx","Open") | O15: IA-PPWR-STM-ST-018-EUR-04-R00 | P15: =HYPERLINK("01_STARTER/ST-018-EUR-04/04_Shipment_Statement.docx","Open") | Q15: GENERATED / LINKED | R15: Rev.00
A16: ST-018-EUR-05 | B16: IA-ST-018-EUR-05 | C16: C | Palet (4000038): 1 adet | Çember (4000450): kullanılmaz | D16: C | Pallet (4000038): 1 pc | Strap (4000450): not used | E16: IA-ST-CFG-0016 | F16: STARTER | G16: 30.7004 | H16: 7 | I16: IA-PPWR-TF-ST-018-EUR-05-R00 | J16: =HYPERLINK("01_STARTER/ST-018-EUR-05/01_Technical_File.docx","Open") | K16: IA-PPWR-DOC-ST-018-EUR-05-R00 | L16: =HYPERLINK("01_STARTER/ST-018-EUR-05/02_EU_DoC.docx","Open") | M16: IA-PPWR-LBL-ST-018-EUR-05-R00 | N16: =HYPERLINK("01_STARTER/ST-018-EUR-05/03_Label.docx","Open") | O16: IA-PPWR-STM-ST-018-EUR-05-R00 | P16: =HYPERLINK("01_STARTER/ST-018-EUR-05/04_Shipment_Statement.docx","Open") | Q16: GENERATED / LINKED | R16: Rev.00
A17: ST-021-EUR-01 | B17: IA-ST-021-EUR-01 | C17: B | B TİPİ PVC üst kapak (4000591): 21 adet | D17: B | B TİPİ PVC upper cover (4000591): 21 pcs | E17: IA-ST-CFG-0027 | F17: STARTER | G17: 32.37481 | H17: 1 | I17: IA-PPWR-TF-ST-021-EUR-01-R00 | J17: =HYPERLINK("01_STARTER/ST-021-EUR-01/01_Technical_File.docx","Open") | K17: IA-PPWR-DOC-ST-021-EUR-01-R00 | L17: =HYPERLINK("01_STARTER/ST-021-EUR-01/02_EU_DoC.docx","Open") | M17: IA-PPWR-LBL-ST-021-EUR-01-R00 | N17: =HYPERLINK("01_STARTER/ST-021-EUR-01/03_Label.docx","Open") | O17: IA-PPWR-STM-ST-021-EUR-01-R00 | P17: =HYPERLINK("01_STARTER/ST-021-EUR-01/04_Shipment_Statement.docx","Open") | Q17: GENERATED / LINKED | R17: Rev.00
A18: ST-021-EUR-02 | B18: IA-ST-021-EUR-02 | C18: B | Palet (4000038): 1 adet | Köşebent (4000590): 4 adet | D18: B | Pallet (4000038): 1 pc | Edge protector (4000590): 4 pcs | E18: IA-ST-CFG-0028 | F18: STARTER | G18: 29.9 | H18: 3 | I18: IA-PPWR-TF-ST-021-EUR-02-R00 | J18: =HYPERLINK("01_STARTER/ST-021-EUR-02/01_Technical_File.docx","Open") | K18: IA-PPWR-DOC-ST-021-EUR-02-R00 | L18: =HYPERLINK("01_STARTER/ST-021-EUR-02/02_EU_DoC.docx","Open") | M18: IA-PPWR-LBL-ST-021-EUR-02-R00 | N18: =HYPERLINK("01_STARTER/ST-021-EUR-02/03_Label.docx","Open") | O18: IA-PPWR-STM-ST-021-EUR-02-R00 | P18: =HYPERLINK("01_STARTER/ST-021-EUR-02/04_Shipment_Statement.docx","Open") | Q18: GENERATED / LINKED | R18: Rev.00
A19: ST-021-EUR-03 | B19: IA-ST-021-EUR-03 | C19: B | Palet (4000038): 1 adet | Shrink film (4000557): 1.155 kg | EPS (4001290): 21 adet | D19: B | Pallet (4000038): 1 pc | Shrink film (4000557): 1.155 kg | EPS (4001290): 21 pcs | E19: IA-ST-CFG-0029 | F19: STARTER | G19: 30.7682 | H19: 22 | I19: IA-PPWR-TF-ST-021-EUR-03-R00 | J19: =HYPERLINK("01_STARTER/ST-021-EUR-03/01_Technical_File.docx","Open") | K19: IA-PPWR-DOC-ST-021-EUR-03-R00 | L19: =HYPERLINK("01_STARTER/ST-021-EUR-03/02_EU_DoC.docx","Open") | M19: IA-PPWR-LBL-ST-021-EUR-03-R00 | N19: =HYPERLINK("01_STARTER/ST-021-EUR-03/03_Label.docx","Open") | O19: IA-PPWR-STM-ST-021-EUR-03-R00 | P19: =HYPERLINK("01_STARTER/ST-021-EUR-03/04_Shipment_Statement.docx","Open") | Q19: GENERATED / LINKED | R19: Rev.00
A20: ST-021-EUR-04 | B20: IA-ST-021-EUR-04 | C20: B | Palet (4000038): 1 adet | Honeycomb (4001186): 3 adet | D20: B | Pallet (4000038): 1 pc | Honeycomb (4001186): 3 pcs | E20: IA-ST-CFG-0030 | F20: STARTER | G20: 30.0392 | H20: 16 | I20: IA-PPWR-TF-ST-021-EUR-04-R00 | J20: =HYPERLINK("01_STARTER/ST-021-EUR-04/01_Technical_File.docx","Open") | K20: IA-PPWR-DOC-ST-021-EUR-04-R00 | L20: =HYPERLINK("01_STARTER/ST-021-EUR-04/02_EU_DoC.docx","Open") | M20: IA-PPWR-LBL-ST-021-EUR-04-R00 | N20: =HYPERLINK("01_STARTER/ST-021-EUR-04/03_Label.docx","Open") | O20: IA-PPWR-STM-ST-021-EUR-04-R00 | P20: =HYPERLINK("01_STARTER/ST-021-EUR-04/04_Shipment_Statement.docx","Open") | Q20: GENERATED / LINKED | R20: Rev.00
A21: ST-021-EUR-05 | B21: IA-ST-021-EUR-05 | C21: B | Palet (4000038): 1 adet | Shrink film (4000557): kullanılmaz | Köşebent (4000590): 2 adet | EPS (4001290): 21 adet | D21: B | Pallet (4000038): 1 pc | Shrink film (4000557): not used | Edge protector (4000590): 2 pcs | EPS (4001290): 21 pcs | E21: IA-ST-CFG-0031 | F21: STARTER | G21: 29.6132 | H21: 1 | I21: IA-PPWR-TF-ST-021-EUR-05-R00 | J21: =HYPERLINK("01_STARTER/ST-021-EUR-05/01_Technical_File.docx","Open") | K21: IA-PPWR-DOC-ST-021-EUR-05-R00 | L21: =HYPERLINK("01_STARTER/ST-021-EUR-05/02_EU_DoC.docx","Open") | M21: IA-PPWR-LBL-ST-021-EUR-05-R00 | N21: =HYPERLINK("01_STARTER/ST-021-EUR-05/03_Label.docx","Open") | O21: IA-PPWR-STM-ST-021-EUR-05-R00 | P21: =HYPERLINK("01_STARTER/ST-021-EUR-05/04_Shipment_Statement.docx","Open") | Q21: GENERATED / LINKED | R21: Rev.00
A22: ST-021-STD-01 | B22: IA-ST-021-STD-01 | C22: C | Palet (4000037): 1 adet | Streç ped (4000301): 0.175 kg | D22: C | Pallet (4000037): 1 pc | Stretch pad (4000301): 0.175 kg | E22: IA-ST-CFG-0020 | F22: STARTER | G22: 31.8142 | H22: 1 | I22: IA-PPWR-TF-ST-021-STD-01-R00 | J22: =HYPERLINK("01_STARTER/ST-021-STD-01/01_Technical_File.docx","Open") | K22: IA-PPWR-DOC-ST-021-STD-01-R00 | L22: =HYPERLINK("01_STARTER/ST-021-STD-01/02_EU_DoC.docx","Open") | M22: IA-PPWR-LBL-ST-021-STD-01-R00 | N22: =HYPERLINK("01_STARTER/ST-021-STD-01/03_Label.docx","Open") | O22: IA-PPWR-STM-ST-021-STD-01-R00 | P22: =HYPERLINK("01_STARTER/ST-021-STD-01/04_Shipment_Statement.docx","Open") | Q22: GENERATED / LINKED | R22: Rev.00
A23: ST-021-STD-02 | B23: IA-ST-021-STD-02 | C23: C | Palet (4000037): 1 adet | Köşebent (4000590): 4 adet | D23: C | Pallet (4000037): 1 pc | Edge protector (4000590): 4 pcs | E23: IA-ST-CFG-0021 | F23: STARTER | G23: 32.112 | H23: 1 | I23: IA-PPWR-TF-ST-021-STD-02-R00 | J23: =HYPERLINK("01_STARTER/ST-021-STD-02/01_Technical_File.docx","Open") | K23: IA-PPWR-DOC-ST-021-STD-02-R00 | L23: =HYPERLINK("01_STARTER/ST-021-STD-02/02_EU_DoC.docx","Open") | M23: IA-PPWR-LBL-ST-021-STD-02-R00 | N23: =HYPERLINK("01_STARTER/ST-021-STD-02/03_Label.docx","Open") | O23: IA-PPWR-STM-ST-021-STD-02-R00 | P23: =HYPERLINK("01_STARTER/ST-021-STD-02/04_Shipment_Statement.docx","Open") | Q23: GENERATED / LINKED | R23: Rev.00
A24: ST-021-STD-03 | B24: IA-ST-021-STD-03 | C24: C | Palet (4000037): 1 adet | Streç ped (4000301): 0.186 kg | Köşebent (4000590): 2 adet | D24: C | Pallet (4000037): 1 pc | Stretch pad (4000301): 0.186 kg | Edge protector (4000590): 2 pcs | E24: IA-ST-CFG-0023 | F24: STARTER | G24: 31.8252 | H24: 52 | I24: IA-PPWR-TF-ST-021-STD-03-R00 | J24: =HYPERLINK("01_STARTER/ST-021-STD-03/01_Technical_File.docx","Open") | K24: IA-PPWR-DOC-ST-021-STD-03-R00 | L24: =HYPERLINK("01_STARTER/ST-021-STD-03/02_EU_DoC.docx","Open") | M24: IA-PPWR-LBL-ST-021-STD-03-R00 | N24: =HYPERLINK("01_STARTER/ST-021-STD-03/03_Label.docx","Open") | O24: IA-PPWR-STM-ST-021-STD-03-R00 | P24: =HYPERLINK("01_STARTER/ST-021-STD-03/04_Shipment_Statement.docx","Open") | Q24: GENERATED / LINKED | R24: Rev.00
A25: ST-021-STD-04 | B25: IA-ST-021-STD-04 | C25: C | Palet (4000037): 1 adet | Çember (4000450): kullanılmaz | D25: C | Pallet (4000037): 1 pc | Strap (4000450): not used | E25: IA-ST-CFG-0024 | F25: STARTER | G25: 31.5384 | H25: 24 | I25: IA-PPWR-TF-ST-021-STD-04-R00 | J25: =HYPERLINK("01_STARTER/ST-021-STD-04/01_Technical_File.docx","Open") | K25: IA-PPWR-DOC-ST-021-STD-04-R00 | L25: =HYPERLINK("01_STARTER/ST-021-STD-04/02_EU_DoC.docx","Open") | M25: IA-PPWR-LBL-ST-021-STD-04-R00 | N25: =HYPERLINK("01_STARTER/ST-021-STD-04/03_Label.docx","Open") | O25: IA-PPWR-STM-ST-021-STD-04-R00 | P25: =HYPERLINK("01_STARTER/ST-021-STD-04/04_Shipment_Statement.docx","Open") | Q25: GENERATED / LINKED | R25: Rev.00
A26: ST-021-STD-05 | B26: IA-ST-021-STD-05 | C26: C | Palet (4000037): 1 adet | Shrink film (4001177): 0.597 kg | D26: C | Pallet (4000037): 1 pc | Shrink film (4001177): 0.597 kg | E26: IA-ST-CFG-0025 | F26: STARTER | G26: 30.983 | H26: 1 | I26: IA-PPWR-TF-ST-021-STD-05-R00 | J26: =HYPERLINK("01_STARTER/ST-021-STD-05/01_Technical_File.docx","Open") | K26: IA-PPWR-DOC-ST-021-STD-05-R00 | L26: =HYPERLINK("01_STARTER/ST-021-STD-05/02_EU_DoC.docx","Open") | M26: IA-PPWR-LBL-ST-021-STD-05-R00 | N26: =HYPERLINK("01_STARTER/ST-021-STD-05/03_Label.docx","Open") | O26: IA-PPWR-STM-ST-021-STD-05-R00 | P26: =HYPERLINK("01_STARTER/ST-021-STD-05/04_Shipment_Statement.docx","Open") | Q26: GENERATED / LINKED | R26: Rev.00
A27: ST-024-EUR-01 | B27: IA-ST-024-EUR-01 | C27: TRACTOR | Palet (4000038): 1 adet | Honeycomb (4001186): 2 adet | D27: TRACTOR | Pallet (4000038): 1 pc | Honeycomb (4001186): 2 pcs | E27: IA-ST-CFG-0035 | F27: STARTER | G27: 36.726 | H27: 1 | I27: IA-PPWR-TF-ST-024-EUR-01-R00 | J27: =HYPERLINK("01_STARTER/ST-024-EUR-01/01_Technical_File.docx","Open") | K27: IA-PPWR-DOC-ST-024-EUR-01-R00 | L27: =HYPERLINK("01_STARTER/ST-024-EUR-01/02_EU_DoC.docx","Open") | M27: IA-PPWR-LBL-ST-024-EUR-01-R00 | N27: =HYPERLINK("01_STARTER/ST-024-EUR-01/03_Label.docx","Open") | O27: IA-PPWR-STM-ST-024-EUR-01-R00 | P27: =HYPERLINK("01_STARTER/ST-024-EUR-01/04_Shipment_Statement.docx","Open") | Q27: GENERATED / LINKED | R27: Rev.00
A28: ST-024-EUR-02 | B28: IA-ST-024-EUR-02 | C28: A | A TİPİ VAKUM PVC PVC üst kapak (4000720): 24 adet | D28: A | A TİPİ VAKUM PVC PVC upper cover (4000720): 24 pcs | E28: IA-ST-CFG-0037 | F28: STARTER | G28: 32.84464 | H28: 1 | I28: IA-PPWR-TF-ST-024-EUR-02-R00 | J28: =HYPERLINK("01_STARTER/ST-024-EUR-02/01_Technical_File.docx","Open") | K28: IA-PPWR-DOC-ST-024-EUR-02-R00 | L28: =HYPERLINK("01_STARTER/ST-024-EUR-02/02_EU_DoC.docx","Open") | M28: IA-PPWR-LBL-ST-024-EUR-02-R00 | N28: =HYPERLINK("01_STARTER/ST-024-EUR-02/03_Label.docx","Open") | O28: IA-PPWR-STM-ST-024-EUR-02-R00 | P28: =HYPERLINK("01_STARTER/ST-024-EUR-02/04_Shipment_Statement.docx","Open") | Q28: GENERATED / LINKED | R28: Rev.00
A29: ST-024-EUR-03 | B29: IA-ST-024-EUR-03 | C29: A | Palet (4000038): 1 adet | Köşebent (4000590): 4 adet | D29: A | Pallet (4000038): 1 pc | Edge protector (4000590): 4 pcs | E29: IA-ST-CFG-0038 | F29: STARTER | G29: 29.63 | H29: 2 | I29: IA-PPWR-TF-ST-024-EUR-03-R00 | J29: =HYPERLINK("01_STARTER/ST-024-EUR-03/01_Technical_File.docx","Open") | K29: IA-PPWR-DOC-ST-024-EUR-03-R00 | L29: =HYPERLINK("01_STARTER/ST-024-EUR-03/02_EU_DoC.docx","Open") | M29: IA-PPWR-LBL-ST-024-EUR-03-R00 | N29: =HYPERLINK("01_STARTER/ST-024-EUR-03/03_Label.docx","Open") | O29: IA-PPWR-STM-ST-024-EUR-03-R00 | P29: =HYPERLINK("01_STARTER/ST-024-EUR-03/04_Shipment_Statement.docx","Open") | Q29: GENERATED / LINKED | R29: Rev.00
A30: ST-024-EUR-04 | B30: IA-ST-024-EUR-04 | C30: A | Palet (4000038): 1 adet | Köşebent (4000590): 2 adet | D30: A | Pallet (4000038): 1 pc | Edge protector (4000590): 2 pcs | E30: IA-ST-CFG-0039 | F30: STARTER | G30: 30.6632 | H30: 18 | I30: IA-PPWR-TF-ST-024-EUR-04-R00 | J30: =HYPERLINK("01_STARTER/ST-024-EUR-04/01_Technical_File.docx","Open") | K30: IA-PPWR-DOC-ST-024-EUR-04-R00 | L30: =HYPERLINK("01_STARTER/ST-024-EUR-04/02_EU_DoC.docx","Open") | M30: IA-PPWR-LBL-ST-024-EUR-04-R00 | N30: =HYPERLINK("01_STARTER/ST-024-EUR-04/03_Label.docx","Open") | O30: IA-PPWR-STM-ST-024-EUR-04-R00 | P30: =HYPERLINK("01_STARTER/ST-024-EUR-04/04_Shipment_Statement.docx","Open") | Q30: GENERATED / LINKED | R30: Rev.00
A31: ST-024-STD-01 | B31: IA-ST-024-STD-01 | C31: C | Palet (4000037): 1 adet | EPS (4001281): 24 adet | D31: C | Pallet (4000037): 1 pc | EPS (4001281): 24 pcs | E31: IA-ST-CFG-0034 | F31: STARTER | G31: 31.23 | H31: 1 | I31: IA-PPWR-TF-ST-024-STD-01-R00 | J31: =HYPERLINK("01_STARTER/ST-024-STD-01/01_Technical_File.docx","Open") | K31: IA-PPWR-DOC-ST-024-STD-01-R00 | L31: =HYPERLINK("01_STARTER/ST-024-STD-01/02_EU_DoC.docx","Open") | M31: IA-PPWR-LBL-ST-024-STD-01-R00 | N31: =HYPERLINK("01_STARTER/ST-024-STD-01/03_Label.docx","Open") | O31: IA-PPWR-STM-ST-024-STD-01-R00 | P31: =HYPERLINK("01_STARTER/ST-024-STD-01/04_Shipment_Statement.docx","Open") | Q31: GENERATED / LINKED | R31: Rev.00
A32: ST-027-STD90-01 | B32: IA-ST-027-STD90-01 | C32: TANK | TANK PVC üst kapak (4000493): 27 adet | Çember (4000450): 7 m | D32: TANK | TANK PVC upper cover (4000493): 27 pcs | Strap (4000450): 7 m | E32: IA-ST-CFG-0043 | F32: STARTER | G32: 25.58996 | H32: 1 | I32: IA-PPWR-TF-ST-027-STD90-01-R00 | J32: =HYPERLINK("01_STARTER/ST-027-STD90-01/01_Technical_File.docx","Open") | K32: IA-PPWR-DOC-ST-027-STD90-01-R00 | L32: =HYPERLINK("01_STARTER/ST-027-STD90-01/02_EU_DoC.docx","Open") | M32: IA-PPWR-LBL-ST-027-STD90-01-R00 | N32: =HYPERLINK("01_STARTER/ST-027-STD90-01/03_Label.docx","Open") | O32: IA-PPWR-STM-ST-027-STD90-01-R00 | P32: =HYPERLINK("01_STARTER/ST-027-STD90-01/04_Shipment_Statement.docx","Open") | Q32: GENERATED / LINKED | R32: Rev.00
A33: ST-027-STD90-02 | B33: IA-ST-027-STD90-02 | C33: TANK | TANK PVC üst kapak (4000493): 27 adet | Çember (4000450): kullanılmaz | D33: TANK | TANK PVC upper cover (4000493): 27 pcs | Strap (4000450): not used | E33: IA-ST-CFG-0044 | F33: STARTER | G33: 25.50316 | H33: 1 | I33: IA-PPWR-TF-ST-027-STD90-02-R00 | J33: =HYPERLINK("01_STARTER/ST-027-STD90-02/01_Technical_File.docx","Open") | K33: IA-PPWR-DOC-ST-027-STD90-02-R00 | L33: =HYPERLINK("01_STARTER/ST-027-STD90-02/02_EU_DoC.docx","Open") | M33: IA-PPWR-LBL-ST-027-STD90-02-R00 | N33: =HYPERLINK("01_STARTER/ST-027-STD90-02/03_Label.docx","Open") | O33: IA-PPWR-STM-ST-027-STD90-02-R00 | P33: =HYPERLINK("01_STARTER/ST-027-STD90-02/04_Shipment_Statement.docx","Open") | Q33: GENERATED / LINKED | R33: Rev.00
A34: ST-028-STD-01 | B34: IA-ST-028-STD-01 | C34: L6 | Palet (4000037): 1 adet | Shrink film (4000608): 1.12 kg | D34: L6 | Pallet (4000037): 1 pc | Shrink film (4000608): 1.12 kg | E34: IA-ST-CFG-0045 | F34: STARTER | G34: 29.056 | H34: 1 | I34: IA-PPWR-TF-ST-028-STD-01-R00 | J34: =HYPERLINK("01_STARTER/ST-028-STD-01/01_Technical_File.docx","Open") | K34: IA-PPWR-DOC-ST-028-STD-01-R00 | L34: =HYPERLINK("01_STARTER/ST-028-STD-01/02_EU_DoC.docx","Open") | M34: IA-PPWR-LBL-ST-028-STD-01-R00 | N34: =HYPERLINK("01_STARTER/ST-028-STD-01/03_Label.docx","Open") | O34: IA-PPWR-STM-ST-028-STD-01-R00 | P34: =HYPERLINK("01_STARTER/ST-028-STD-01/04_Shipment_Statement.docx","Open") | Q34: GENERATED / LINKED | R34: Rev.00
A35: ST-030-STD-01 | B35: IA-ST-030-STD-01 | C35: L5 | Palet (4000037): 1 adet | Shrink film (4000608): 1.2 kg | D35: L5 | Pallet (4000037): 1 pc | Shrink film (4000608): 1.2 kg | E35: IA-ST-CFG-0046 | F35: STARTER | G35: 29.136 | H35: 1 | I35: IA-PPWR-TF-ST-030-STD-01-R00 | J35: =HYPERLINK("01_STARTER/ST-030-STD-01/01_Technical_File.docx","Open") | K35: IA-PPWR-DOC-ST-030-STD-01-R00 | L35: =HYPERLINK("01_STARTER/ST-030-STD-01/02_EU_DoC.docx","Open") | M35: IA-PPWR-LBL-ST-030-STD-01-R00 | N35: =HYPERLINK("01_STARTER/ST-030-STD-01/03_Label.docx","Open") | O35: IA-PPWR-STM-ST-030-STD-01-R00 | P35: =HYPERLINK("01_STARTER/ST-030-STD-01/04_Shipment_Statement.docx","Open") | Q35: GENERATED / LINKED | R35: Rev.00
A36: ST-030-STD-02 | B36: IA-ST-030-STD-02 | C36: A | Palet (4000037): 1 adet | Shrink film (4000557): 1.65 kg | Köşebent (4000590): 4 adet | D36: A | Pallet (4000037): 1 pc | Shrink film (4000557): 1.65 kg | Edge protector (4000590): 4 pcs | E36: IA-ST-CFG-0047 | F36: STARTER | G36: 31.986 | H36: 2 | I36: IA-PPWR-TF-ST-030-STD-02-R00 | J36: =HYPERLINK("01_STARTER/ST-030-STD-02/01_Technical_File.docx","Open") | K36: IA-PPWR-DOC-ST-030-STD-02-R00 | L36: =HYPERLINK("01_STARTER/ST-030-STD-02/02_EU_DoC.docx","Open") | M36: IA-PPWR-LBL-ST-030-STD-02-R00 | N36: =HYPERLINK("01_STARTER/ST-030-STD-02/03_Label.docx","Open") | O36: IA-PPWR-STM-ST-030-STD-02-R00 | P36: =HYPERLINK("01_STARTER/ST-030-STD-02/04_Shipment_Statement.docx","Open") | Q36: GENERATED / LINKED | R36: Rev.00
A37: ST-030-STD-03 | B37: IA-ST-030-STD-03 | C37: B | Palet (4000037): 1 adet | Shrink film (4000557): 1.65 kg | Köşebent (4000590): 4 adet | D37: B | Pallet (4000037): 1 pc | Shrink film (4000557): 1.65 kg | Edge protector (4000590): 4 pcs | E37: IA-ST-CFG-0048 | F37: STARTER | G37: 32.676 | H37: 2 | I37: IA-PPWR-TF-ST-030-STD-03-R00 | J37: =HYPERLINK("01_STARTER/ST-030-STD-03/01_Technical_File.docx","Open") | K37: IA-PPWR-DOC-ST-030-STD-03-R00 | L37: =HYPERLINK("01_STARTER/ST-030-STD-03/02_EU_DoC.docx","Open") | M37: IA-PPWR-LBL-ST-030-STD-03-R00 | N37: =HYPERLINK("01_STARTER/ST-030-STD-03/03_Label.docx","Open") | O37: IA-PPWR-STM-ST-030-STD-03-R00 | P37: =HYPERLINK("01_STARTER/ST-030-STD-03/04_Shipment_Statement.docx","Open") | Q37: GENERATED / LINKED | R37: Rev.00
A38: ST-030-STD-04 | B38: IA-ST-030-STD-04 | C38: A | Palet (4000037): 1 adet | Shrink film (4000557): kullanılmaz | Köşebent (4000590): 4 adet | D38: A | Pallet (4000037): 1 pc | Shrink film (4000557): not used | Edge protector (4000590): 4 pcs | E38: IA-ST-CFG-0049 | F38: STARTER | G38: 30.336 | H38: 2 | I38: IA-PPWR-TF-ST-030-STD-04-R00 | J38: =HYPERLINK("01_STARTER/ST-030-STD-04/01_Technical_File.docx","Open") | K38: IA-PPWR-DOC-ST-030-STD-04-R00 | L38: =HYPERLINK("01_STARTER/ST-030-STD-04/02_EU_DoC.docx","Open") | M38: IA-PPWR-LBL-ST-030-STD-04-R00 | N38: =HYPERLINK("01_STARTER/ST-030-STD-04/03_Label.docx","Open") | O38: IA-PPWR-STM-ST-030-STD-04-R00 | P38: =HYPERLINK("01_STARTER/ST-030-STD-04/04_Shipment_Statement.docx","Open") | Q38: GENERATED / LINKED | R38: Rev.00
A39: ST-030-STD-05 | B39: IA-ST-030-STD-05 | C39: A | Palet (4000037): 1 adet | Köşebent (4000590): 2 adet | D39: A | Pallet (4000037): 1 pc | Edge protector (4000590): 2 pcs | E39: IA-ST-CFG-0051 | F39: STARTER | G39: 31.6992 | H39: 34 | I39: IA-PPWR-TF-ST-030-STD-05-R00 | J39: =HYPERLINK("01_STARTER/ST-030-STD-05/01_Technical_File.docx","Open") | K39: IA-PPWR-DOC-ST-030-STD-05-R00 | L39: =HYPERLINK("01_STARTER/ST-030-STD-05/02_EU_DoC.docx","Open") | M39: IA-PPWR-LBL-ST-030-STD-05-R00 | N39: =HYPERLINK("01_STARTER/ST-030-STD-05/03_Label.docx","Open") | O39: IA-PPWR-STM-ST-030-STD-05-R00 | P39: =HYPERLINK("01_STARTER/ST-030-STD-05/04_Shipment_Statement.docx","Open") | Q39: GENERATED / LINKED | R39: Rev.00
A40: ST-030-STD-06 | B40: IA-ST-030-STD-06 | C40: B | Palet (4000037): 1 adet | Köşebent (4000590): 2 adet | D40: B | Pallet (4000037): 1 pc | Edge protector (4000590): 2 pcs | E40: IA-ST-CFG-0052 | F40: STARTER | G40: 32.3892 | H40: 59 | I40: IA-PPWR-TF-ST-030-STD-06-R00 | J40: =HYPERLINK("01_STARTER/ST-030-STD-06/01_Technical_File.docx","Open") | K40: IA-PPWR-DOC-ST-030-STD-06-R00 | L40: =HYPERLINK("01_STARTER/ST-030-STD-06/02_EU_DoC.docx","Open") | M40: IA-PPWR-LBL-ST-030-STD-06-R00 | N40: =HYPERLINK("01_STARTER/ST-030-STD-06/03_Label.docx","Open") | O40: IA-PPWR-STM-ST-030-STD-06-R00 | P40: =HYPERLINK("01_STARTER/ST-030-STD-06/04_Shipment_Statement.docx","Open") | Q40: GENERATED / LINKED | R40: Rev.00
A41: ST-030-STD-07 | B41: IA-ST-030-STD-07 | C41: B | Palet (4000037): 1 adet | Çember (4000450): 7 m | Köşebent (4000590): 4 adet | D41: B | Pallet (4000037): 1 pc | Strap (4000450): 7 m | Edge protector (4000590): 4 pcs | E41: IA-ST-CFG-0053 | F41: STARTER | G41: 30.9392 | H41: 1 | I41: IA-PPWR-TF-ST-030-STD-07-R00 | J41: =HYPERLINK("01_STARTER/ST-030-STD-07/01_Technical_File.docx","Open") | K41: IA-PPWR-DOC-ST-030-STD-07-R00 | L41: =HYPERLINK("01_STARTER/ST-030-STD-07/02_EU_DoC.docx","Open") | M41: IA-PPWR-LBL-ST-030-STD-07-R00 | N41: =HYPERLINK("01_STARTER/ST-030-STD-07/03_Label.docx","Open") | O41: IA-PPWR-STM-ST-030-STD-07-R00 | P41: =HYPERLINK("01_STARTER/ST-030-STD-07/04_Shipment_Statement.docx","Open") | Q41: GENERATED / LINKED | R41: Rev.00
A42: ST-030-STD-08 | B42: IA-ST-030-STD-08 | C42: A | Palet (4000037): 1 adet | Çember (4000450): kullanılmaz | D42: A | Pallet (4000037): 1 pc | Strap (4000450): not used | E42: IA-ST-CFG-0054 | F42: STARTER | G42: 31.4124 | H42: 13 | I42: IA-PPWR-TF-ST-030-STD-08-R00 | J42: =HYPERLINK("01_STARTER/ST-030-STD-08/01_Technical_File.docx","Open") | K42: IA-PPWR-DOC-ST-030-STD-08-R00 | L42: =HYPERLINK("01_STARTER/ST-030-STD-08/02_EU_DoC.docx","Open") | M42: IA-PPWR-LBL-ST-030-STD-08-R00 | N42: =HYPERLINK("01_STARTER/ST-030-STD-08/03_Label.docx","Open") | O42: IA-PPWR-STM-ST-030-STD-08-R00 | P42: =HYPERLINK("01_STARTER/ST-030-STD-08/04_Shipment_Statement.docx","Open") | Q42: GENERATED / LINKED | R42: Rev.00
A43: ST-030-STD-09 | B43: IA-ST-030-STD-09 | C43: B | Palet (4000037): 1 adet | Çember (4000450): kullanılmaz | D43: B | Pallet (4000037): 1 pc | Strap (4000450): not used | E43: IA-ST-CFG-0055 | F43: STARTER | G43: 32.1024 | H43: 20 | I43: IA-PPWR-TF-ST-030-STD-09-R00 | J43: =HYPERLINK("01_STARTER/ST-030-STD-09/01_Technical_File.docx","Open") | K43: IA-PPWR-DOC-ST-030-STD-09-R00 | L43: =HYPERLINK("01_STARTER/ST-030-STD-09/02_EU_DoC.docx","Open") | M43: IA-PPWR-LBL-ST-030-STD-09-R00 | N43: =HYPERLINK("01_STARTER/ST-030-STD-09/03_Label.docx","Open") | O43: IA-PPWR-STM-ST-030-STD-09-R00 | P43: =HYPERLINK("01_STARTER/ST-030-STD-09/04_Shipment_Statement.docx","Open") | Q43: GENERATED / LINKED | R43: Rev.00
A44: ST-030-STD-10 | B44: IA-ST-030-STD-10 | C44: A | Palet (4000037): 1 adet | Shrink film (4001177): 0.597 kg | D44: A | Pallet (4000037): 1 pc | Shrink film (4001177): 0.597 kg | E44: IA-ST-CFG-0056 | F44: STARTER | G44: 30.467 | H44: 2 | I44: IA-PPWR-TF-ST-030-STD-10-R00 | J44: =HYPERLINK("01_STARTER/ST-030-STD-10/01_Technical_File.docx","Open") | K44: IA-PPWR-DOC-ST-030-STD-10-R00 | L44: =HYPERLINK("01_STARTER/ST-030-STD-10/02_EU_DoC.docx","Open") | M44: IA-PPWR-LBL-ST-030-STD-10-R00 | N44: =HYPERLINK("01_STARTER/ST-030-STD-10/03_Label.docx","Open") | O44: IA-PPWR-STM-ST-030-STD-10-R00 | P44: =HYPERLINK("01_STARTER/ST-030-STD-10/04_Shipment_Statement.docx","Open") | Q44: GENERATED / LINKED | R44: Rev.00
A45: ST-030-STD-11 | B45: IA-ST-030-STD-11 | C45: B | Palet (4000037): 1 adet | Shrink film (4001177): 0.597 kg | D45: B | Pallet (4000037): 1 pc | Shrink film (4001177): 0.597 kg | E45: IA-ST-CFG-0057 | F45: STARTER | G45: 31.157 | H45: 3 | I45: IA-PPWR-TF-ST-030-STD-11-R00 | J45: =HYPERLINK("01_STARTER/ST-030-STD-11/01_Technical_File.docx","Open") | K45: IA-PPWR-DOC-ST-030-STD-11-R00 | L45: =HYPERLINK("01_STARTER/ST-030-STD-11/02_EU_DoC.docx","Open") | M45: IA-PPWR-LBL-ST-030-STD-11-R00 | N45: =HYPERLINK("01_STARTER/ST-030-STD-11/03_Label.docx","Open") | O45: IA-PPWR-STM-ST-030-STD-11-R00 | P45: =HYPERLINK("01_STARTER/ST-030-STD-11/04_Shipment_Statement.docx","Open") | Q45: GENERATED / LINKED | R45: Rev.00
A46: ST-033-EUR-01 | B46: IA-ST-033-EUR-01 | C46: L6 | Palet (4000038): 1 adet | Köşebent (4000590): 4 adet | D46: L6 | Pallet (4000038): 1 pc | Edge protector (4000590): 4 pcs | E46: IA-ST-CFG-0058 | F46: STARTER | G46: 27.926 | H46: 3 | I46: IA-PPWR-TF-ST-033-EUR-01-R00 | J46: =HYPERLINK("01_STARTER/ST-033-EUR-01/01_Technical_File.docx","Open") | K46: IA-PPWR-DOC-ST-033-EUR-01-R00 | L46: =HYPERLINK("01_STARTER/ST-033-EUR-01/02_EU_DoC.docx","Open") | M46: IA-PPWR-LBL-ST-033-EUR-01-R00 | N46: =HYPERLINK("01_STARTER/ST-033-EUR-01/03_Label.docx","Open") | O46: IA-PPWR-STM-ST-033-EUR-01-R00 | P46: =HYPERLINK("01_STARTER/ST-033-EUR-01/04_Shipment_Statement.docx","Open") | Q46: GENERATED / LINKED | R46: Rev.00
A47: ST-034-STD-01 | B47: IA-ST-034-STD-01 | C47: D31 | D31 YUASA penceresiz Orta Doğu dış koli (4001108): 34 adet | D47: D31 | D31 YUASA windowless Middle East outer carton (4001108): 34 pcs | E47: IA-ST-CFG-0059 | F47: STARTER | G47: 40.7776 | H47: 2 | I47: IA-PPWR-TF-ST-034-STD-01-R00 | J47: =HYPERLINK("01_STARTER/ST-034-STD-01/01_Technical_File.docx","Open") | K47: IA-PPWR-DOC-ST-034-STD-01-R00 | L47: =HYPERLINK("01_STARTER/ST-034-STD-01/02_EU_DoC.docx","Open") | M47: IA-PPWR-LBL-ST-034-STD-01-R00 | N47: =HYPERLINK("01_STARTER/ST-034-STD-01/03_Label.docx","Open") | O47: IA-PPWR-STM-ST-034-STD-01-R00 | P47: =HYPERLINK("01_STARTER/ST-034-STD-01/04_Shipment_Statement.docx","Open") | Q47: GENERATED / LINKED | R47: Rev.00
A48: ST-034-STD-02 | B48: IA-ST-034-STD-02 | C48: L4 | L4 YUASA penceresiz Orta Doğu dış koli (4001313): 34 adet | D48: L4 | L4 YUASA windowless Middle East outer carton (4001313): 34 pcs | E48: IA-ST-CFG-0060 | F48: STARTER | G48: 37.296 | H48: 1 | I48: IA-PPWR-TF-ST-034-STD-02-R00 | J48: =HYPERLINK("01_STARTER/ST-034-STD-02/01_Technical_File.docx","Open") | K48: IA-PPWR-DOC-ST-034-STD-02-R00 | L48: =HYPERLINK("01_STARTER/ST-034-STD-02/02_EU_DoC.docx","Open") | M48: IA-PPWR-LBL-ST-034-STD-02-R00 | N48: =HYPERLINK("01_STARTER/ST-034-STD-02/03_Label.docx","Open") | O48: IA-PPWR-STM-ST-034-STD-02-R00 | P48: =HYPERLINK("01_STARTER/ST-034-STD-02/04_Shipment_Statement.docx","Open") | Q48: GENERATED / LINKED | R48: Rev.00
A49: ST-036-EUR-01 | B49: IA-ST-036-EUR-01 | C49: L6 | L6 İnci AGM LEO 105AH940A pencereli dış koli (4001360): 36 adet | D49: L6 | L6 İnci AGM LEO 105AH940A windowed outer carton (4001360): 36 pcs | E49: IA-ST-CFG-0062 | F49: STARTER | G49: 43.186 | H49: 1 | I49: IA-PPWR-TF-ST-036-EUR-01-R00 | J49: =HYPERLINK("01_STARTER/ST-036-EUR-01/01_Technical_File.docx","Open") | K49: IA-PPWR-DOC-ST-036-EUR-01-R00 | L49: =HYPERLINK("01_STARTER/ST-036-EUR-01/02_EU_DoC.docx","Open") | M49: IA-PPWR-LBL-ST-036-EUR-01-R00 | N49: =HYPERLINK("01_STARTER/ST-036-EUR-01/03_Label.docx","Open") | O49: IA-PPWR-STM-ST-036-EUR-01-R00 | P49: =HYPERLINK("01_STARTER/ST-036-EUR-01/04_Shipment_Statement.docx","Open") | Q49: GENERATED / LINKED | R49: Rev.00
A50: ST-036-EUR-02 | B50: IA-ST-036-EUR-02 | C50: NS40 | Palet (4000038): 1 adet | EPS (4000573): 8 adet | D50: NS40 | Pallet (4000038): 1 pc | EPS (4000573): 8 pcs | E50: IA-ST-CFG-0065 | F50: STARTER | G50: 27.942 | H50: 1 | I50: IA-PPWR-TF-ST-036-EUR-02-R00 | J50: =HYPERLINK("01_STARTER/ST-036-EUR-02/01_Technical_File.docx","Open") | K50: IA-PPWR-DOC-ST-036-EUR-02-R00 | L50: =HYPERLINK("01_STARTER/ST-036-EUR-02/02_EU_DoC.docx","Open") | M50: IA-PPWR-LBL-ST-036-EUR-02-R00 | N50: =HYPERLINK("01_STARTER/ST-036-EUR-02/03_Label.docx","Open") | O50: IA-PPWR-STM-ST-036-EUR-02-R00 | P50: =HYPERLINK("01_STARTER/ST-036-EUR-02/04_Shipment_Statement.docx","Open") | Q50: GENERATED / LINKED | R50: Rev.00
A51: ST-036-EUR-03 | B51: IA-ST-036-EUR-03 | C51: L6, L5 | Palet (4000038): 1 adet | Köşebent (4000590): 4 adet | D51: L6, L5 | Pallet (4000038): 1 pc | Edge protector (4000590): 4 pcs | E51: IA-ST-CFG-0066 | F51: STARTER | G51: 29.366 | H51: 7 | I51: IA-PPWR-TF-ST-036-EUR-03-R00 | J51: =HYPERLINK("01_STARTER/ST-036-EUR-03/01_Technical_File.docx","Open") | K51: IA-PPWR-DOC-ST-036-EUR-03-R00 | L51: =HYPERLINK("01_STARTER/ST-036-EUR-03/02_EU_DoC.docx","Open") | M51: IA-PPWR-LBL-ST-036-EUR-03-R00 | N51: =HYPERLINK("01_STARTER/ST-036-EUR-03/03_Label.docx","Open") | O51: IA-PPWR-STM-ST-036-EUR-03-R00 | P51: =HYPERLINK("01_STARTER/ST-036-EUR-03/04_Shipment_Statement.docx","Open") | Q51: GENERATED / LINKED | R51: Rev.00
A52: ST-036-EUR-04 | B52: IA-ST-036-EUR-04 | C52: L5, L6, LB5 | Palet (4000038): 1 adet | Köşebent (4000590): 4 adet | D52: L5, L6, LB5 | Pallet (4000038): 1 pc | Edge protector (4000590): 4 pcs | E52: IA-ST-CFG-0068 | F52: STARTER | G52: 27.926 | H52: 27 | I52: IA-PPWR-TF-ST-036-EUR-04-R00 | J52: =HYPERLINK("01_STARTER/ST-036-EUR-04/01_Technical_File.docx","Open") | K52: IA-PPWR-DOC-ST-036-EUR-04-R00 | L52: =HYPERLINK("01_STARTER/ST-036-EUR-04/02_EU_DoC.docx","Open") | M52: IA-PPWR-LBL-ST-036-EUR-04-R00 | N52: =HYPERLINK("01_STARTER/ST-036-EUR-04/03_Label.docx","Open") | O52: IA-PPWR-STM-ST-036-EUR-04-R00 | P52: =HYPERLINK("01_STARTER/ST-036-EUR-04/04_Shipment_Statement.docx","Open") | Q52: GENERATED / LINKED | R52: Rev.00
A53: ST-036-EUR-05 | B53: IA-ST-036-EUR-05 | C53: TRACTORL | TRAKTÖR PVC üst kapak (4000494): 36 adet | D53: TRACTORL | TRAKTÖR PVC upper cover (4000494): 36 pcs | E53: IA-ST-CFG-0070 | F53: STARTER | G53: 31.98368 | H53: 3 | I53: IA-PPWR-TF-ST-036-EUR-05-R00 | J53: =HYPERLINK("01_STARTER/ST-036-EUR-05/01_Technical_File.docx","Open") | K53: IA-PPWR-DOC-ST-036-EUR-05-R00 | L53: =HYPERLINK("01_STARTER/ST-036-EUR-05/02_EU_DoC.docx","Open") | M53: IA-PPWR-LBL-ST-036-EUR-05-R00 | N53: =HYPERLINK("01_STARTER/ST-036-EUR-05/03_Label.docx","Open") | O53: IA-PPWR-STM-ST-036-EUR-05-R00 | P53: =HYPERLINK("01_STARTER/ST-036-EUR-05/04_Shipment_Statement.docx","Open") | Q53: GENERATED / LINKED | R53: Rev.00
A54: ST-036-EUR-06 | B54: IA-ST-036-EUR-06 | C54: L6, L5 | Palet (4000038): 1 adet | Köşebent (4000590): 2 adet | Shrink film (4000608): 1.44 kg | D54: L6, L5 | Pallet (4000038): 1 pc | Edge protector (4000590): 2 pcs | Shrink film (4000608): 1.44 kg | E54: IA-ST-CFG-0071 | F54: STARTER | G54: 29.0792 | H54: 9 | I54: IA-PPWR-TF-ST-036-EUR-06-R00 | J54: =HYPERLINK("01_STARTER/ST-036-EUR-06/01_Technical_File.docx","Open") | K54: IA-PPWR-DOC-ST-036-EUR-06-R00 | L54: =HYPERLINK("01_STARTER/ST-036-EUR-06/02_EU_DoC.docx","Open") | M54: IA-PPWR-LBL-ST-036-EUR-06-R00 | N54: =HYPERLINK("01_STARTER/ST-036-EUR-06/03_Label.docx","Open") | O54: IA-PPWR-STM-ST-036-EUR-06-R00 | P54: =HYPERLINK("01_STARTER/ST-036-EUR-06/04_Shipment_Statement.docx","Open") | Q54: GENERATED / LINKED | R54: Rev.00
A55: ST-036-EUR-07 | B55: IA-ST-036-EUR-07 | C55: L6, L5 | Palet (4000038): 1 adet | Shrink film (4000608): kullanılmaz | D55: L6, L5 | Pallet (4000038): 1 pc | Shrink film (4000608): not used | E55: IA-ST-CFG-0072 | F55: STARTER | G55: 27.6392 | H55: 7 | I55: IA-PPWR-TF-ST-036-EUR-07-R00 | J55: =HYPERLINK("01_STARTER/ST-036-EUR-07/01_Technical_File.docx","Open") | K55: IA-PPWR-DOC-ST-036-EUR-07-R00 | L55: =HYPERLINK("01_STARTER/ST-036-EUR-07/02_EU_DoC.docx","Open") | M55: IA-PPWR-LBL-ST-036-EUR-07-R00 | N55: =HYPERLINK("01_STARTER/ST-036-EUR-07/03_Label.docx","Open") | O55: IA-PPWR-STM-ST-036-EUR-07-R00 | P55: =HYPERLINK("01_STARTER/ST-036-EUR-07/04_Shipment_Statement.docx","Open") | Q55: GENERATED / LINKED | R55: Rev.00
A56: ST-036-STD-01 | B56: IA-ST-036-STD-01 | C56: L3 | L3 YUASA penceresiz Orta Doğu dış koli (4001103): 36 adet | D56: L3 | L3 YUASA windowless Middle East outer carton (4001103): 36 pcs | E56: IA-ST-CFG-0061 | F56: STARTER | G56: 37.796 | H56: 1 | I56: IA-PPWR-TF-ST-036-STD-01-R00 | J56: =HYPERLINK("01_STARTER/ST-036-STD-01/01_Technical_File.docx","Open") | K56: IA-PPWR-DOC-ST-036-STD-01-R00 | L56: =HYPERLINK("01_STARTER/ST-036-STD-01/02_EU_DoC.docx","Open") | M56: IA-PPWR-LBL-ST-036-STD-01-R00 | N56: =HYPERLINK("01_STARTER/ST-036-STD-01/03_Label.docx","Open") | O56: IA-PPWR-STM-ST-036-STD-01-R00 | P56: =HYPERLINK("01_STARTER/ST-036-STD-01/04_Shipment_Statement.docx","Open") | Q56: GENERATED / LINKED | R56: Rev.00
A57: ST-036-STD-02 | B57: IA-ST-036-STD-02 | C57: L4 | Palet (4000037): 1 adet | Separatör (4000130): 3 adet | D57: L4 | Pallet (4000037): 1 pc | Separator (4000130): 3 pcs | E57: IA-ST-CFG-0063 | F57: STARTER | G57: 29.16 | H57: 1 | I57: IA-PPWR-TF-ST-036-STD-02-R00 | J57: =HYPERLINK("01_STARTER/ST-036-STD-02/01_Technical_File.docx","Open") | K57: IA-PPWR-DOC-ST-036-STD-02-R00 | L57: =HYPERLINK("01_STARTER/ST-036-STD-02/02_EU_DoC.docx","Open") | M57: IA-PPWR-LBL-ST-036-STD-02-R00 | N57: =HYPERLINK("01_STARTER/ST-036-STD-02/03_Label.docx","Open") | O57: IA-PPWR-STM-ST-036-STD-02-R00 | P57: =HYPERLINK("01_STARTER/ST-036-STD-02/04_Shipment_Statement.docx","Open") | Q57: GENERATED / LINKED | R57: Rev.00
A58: ST-036-STD-03 | B58: IA-ST-036-STD-03 | C58: L4 | Palet (4000037): 1 adet | Separatör (4000130): 4 adet | D58: L4 | Pallet (4000037): 1 pc | Separator (4000130): 4 pcs | E58: IA-ST-CFG-0064 | F58: STARTER | G58: 29.1432 | H58: 1 | I58: IA-PPWR-TF-ST-036-STD-03-R00 | J58: =HYPERLINK("01_STARTER/ST-036-STD-03/01_Technical_File.docx","Open") | K58: IA-PPWR-DOC-ST-036-STD-03-R00 | L58: =HYPERLINK("01_STARTER/ST-036-STD-03/02_EU_DoC.docx","Open") | M58: IA-PPWR-LBL-ST-036-STD-03-R00 | N58: =HYPERLINK("01_STARTER/ST-036-STD-03/03_Label.docx","Open") | O58: IA-PPWR-STM-ST-036-STD-03-R00 | P58: =HYPERLINK("01_STARTER/ST-036-STD-03/04_Shipment_Statement.docx","Open") | Q58: GENERATED / LINKED | R58: Rev.00
A59: ST-042-EUR-01 | B59: IA-ST-042-EUR-01 | C59: D31 | D31 YUASA penceresiz Orta Doğu dış koli (4001108): 42 adet | D59: D31 | D31 YUASA windowless Middle East outer carton (4001108): 42 pcs | E59: IA-ST-CFG-0077 | F59: STARTER | G59: 44.0068 | H59: 1 | I59: IA-PPWR-TF-ST-042-EUR-01-R00 | J59: =HYPERLINK("01_STARTER/ST-042-EUR-01/01_Technical_File.docx","Open") | K59: IA-PPWR-DOC-ST-042-EUR-01-R00 | L59: =HYPERLINK("01_STARTER/ST-042-EUR-01/02_EU_DoC.docx","Open") | M59: IA-PPWR-LBL-ST-042-EUR-01-R00 | N59: =HYPERLINK("01_STARTER/ST-042-EUR-01/03_Label.docx","Open") | O59: IA-PPWR-STM-ST-042-EUR-01-R00 | P59: =HYPERLINK("01_STARTER/ST-042-EUR-01/04_Shipment_Statement.docx","Open") | Q59: GENERATED / LINKED | R59: Rev.00
A60: ST-042-EUR-02 | B60: IA-ST-042-EUR-02 | C60: L4, LB4 | Palet (4000038): 1 adet | Köşebent (4000590): 4 adet | D60: L4, LB4 | Pallet (4000038): 1 pc | Edge protector (4000590): 4 pcs | E60: IA-ST-CFG-0085 | F60: STARTER | G60: 27.926 | H60: 30 | I60: IA-PPWR-TF-ST-042-EUR-02-R00 | J60: =HYPERLINK("01_STARTER/ST-042-EUR-02/01_Technical_File.docx","Open") | K60: IA-PPWR-DOC-ST-042-EUR-02-R00 | L60: =HYPERLINK("01_STARTER/ST-042-EUR-02/02_EU_DoC.docx","Open") | M60: IA-PPWR-LBL-ST-042-EUR-02-R00 | N60: =HYPERLINK("01_STARTER/ST-042-EUR-02/03_Label.docx","Open") | O60: IA-PPWR-STM-ST-042-EUR-02-R00 | P60: =HYPERLINK("01_STARTER/ST-042-EUR-02/04_Shipment_Statement.docx","Open") | Q60: GENERATED / LINKED | R60: Rev.00
A61: ST-042-EUR-03 | B61: IA-ST-042-EUR-03 | C61: L4, LB4 | Palet (4000038): 1 adet | Shrink film (4000554): 1.428 kg | D61: L4, LB4 | Pallet (4000038): 1 pc | Shrink film (4000554): 1.428 kg | E61: IA-ST-CFG-0086 | F61: STARTER | G61: 29.0672 | H61: 7 | I61: IA-PPWR-TF-ST-042-EUR-03-R00 | J61: =HYPERLINK("01_STARTER/ST-042-EUR-03/01_Technical_File.docx","Open") | K61: IA-PPWR-DOC-ST-042-EUR-03-R00 | L61: =HYPERLINK("01_STARTER/ST-042-EUR-03/02_EU_DoC.docx","Open") | M61: IA-PPWR-LBL-ST-042-EUR-03-R00 | N61: =HYPERLINK("01_STARTER/ST-042-EUR-03/03_Label.docx","Open") | O61: IA-PPWR-STM-ST-042-EUR-03-R00 | P61: =HYPERLINK("01_STARTER/ST-042-EUR-03/04_Shipment_Statement.docx","Open") | Q61: GENERATED / LINKED | R61: Rev.00
A62: ST-042-EUR-04 | B62: IA-ST-042-EUR-04 | C62: L4, LB4 | Palet (4000038): 1 adet | Shrink film (4000554): kullanılmaz | Köşebent (4000590): 2 adet | D62: L4, LB4 | Pallet (4000038): 1 pc | Shrink film (4000554): not used | Edge protector (4000590): 2 pcs | E62: IA-ST-CFG-0087 | F62: STARTER | G62: 27.6392 | H62: 7 | I62: IA-PPWR-TF-ST-042-EUR-04-R00 | J62: =HYPERLINK("01_STARTER/ST-042-EUR-04/01_Technical_File.docx","Open") | K62: IA-PPWR-DOC-ST-042-EUR-04-R00 | L62: =HYPERLINK("01_STARTER/ST-042-EUR-04/02_EU_DoC.docx","Open") | M62: IA-PPWR-LBL-ST-042-EUR-04-R00 | N62: =HYPERLINK("01_STARTER/ST-042-EUR-04/03_Label.docx","Open") | O62: IA-PPWR-STM-ST-042-EUR-04-R00 | P62: =HYPERLINK("01_STARTER/ST-042-EUR-04/04_Shipment_Statement.docx","Open") | Q62: GENERATED / LINKED | R62: Rev.00
A63: ST-042-STD-01 | B63: IA-ST-042-STD-01 | C63: D23 | D23 YUASA penceresiz Orta Doğu dış koli (4001106): 42 adet | D63: D23 | D23 YUASA windowless Middle East outer carton (4001106): 42 pcs | E63: IA-ST-CFG-0075 | F63: STARTER | G63: 41.02094 | H63: 1 | I63: IA-PPWR-TF-ST-042-STD-01-R00 | J63: =HYPERLINK("01_STARTER/ST-042-STD-01/01_Technical_File.docx","Open") | K63: IA-PPWR-DOC-ST-042-STD-01-R00 | L63: =HYPERLINK("01_STARTER/ST-042-STD-01/02_EU_DoC.docx","Open") | M63: IA-PPWR-LBL-ST-042-STD-01-R00 | N63: =HYPERLINK("01_STARTER/ST-042-STD-01/03_Label.docx","Open") | O63: IA-PPWR-STM-ST-042-STD-01-R00 | P63: =HYPERLINK("01_STARTER/ST-042-STD-01/04_Shipment_Statement.docx","Open") | Q63: GENERATED / LINKED | R63: Rev.00
A64: ST-042-STD-02 | B64: IA-ST-042-STD-02 | C64: L6 | L6 EAS AGM S&S 105AH 940A pencereli dış koli (4001399): 42 adet | D64: L6 | L6 EAS AGM S&S 105AH 940A windowed outer carton (4001399): 42 pcs | E64: IA-ST-CFG-0076 | F64: STARTER | G64: 46.286 | H64: 1 | I64: IA-PPWR-TF-ST-042-STD-02-R00 | J64: =HYPERLINK("01_STARTER/ST-042-STD-02/01_Technical_File.docx","Open") | K64: IA-PPWR-DOC-ST-042-STD-02-R00 | L64: =HYPERLINK("01_STARTER/ST-042-STD-02/02_EU_DoC.docx","Open") | M64: IA-PPWR-LBL-ST-042-STD-02-R00 | N64: =HYPERLINK("01_STARTER/ST-042-STD-02/03_Label.docx","Open") | O64: IA-PPWR-STM-ST-042-STD-02-R00 | P64: =HYPERLINK("01_STARTER/ST-042-STD-02/04_Shipment_Statement.docx","Open") | Q64: GENERATED / LINKED | R64: Rev.00
A65: ST-042-STD-03 | B65: IA-ST-042-STD-03 | C65: L3 | Palet (4000037): 1 adet | Separatör (4000130): 3 adet | D65: L3 | Pallet (4000037): 1 pc | Separator (4000130): 3 pcs | E65: IA-ST-CFG-0078 | F65: STARTER | G65: 29.323 | H65: 1 | I65: IA-PPWR-TF-ST-042-STD-03-R00 | J65: =HYPERLINK("01_STARTER/ST-042-STD-03/01_Technical_File.docx","Open") | K65: IA-PPWR-DOC-ST-042-STD-03-R00 | L65: =HYPERLINK("01_STARTER/ST-042-STD-03/02_EU_DoC.docx","Open") | M65: IA-PPWR-LBL-ST-042-STD-03-R00 | N65: =HYPERLINK("01_STARTER/ST-042-STD-03/03_Label.docx","Open") | O65: IA-PPWR-STM-ST-042-STD-03-R00 | P65: =HYPERLINK("01_STARTER/ST-042-STD-03/04_Shipment_Statement.docx","Open") | Q65: GENERATED / LINKED | R65: Rev.00
A66: ST-042-STD-04 | B66: IA-ST-042-STD-04 | C66: L3 | Palet (4000037): 1 adet | Separatör (4000130): 4 adet | D66: L3 | Pallet (4000037): 1 pc | Separator (4000130): 4 pcs | E66: IA-ST-CFG-0079 | F66: STARTER | G66: 29.3062 | H66: 1 | I66: IA-PPWR-TF-ST-042-STD-04-R00 | J66: =HYPERLINK("01_STARTER/ST-042-STD-04/01_Technical_File.docx","Open") | K66: IA-PPWR-DOC-ST-042-STD-04-R00 | L66: =HYPERLINK("01_STARTER/ST-042-STD-04/02_EU_DoC.docx","Open") | M66: IA-PPWR-LBL-ST-042-STD-04-R00 | N66: =HYPERLINK("01_STARTER/ST-042-STD-04/03_Label.docx","Open") | O66: IA-PPWR-STM-ST-042-STD-04-R00 | P66: =HYPERLINK("01_STARTER/ST-042-STD-04/04_Shipment_Statement.docx","Open") | Q66: GENERATED / LINKED | R66: Rev.00
A67: ST-042-STD-05 | B67: IA-ST-042-STD-05 | C67: L6 | Palet (4000037): 1 adet | Çember (4000450): 7 m | D67: L6 | Pallet (4000037): 1 pc | Strap (4000450): 7 m | E67: IA-ST-CFG-0080 | F67: STARTER | G67: 29.5992 | H67: 11 | I67: IA-PPWR-TF-ST-042-STD-05-R00 | J67: =HYPERLINK("01_STARTER/ST-042-STD-05/01_Technical_File.docx","Open") | K67: IA-PPWR-DOC-ST-042-STD-05-R00 | L67: =HYPERLINK("01_STARTER/ST-042-STD-05/02_EU_DoC.docx","Open") | M67: IA-PPWR-LBL-ST-042-STD-05-R00 | N67: =HYPERLINK("01_STARTER/ST-042-STD-05/03_Label.docx","Open") | O67: IA-PPWR-STM-ST-042-STD-05-R00 | P67: =HYPERLINK("01_STARTER/ST-042-STD-05/04_Shipment_Statement.docx","Open") | Q67: GENERATED / LINKED | R67: Rev.00
A68: ST-042-STD-06 | B68: IA-ST-042-STD-06 | C68: L6 | Palet (4000037): 1 adet | Çember (4000450): kullanılmaz | D68: L6 | Pallet (4000037): 1 pc | Strap (4000450): not used | E68: IA-ST-CFG-0081 | F68: STARTER | G68: 29.3124 | H68: 6 | I68: IA-PPWR-TF-ST-042-STD-06-R00 | J68: =HYPERLINK("01_STARTER/ST-042-STD-06/01_Technical_File.docx","Open") | K68: IA-PPWR-DOC-ST-042-STD-06-R00 | L68: =HYPERLINK("01_STARTER/ST-042-STD-06/02_EU_DoC.docx","Open") | M68: IA-PPWR-LBL-ST-042-STD-06-R00 | N68: =HYPERLINK("01_STARTER/ST-042-STD-06/03_Label.docx","Open") | O68: IA-PPWR-STM-ST-042-STD-06-R00 | P68: =HYPERLINK("01_STARTER/ST-042-STD-06/04_Shipment_Statement.docx","Open") | Q68: GENERATED / LINKED | R68: Rev.00
A69: ST-042-STD-07 | B69: IA-ST-042-STD-07 | C69: L6 | Palet (4000037): 1 adet | Köşebent (4000590): 2 adet | Shrink film (4001177): 0.597 kg | D69: L6 | Pallet (4000037): 1 pc | Edge protector (4000590): 2 pcs | Shrink film (4001177): 0.597 kg | E69: IA-ST-CFG-0082 | F69: STARTER | G69: 28.417 | H69: 1 | I69: IA-PPWR-TF-ST-042-STD-07-R00 | J69: =HYPERLINK("01_STARTER/ST-042-STD-07/01_Technical_File.docx","Open") | K69: IA-PPWR-DOC-ST-042-STD-07-R00 | L69: =HYPERLINK("01_STARTER/ST-042-STD-07/02_EU_DoC.docx","Open") | M69: IA-PPWR-LBL-ST-042-STD-07-R00 | N69: =HYPERLINK("01_STARTER/ST-042-STD-07/03_Label.docx","Open") | O69: IA-PPWR-STM-ST-042-STD-07-R00 | P69: =HYPERLINK("01_STARTER/ST-042-STD-07/04_Shipment_Statement.docx","Open") | Q69: GENERATED / LINKED | R69: Rev.00
A70: ST-042-STD-08 | B70: IA-ST-042-STD-08 | C70: L6 | Palet (4000037): 1 adet | Köşebent (4000590): 4 adet | D70: L6 | Pallet (4000037): 1 pc | Edge protector (4000590): 4 pcs | E70: IA-ST-CFG-0083 | F70: STARTER | G70: 28.617 | H70: 1 | I70: IA-PPWR-TF-ST-042-STD-08-R00 | J70: =HYPERLINK("01_STARTER/ST-042-STD-08/01_Technical_File.docx","Open") | K70: IA-PPWR-DOC-ST-042-STD-08-R00 | L70: =HYPERLINK("01_STARTER/ST-042-STD-08/02_EU_DoC.docx","Open") | M70: IA-PPWR-LBL-ST-042-STD-08-R00 | N70: =HYPERLINK("01_STARTER/ST-042-STD-08/03_Label.docx","Open") | O70: IA-PPWR-STM-ST-042-STD-08-R00 | P70: =HYPERLINK("01_STARTER/ST-042-STD-08/04_Shipment_Statement.docx","Open") | Q70: GENERATED / LINKED | R70: Rev.00
A71: ST-044-STD-01 | B71: IA-ST-044-STD-01 | C71: L2 | L2 YUASA penceresiz Orta Doğu dış koli (4001102): 44 adet | D71: L2 | L2 YUASA windowless Middle East outer carton (4001102): 44 pcs | E71: IA-ST-CFG-0088 | F71: STARTER | G71: 39.356 | H71: 1 | I71: IA-PPWR-TF-ST-044-STD-01-R00 | J71: =HYPERLINK("01_STARTER/ST-044-STD-01/01_Technical_File.docx","Open") | K71: IA-PPWR-DOC-ST-044-STD-01-R00 | L71: =HYPERLINK("01_STARTER/ST-044-STD-01/02_EU_DoC.docx","Open") | M71: IA-PPWR-LBL-ST-044-STD-01-R00 | N71: =HYPERLINK("01_STARTER/ST-044-STD-01/03_Label.docx","Open") | O71: IA-PPWR-STM-ST-044-STD-01-R00 | P71: =HYPERLINK("01_STARTER/ST-044-STD-01/04_Shipment_Statement.docx","Open") | Q71: GENERATED / LINKED | R71: Rev.00
A72: ST-045-EUR-01 | B72: IA-ST-045-EUR-01 | C72: L3 | Palet (4000038): 1 adet | Köşebent (4000590): 4 adet | D72: L3 | Pallet (4000038): 1 pc | Edge protector (4000590): 4 pcs | E72: IA-ST-CFG-0103 | F72: STARTER | G72: 27.926 | H72: 6 | I72: IA-PPWR-TF-ST-045-EUR-01-R00 | J72: =HYPERLINK("01_STARTER/ST-045-EUR-01/01_Technical_File.docx","Open") | K72: IA-PPWR-DOC-ST-045-EUR-01-R00 | L72: =HYPERLINK("01_STARTER/ST-045-EUR-01/02_EU_DoC.docx","Open") | M72: IA-PPWR-LBL-ST-045-EUR-01-R00 | N72: =HYPERLINK("01_STARTER/ST-045-EUR-01/03_Label.docx","Open") | O72: IA-PPWR-STM-ST-045-EUR-01-R00 | P72: =HYPERLINK("01_STARTER/ST-045-EUR-01/04_Shipment_Statement.docx","Open") | Q72: GENERATED / LINKED | R72: Rev.00
A73: ST-045-STD-01 | B73: IA-ST-045-STD-01 | C73: L5 | L5 YUASA penceresiz Orta Doğu dış koli (4001105): 45 adet | D73: L5 | L5 YUASA windowless Middle East outer carton (4001105): 45 pcs | E73: IA-ST-CFG-0089 | F73: STARTER | G73: 43.916 | H73: 1 | I73: IA-PPWR-TF-ST-045-STD-01-R00 | J73: =HYPERLINK("01_STARTER/ST-045-STD-01/01_Technical_File.docx","Open") | K73: IA-PPWR-DOC-ST-045-STD-01-R00 | L73: =HYPERLINK("01_STARTER/ST-045-STD-01/02_EU_DoC.docx","Open") | M73: IA-PPWR-LBL-ST-045-STD-01-R00 | N73: =HYPERLINK("01_STARTER/ST-045-STD-01/03_Label.docx","Open") | O73: IA-PPWR-STM-ST-045-STD-01-R00 | P73: =HYPERLINK("01_STARTER/ST-045-STD-01/04_Shipment_Statement.docx","Open") | Q73: GENERATED / LINKED | R73: Rev.00
A74: ST-045-STD-02 | B74: IA-ST-045-STD-02 | C74: L5 | L5 İnci AGM LEO 95AH 870A pencereli dış koli (4001194): 45 adet | D74: L5 | L5 İnci AGM LEO 95AH 870A windowed outer carton (4001194): 45 pcs | E74: IA-ST-CFG-0090 | F74: STARTER | G74: 44.336 | H74: 1 | I74: IA-PPWR-TF-ST-045-STD-02-R00 | J74: =HYPERLINK("01_STARTER/ST-045-STD-02/01_Technical_File.docx","Open") | K74: IA-PPWR-DOC-ST-045-STD-02-R00 | L74: =HYPERLINK("01_STARTER/ST-045-STD-02/02_EU_DoC.docx","Open") | M74: IA-PPWR-LBL-ST-045-STD-02-R00 | N74: =HYPERLINK("01_STARTER/ST-045-STD-02/03_Label.docx","Open") | O74: IA-PPWR-STM-ST-045-STD-02-R00 | P74: =HYPERLINK("01_STARTER/ST-045-STD-02/04_Shipment_Statement.docx","Open") | Q74: GENERATED / LINKED | R74: Rev.00
A75: ST-045-STD-03 | B75: IA-ST-045-STD-03 | C75: L5 | L5 EAS AGM S&S 95AH 870A pencereli dış koli (4001398): 45 adet | D75: L5 | L5 EAS AGM S&S 95AH 870A windowed outer carton (4001398): 45 pcs | E75: IA-ST-CFG-0091 | F75: STARTER | G75: 44.336 | H75: 1 | I75: IA-PPWR-TF-ST-045-STD-03-R00 | J75: =HYPERLINK("01_STARTER/ST-045-STD-03/01_Technical_File.docx","Open") | K75: IA-PPWR-DOC-ST-045-STD-03-R00 | L75: =HYPERLINK("01_STARTER/ST-045-STD-03/02_EU_DoC.docx","Open") | M75: IA-PPWR-LBL-ST-045-STD-03-R00 | N75: =HYPERLINK("01_STARTER/ST-045-STD-03/03_Label.docx","Open") | O75: IA-PPWR-STM-ST-045-STD-03-R00 | P75: =HYPERLINK("01_STARTER/ST-045-STD-03/04_Shipment_Statement.docx","Open") | Q75: GENERATED / LINKED | R75: Rev.00
A76: ST-045-STD-04 | B76: IA-ST-045-STD-04 | C76: L5 | Palet (4000037): 1 adet | Separatör (4000130): 4 adet | Streç ped (4000301): 0.186 kg | Köşebent (4000590): 4 adet | D76: L5 | Pallet (4000037): 1 pc | Separator (4000130): 4 pcs | Stretch pad (4000301): 0.186 kg | Edge protector (4000590): 4 pcs | E76: IA-ST-CFG-0092 | F76: STARTER | G76: 28.206 | H76: 1 | I76: IA-PPWR-TF-ST-045-STD-04-R00 | J76: =HYPERLINK("01_STARTER/ST-045-STD-04/01_Technical_File.docx","Open") | K76: IA-PPWR-DOC-ST-045-STD-04-R00 | L76: =HYPERLINK("01_STARTER/ST-045-STD-04/02_EU_DoC.docx","Open") | M76: IA-PPWR-LBL-ST-045-STD-04-R00 | N76: =HYPERLINK("01_STARTER/ST-045-STD-04/03_Label.docx","Open") | O76: IA-PPWR-STM-ST-045-STD-04-R00 | P76: =HYPERLINK("01_STARTER/ST-045-STD-04/04_Shipment_Statement.docx","Open") | Q76: GENERATED / LINKED | R76: Rev.00
A77: ST-045-STD-05 | B77: IA-ST-045-STD-05 | C77: TRACTORL, TRACTOR | TRAKTÖR PVC üst kapak (4000494): 45 adet | Köşebent (4000590): 2 adet | D77: TRACTORL, TRACTOR | TRAKTÖR PVC upper cover (4000494): 45 pcs | Edge protector (4000590): 2 pcs | E77: IA-ST-CFG-0093 | F77: STARTER | G77: 33.3498 | H77: 18 | I77: IA-PPWR-TF-ST-045-STD-05-R00 | J77: =HYPERLINK("01_STARTER/ST-045-STD-05/01_Technical_File.docx","Open") | K77: IA-PPWR-DOC-ST-045-STD-05-R00 | L77: =HYPERLINK("01_STARTER/ST-045-STD-05/02_EU_DoC.docx","Open") | M77: IA-PPWR-LBL-ST-045-STD-05-R00 | N77: =HYPERLINK("01_STARTER/ST-045-STD-05/03_Label.docx","Open") | O77: IA-PPWR-STM-ST-045-STD-05-R00 | P77: =HYPERLINK("01_STARTER/ST-045-STD-05/04_Shipment_Statement.docx","Open") | Q77: GENERATED / LINKED | R77: Rev.00
A78: ST-045-STD-06 | B78: IA-ST-045-STD-06 | C78: L5 | Palet (4000037): 1 adet | Çember (4000450): 7 m | Shrink film (4000608): kullanılmaz | D78: L5 | Pallet (4000037): 1 pc | Strap (4000450): 7 m | Shrink film (4000608): not used | E78: IA-ST-CFG-0094 | F78: STARTER | G78: 27.9192 | H78: 1 | I78: IA-PPWR-TF-ST-045-STD-06-R00 | J78: =HYPERLINK("01_STARTER/ST-045-STD-06/01_Technical_File.docx","Open") | K78: IA-PPWR-DOC-ST-045-STD-06-R00 | L78: =HYPERLINK("01_STARTER/ST-045-STD-06/02_EU_DoC.docx","Open") | M78: IA-PPWR-LBL-ST-045-STD-06-R00 | N78: =HYPERLINK("01_STARTER/ST-045-STD-06/03_Label.docx","Open") | O78: IA-PPWR-STM-ST-045-STD-06-R00 | P78: =HYPERLINK("01_STARTER/ST-045-STD-06/04_Shipment_Statement.docx","Open") | Q78: GENERATED / LINKED | R78: Rev.00
A79: ST-045-STD-07 | B79: IA-ST-045-STD-07 | C79: LB5 | Palet (4000037): 1 adet | Shrink film (4000608): 1.53 kg | D79: LB5 | Pallet (4000037): 1 pc | Shrink film (4000608): 1.53 kg | E79: IA-ST-CFG-0095 | F79: STARTER | G79: 29.4492 | H79: 1 | I79: IA-PPWR-TF-ST-045-STD-07-R00 | J79: =HYPERLINK("01_STARTER/ST-045-STD-07/01_Technical_File.docx","Open") | K79: IA-PPWR-DOC-ST-045-STD-07-R00 | L79: =HYPERLINK("01_STARTER/ST-045-STD-07/02_EU_DoC.docx","Open") | M79: IA-PPWR-LBL-ST-045-STD-07-R00 | N79: =HYPERLINK("01_STARTER/ST-045-STD-07/03_Label.docx","Open") | O79: IA-PPWR-STM-ST-045-STD-07-R00 | P79: =HYPERLINK("01_STARTER/ST-045-STD-07/04_Shipment_Statement.docx","Open") | Q79: GENERATED / LINKED | R79: Rev.00
A80: ST-045-STD-08 | B80: IA-ST-045-STD-08 | C80: L5 | Palet (4000037): 1 adet | Köşebent (4000590): 2 adet | Shrink film (4000608): 1.8 kg | D80: L5 | Pallet (4000037): 1 pc | Edge protector (4000590): 2 pcs | Shrink film (4000608): 1.8 kg | E80: IA-ST-CFG-0096 | F80: STARTER | G80: 29.7192 | H80: 77 | I80: IA-PPWR-TF-ST-045-STD-08-R00 | J80: =HYPERLINK("01_STARTER/ST-045-STD-08/01_Technical_File.docx","Open") | K80: IA-PPWR-DOC-ST-045-STD-08-R00 | L80: =HYPERLINK("01_STARTER/ST-045-STD-08/02_EU_DoC.docx","Open") | M80: IA-PPWR-LBL-ST-045-STD-08-R00 | N80: =HYPERLINK("01_STARTER/ST-045-STD-08/03_Label.docx","Open") | O80: IA-PPWR-STM-ST-045-STD-08-R00 | P80: =HYPERLINK("01_STARTER/ST-045-STD-08/04_Shipment_Statement.docx","Open") | Q80: GENERATED / LINKED | R80: Rev.00
A81: ST-045-STD-09 | B81: IA-ST-045-STD-09 | C81: TRACTORL, TRACTOR | TRAKTÖR PVC üst kapak (4000494): 45 adet | Köşebent (4000590): kullanılmaz | D81: TRACTORL, TRACTOR | TRAKTÖR PVC upper cover (4000494): 45 pcs | Edge protector (4000590): not used | E81: IA-ST-CFG-0097 | F81: STARTER | G81: 33.063 | H81: 14 | I81: IA-PPWR-TF-ST-045-STD-09-R00 | J81: =HYPERLINK("01_STARTER/ST-045-STD-09/01_Technical_File.docx","Open") | K81: IA-PPWR-DOC-ST-045-STD-09-R00 | L81: =HYPERLINK("01_STARTER/ST-045-STD-09/02_EU_DoC.docx","Open") | M81: IA-PPWR-LBL-ST-045-STD-09-R00 | N81: =HYPERLINK("01_STARTER/ST-045-STD-09/03_Label.docx","Open") | O81: IA-PPWR-STM-ST-045-STD-09-R00 | P81: =HYPERLINK("01_STARTER/ST-045-STD-09/04_Shipment_Statement.docx","Open") | Q81: GENERATED / LINKED | R81: Rev.00
A82: ST-045-STD-10 | B82: IA-ST-045-STD-10 | C82: L5 | Palet (4000037): 1 adet | Çember (4000450): kullanılmaz | D82: L5 | Pallet (4000037): 1 pc | Strap (4000450): not used | E82: IA-ST-CFG-0098 | F82: STARTER | G82: 29.4324 | H82: 18 | I82: IA-PPWR-TF-ST-045-STD-10-R00 | J82: =HYPERLINK("01_STARTER/ST-045-STD-10/01_Technical_File.docx","Open") | K82: IA-PPWR-DOC-ST-045-STD-10-R00 | L82: =HYPERLINK("01_STARTER/ST-045-STD-10/02_EU_DoC.docx","Open") | M82: IA-PPWR-LBL-ST-045-STD-10-R00 | N82: =HYPERLINK("01_STARTER/ST-045-STD-10/03_Label.docx","Open") | O82: IA-PPWR-STM-ST-045-STD-10-R00 | P82: =HYPERLINK("01_STARTER/ST-045-STD-10/04_Shipment_Statement.docx","Open") | Q82: GENERATED / LINKED | R82: Rev.00
A83: ST-045-STD-11 | B83: IA-ST-045-STD-11 | C83: TRACTOR | Palet (4000037): 1 adet | Shrink film (4001177): 0.597 kg | D83: TRACTOR | Pallet (4000037): 1 pc | Shrink film (4001177): 0.597 kg | E83: IA-ST-CFG-0099 | F83: STARTER | G83: 28.649 | H83: 2 | I83: IA-PPWR-TF-ST-045-STD-11-R00 | J83: =HYPERLINK("01_STARTER/ST-045-STD-11/01_Technical_File.docx","Open") | K83: IA-PPWR-DOC-ST-045-STD-11-R00 | L83: =HYPERLINK("01_STARTER/ST-045-STD-11/02_EU_DoC.docx","Open") | M83: IA-PPWR-LBL-ST-045-STD-11-R00 | N83: =HYPERLINK("01_STARTER/ST-045-STD-11/03_Label.docx","Open") | O83: IA-PPWR-STM-ST-045-STD-11-R00 | P83: =HYPERLINK("01_STARTER/ST-045-STD-11/04_Shipment_Statement.docx","Open") | Q83: GENERATED / LINKED | R83: Rev.00
A84: ST-045-STD-12 | B84: IA-ST-045-STD-12 | C84: L5 | Palet (4000037): 1 adet | Köşebent (4000590): 2 adet | Shrink film (4001177): 0.597 kg | D84: L5 | Pallet (4000037): 1 pc | Edge protector (4000590): 2 pcs | Shrink film (4001177): 0.597 kg | E84: IA-ST-CFG-0100 | F84: STARTER | G84: 28.417 | H84: 1 | I84: IA-PPWR-TF-ST-045-STD-12-R00 | J84: =HYPERLINK("01_STARTER/ST-045-STD-12/01_Technical_File.docx","Open") | K84: IA-PPWR-DOC-ST-045-STD-12-R00 | L84: =HYPERLINK("01_STARTER/ST-045-STD-12/02_EU_DoC.docx","Open") | M84: IA-PPWR-LBL-ST-045-STD-12-R00 | N84: =HYPERLINK("01_STARTER/ST-045-STD-12/03_Label.docx","Open") | O84: IA-PPWR-STM-ST-045-STD-12-R00 | P84: =HYPERLINK("01_STARTER/ST-045-STD-12/04_Shipment_Statement.docx","Open") | Q84: GENERATED / LINKED | R84: Rev.00
A85: ST-045-STD-13 | B85: IA-ST-045-STD-13 | C85: L5 | Palet (4000037): 1 adet | Köşebent (4000590): 4 adet | Shrink film (4001177): 0.597 kg | D85: L5 | Pallet (4000037): 1 pc | Edge protector (4000590): 4 pcs | Shrink film (4001177): 0.597 kg | E85: IA-ST-CFG-0101 | F85: STARTER | G85: 28.617 | H85: 2 | I85: IA-PPWR-TF-ST-045-STD-13-R00 | J85: =HYPERLINK("01_STARTER/ST-045-STD-13/01_Technical_File.docx","Open") | K85: IA-PPWR-DOC-ST-045-STD-13-R00 | L85: =HYPERLINK("01_STARTER/ST-045-STD-13/02_EU_DoC.docx","Open") | M85: IA-PPWR-LBL-ST-045-STD-13-R00 | N85: =HYPERLINK("01_STARTER/ST-045-STD-13/03_Label.docx","Open") | O85: IA-PPWR-STM-ST-045-STD-13-R00 | P85: =HYPERLINK("01_STARTER/ST-045-STD-13/04_Shipment_Statement.docx","Open") | Q85: GENERATED / LINKED | R85: Rev.00
A86: ST-045-STD-14 | B86: IA-ST-045-STD-14 | C86: L5 | Palet (4000037): 1 adet | Separatör (4000130): 5 adet | D86: L5 | Pallet (4000037): 1 pc | Separator (4000130): 5 pcs | E86: IA-ST-CFG-0102 | F86: STARTER | G86: 28.476 | H86: 1 | I86: IA-PPWR-TF-ST-045-STD-14-R00 | J86: =HYPERLINK("01_STARTER/ST-045-STD-14/01_Technical_File.docx","Open") | K86: IA-PPWR-DOC-ST-045-STD-14-R00 | L86: =HYPERLINK("01_STARTER/ST-045-STD-14/02_EU_DoC.docx","Open") | M86: IA-PPWR-LBL-ST-045-STD-14-R00 | N86: =HYPERLINK("01_STARTER/ST-045-STD-14/03_Label.docx","Open") | O86: IA-PPWR-STM-ST-045-STD-14-R00 | P86: =HYPERLINK("01_STARTER/ST-045-STD-14/04_Shipment_Statement.docx","Open") | Q86: GENERATED / LINKED | R86: Rev.00
A87: ST-048-EUR-01 | B87: IA-ST-048-EUR-01 | C87: L5 | L5 İnci AGM LEO 95AH 870A pencereli dış koli (4001194): 48 adet | D87: L5 | L5 İnci AGM LEO 95AH 870A windowed outer carton (4001194): 48 pcs | E87: IA-ST-CFG-0105 | F87: STARTER | G87: 44.6524 | H87: 1 | I87: IA-PPWR-TF-ST-048-EUR-01-R00 | J87: =HYPERLINK("01_STARTER/ST-048-EUR-01/01_Technical_File.docx","Open") | K87: IA-PPWR-DOC-ST-048-EUR-01-R00 | L87: =HYPERLINK("01_STARTER/ST-048-EUR-01/02_EU_DoC.docx","Open") | M87: IA-PPWR-LBL-ST-048-EUR-01-R00 | N87: =HYPERLINK("01_STARTER/ST-048-EUR-01/03_Label.docx","Open") | O87: IA-PPWR-STM-ST-048-EUR-01-R00 | P87: =HYPERLINK("01_STARTER/ST-048-EUR-01/04_Shipment_Statement.docx","Open") | Q87: GENERATED / LINKED | R87: Rev.00
A88: ST-048-EUR-02 | B88: IA-ST-048-EUR-02 | C88: D26 | D26 PVC üst kapak (4000440): 48 adet | D88: D26 | D26 PVC upper cover (4000440): 48 pcs | E88: IA-ST-CFG-0107 | F88: STARTER | G88: 32.3872 | H88: 11 | I88: IA-PPWR-TF-ST-048-EUR-02-R00 | J88: =HYPERLINK("01_STARTER/ST-048-EUR-02/01_Technical_File.docx","Open") | K88: IA-PPWR-DOC-ST-048-EUR-02-R00 | L88: =HYPERLINK("01_STARTER/ST-048-EUR-02/02_EU_DoC.docx","Open") | M88: IA-PPWR-LBL-ST-048-EUR-02-R00 | N88: =HYPERLINK("01_STARTER/ST-048-EUR-02/03_Label.docx","Open") | O88: IA-PPWR-STM-ST-048-EUR-02-R00 | P88: =HYPERLINK("01_STARTER/ST-048-EUR-02/04_Shipment_Statement.docx","Open") | Q88: GENERATED / LINKED | R88: Rev.00
A89: ST-048-EUR-03 | B89: IA-ST-048-EUR-03 | C89: D31 | Palet (4000038): 1 adet | EPS (4000573): 24 adet | D89: D31 | Pallet (4000038): 1 pc | EPS (4000573): 24 pcs | E89: IA-ST-CFG-0109 | F89: STARTER | G89: 29.174 | H89: 1 | I89: IA-PPWR-TF-ST-048-EUR-03-R00 | J89: =HYPERLINK("01_STARTER/ST-048-EUR-03/01_Technical_File.docx","Open") | K89: IA-PPWR-DOC-ST-048-EUR-03-R00 | L89: =HYPERLINK("01_STARTER/ST-048-EUR-03/02_EU_DoC.docx","Open") | M89: IA-PPWR-LBL-ST-048-EUR-03-R00 | N89: =HYPERLINK("01_STARTER/ST-048-EUR-03/03_Label.docx","Open") | O89: IA-PPWR-STM-ST-048-EUR-03-R00 | P89: =HYPERLINK("01_STARTER/ST-048-EUR-03/04_Shipment_Statement.docx","Open") | Q89: GENERATED / LINKED | R89: Rev.00
A90: ST-048-EUR-04 | B90: IA-ST-048-EUR-04 | C90: L5 | Palet (4000038): 1 adet | Shrink film (4000608): 1.92 kg | D90: L5 | Pallet (4000038): 1 pc | Shrink film (4000608): 1.92 kg | E90: IA-ST-CFG-0110 | F90: STARTER | G90: 30.046 | H90: 1 | I90: IA-PPWR-TF-ST-048-EUR-04-R00 | J90: =HYPERLINK("01_STARTER/ST-048-EUR-04/01_Technical_File.docx","Open") | K90: IA-PPWR-DOC-ST-048-EUR-04-R00 | L90: =HYPERLINK("01_STARTER/ST-048-EUR-04/02_EU_DoC.docx","Open") | M90: IA-PPWR-LBL-ST-048-EUR-04-R00 | N90: =HYPERLINK("01_STARTER/ST-048-EUR-04/03_Label.docx","Open") | O90: IA-PPWR-STM-ST-048-EUR-04-R00 | P90: =HYPERLINK("01_STARTER/ST-048-EUR-04/04_Shipment_Statement.docx","Open") | Q90: GENERATED / LINKED | R90: Rev.00
A91: ST-048-EUR-05 | B91: IA-ST-048-EUR-05 | C91: D31 | Palet (4000038): 1 adet | Honeycomb (4001186): 3 adet | D91: D31 | Pallet (4000038): 1 pc | Honeycomb (4001186): 3 pcs | E91: IA-ST-CFG-0111 | F91: STARTER | G91: 30.326 | H91: 9 | I91: IA-PPWR-TF-ST-048-EUR-05-R00 | J91: =HYPERLINK("01_STARTER/ST-048-EUR-05/01_Technical_File.docx","Open") | K91: IA-PPWR-DOC-ST-048-EUR-05-R00 | L91: =HYPERLINK("01_STARTER/ST-048-EUR-05/02_EU_DoC.docx","Open") | M91: IA-PPWR-LBL-ST-048-EUR-05-R00 | N91: =HYPERLINK("01_STARTER/ST-048-EUR-05/03_Label.docx","Open") | O91: IA-PPWR-STM-ST-048-EUR-05-R00 | P91: =HYPERLINK("01_STARTER/ST-048-EUR-05/04_Shipment_Statement.docx","Open") | Q91: GENERATED / LINKED | R91: Rev.00
A92: ST-048-EUR-06 | B92: IA-ST-048-EUR-06 | C92: D31 | Palet (4000038): 1 adet | Köşebent (4000590): 4 adet | EPS (4001247): 3 adet | D92: D31 | Pallet (4000038): 1 pc | Edge protector (4000590): 4 pcs | EPS (4001247): 3 pcs | E92: IA-ST-CFG-0112 | F92: STARTER | G92: 27.506 | H92: 4 | I92: IA-PPWR-TF-ST-048-EUR-06-R00 | J92: =HYPERLINK("01_STARTER/ST-048-EUR-06/01_Technical_File.docx","Open") | K92: IA-PPWR-DOC-ST-048-EUR-06-R00 | L92: =HYPERLINK("01_STARTER/ST-048-EUR-06/02_EU_DoC.docx","Open") | M92: IA-PPWR-LBL-ST-048-EUR-06-R00 | N92: =HYPERLINK("01_STARTER/ST-048-EUR-06/03_Label.docx","Open") | O92: IA-PPWR-STM-ST-048-EUR-06-R00 | P92: =HYPERLINK("01_STARTER/ST-048-EUR-06/04_Shipment_Statement.docx","Open") | Q92: GENERATED / LINKED | R92: Rev.00
A93: ST-048-EUR-07 | B93: IA-ST-048-EUR-07 | C93: L3 | Palet (4000038): 1 adet | Köşebent (4000590): 4 adet | D93: L3 | Pallet (4000038): 1 pc | Edge protector (4000590): 4 pcs | E93: IA-ST-CFG-0113 | F93: STARTER | G93: 27.926 | H93: 14 | I93: IA-PPWR-TF-ST-048-EUR-07-R00 | J93: =HYPERLINK("01_STARTER/ST-048-EUR-07/01_Technical_File.docx","Open") | K93: IA-PPWR-DOC-ST-048-EUR-07-R00 | L93: =HYPERLINK("01_STARTER/ST-048-EUR-07/02_EU_DoC.docx","Open") | M93: IA-PPWR-LBL-ST-048-EUR-07-R00 | N93: =HYPERLINK("01_STARTER/ST-048-EUR-07/03_Label.docx","Open") | O93: IA-PPWR-STM-ST-048-EUR-07-R00 | P93: =HYPERLINK("01_STARTER/ST-048-EUR-07/04_Shipment_Statement.docx","Open") | Q93: GENERATED / LINKED | R93: Rev.00
A94: ST-048-EUR-08 | B94: IA-ST-048-EUR-08 | C94: L5 | Palet (4000038): 1 adet | Köşebent (4000590): 4 adet | Shrink film (4000608): kullanılmaz | D94: L5 | Pallet (4000038): 1 pc | Edge protector (4000590): 4 pcs | Shrink film (4000608): not used | E94: IA-ST-CFG-0114 | F94: STARTER | G94: 28.126 | H94: 5 | I94: IA-PPWR-TF-ST-048-EUR-08-R00 | J94: =HYPERLINK("01_STARTER/ST-048-EUR-08/01_Technical_File.docx","Open") | K94: IA-PPWR-DOC-ST-048-EUR-08-R00 | L94: =HYPERLINK("01_STARTER/ST-048-EUR-08/02_EU_DoC.docx","Open") | M94: IA-PPWR-LBL-ST-048-EUR-08-R00 | N94: =HYPERLINK("01_STARTER/ST-048-EUR-08/03_Label.docx","Open") | O94: IA-PPWR-STM-ST-048-EUR-08-R00 | P94: =HYPERLINK("01_STARTER/ST-048-EUR-08/04_Shipment_Statement.docx","Open") | Q94: GENERATED / LINKED | R94: Rev.00
A95: ST-048-EUR-09 | B95: IA-ST-048-EUR-09 | C95: D31 | D31 PVC üst kapak (4001310): 48 adet | D95: D31 | D31 PVC upper cover (4001310): 48 pcs | E95: IA-ST-CFG-0115 | F95: STARTER | G95: 32.8524 | H95: 23 | I95: IA-PPWR-TF-ST-048-EUR-09-R00 | J95: =HYPERLINK("01_STARTER/ST-048-EUR-09/01_Technical_File.docx","Open") | K95: IA-PPWR-DOC-ST-048-EUR-09-R00 | L95: =HYPERLINK("01_STARTER/ST-048-EUR-09/02_EU_DoC.docx","Open") | M95: IA-PPWR-LBL-ST-048-EUR-09-R00 | N95: =HYPERLINK("01_STARTER/ST-048-EUR-09/03_Label.docx","Open") | O95: IA-PPWR-STM-ST-048-EUR-09-R00 | P95: =HYPERLINK("01_STARTER/ST-048-EUR-09/04_Shipment_Statement.docx","Open") | Q95: GENERATED / LINKED | R95: Rev.00
A96: ST-048-EUR-10 | B96: IA-ST-048-EUR-10 | C96: L5, LB5 | Palet (4000038): 1 adet | Shrink film (4000608): 1.92 kg | D96: L5, LB5 | Pallet (4000038): 1 pc | Shrink film (4000608): 1.92 kg | E96: IA-ST-CFG-0116 | F96: STARTER | G96: 29.7592 | H96: 28 | I96: IA-PPWR-TF-ST-048-EUR-10-R00 | J96: =HYPERLINK("01_STARTER/ST-048-EUR-10/01_Technical_File.docx","Open") | K96: IA-PPWR-DOC-ST-048-EUR-10-R00 | L96: =HYPERLINK("01_STARTER/ST-048-EUR-10/02_EU_DoC.docx","Open") | M96: IA-PPWR-LBL-ST-048-EUR-10-R00 | N96: =HYPERLINK("01_STARTER/ST-048-EUR-10/03_Label.docx","Open") | O96: IA-PPWR-STM-ST-048-EUR-10-R00 | P96: =HYPERLINK("01_STARTER/ST-048-EUR-10/04_Shipment_Statement.docx","Open") | Q96: GENERATED / LINKED | R96: Rev.00
A97: ST-048-EUR-11 | B97: IA-ST-048-EUR-11 | C97: D31 | Palet (4000038): 1 adet | Köşebent (4000590): 2 adet | EPS (4001247): 3 adet | D97: D31 | Pallet (4000038): 1 pc | Edge protector (4000590): 2 pcs | EPS (4001247): 3 pcs | E97: IA-ST-CFG-0117 | F97: STARTER | G97: 27.8192 | H97: 1 | I97: IA-PPWR-TF-ST-048-EUR-11-R00 | J97: =HYPERLINK("01_STARTER/ST-048-EUR-11/01_Technical_File.docx","Open") | K97: IA-PPWR-DOC-ST-048-EUR-11-R00 | L97: =HYPERLINK("01_STARTER/ST-048-EUR-11/02_EU_DoC.docx","Open") | M97: IA-PPWR-LBL-ST-048-EUR-11-R00 | N97: =HYPERLINK("01_STARTER/ST-048-EUR-11/03_Label.docx","Open") | O97: IA-PPWR-STM-ST-048-EUR-11-R00 | P97: =HYPERLINK("01_STARTER/ST-048-EUR-11/04_Shipment_Statement.docx","Open") | Q97: GENERATED / LINKED | R97: Rev.00
A98: ST-048-EUR-12 | B98: IA-ST-048-EUR-12 | C98: LB5, L5 | Palet (4000038): 1 adet | Köşebent (4000590): 2 adet | D98: LB5, L5 | Pallet (4000038): 1 pc | Edge protector (4000590): 2 pcs | E98: IA-ST-CFG-0118 | F98: STARTER | G98: 27.8392 | H98: 5 | I98: IA-PPWR-TF-ST-048-EUR-12-R00 | J98: =HYPERLINK("01_STARTER/ST-048-EUR-12/01_Technical_File.docx","Open") | K98: IA-PPWR-DOC-ST-048-EUR-12-R00 | L98: =HYPERLINK("01_STARTER/ST-048-EUR-12/02_EU_DoC.docx","Open") | M98: IA-PPWR-LBL-ST-048-EUR-12-R00 | N98: =HYPERLINK("01_STARTER/ST-048-EUR-12/03_Label.docx","Open") | O98: IA-PPWR-STM-ST-048-EUR-12-R00 | P98: =HYPERLINK("01_STARTER/ST-048-EUR-12/04_Shipment_Statement.docx","Open") | Q98: GENERATED / LINKED | R98: Rev.00
A99: ST-048-STD-01 | B99: IA-ST-048-STD-01 | C99: L1 | L1 YUASA penceresiz Orta Doğu dış koli (4001312): 48 adet | D99: L1 | L1 YUASA windowless Middle East outer carton (4001312): 48 pcs | E99: IA-ST-CFG-0104 | F99: STARTER | G99: 40.316 | H99: 1 | I99: IA-PPWR-TF-ST-048-STD-01-R00 | J99: =HYPERLINK("01_STARTER/ST-048-STD-01/01_Technical_File.docx","Open") | K99: IA-PPWR-DOC-ST-048-STD-01-R00 | L99: =HYPERLINK("01_STARTER/ST-048-STD-01/02_EU_DoC.docx","Open") | M99: IA-PPWR-LBL-ST-048-STD-01-R00 | N99: =HYPERLINK("01_STARTER/ST-048-STD-01/03_Label.docx","Open") | O99: IA-PPWR-STM-ST-048-STD-01-R00 | P99: =HYPERLINK("01_STARTER/ST-048-STD-01/04_Shipment_Statement.docx","Open") | Q99: GENERATED / LINKED | R99: Rev.00
A100: ST-048-STD-02 | B100: IA-ST-048-STD-02 | C100: L2 | Palet (4000037): 1 adet | Shrink film (4000558): 1.824 kg | D100: L2 | Pallet (4000037): 1 pc | Shrink film (4000558): 1.824 kg | E100: IA-ST-CFG-0106 | F100: STARTER | G100: 29.76 | H100: 1 | I100: IA-PPWR-TF-ST-048-STD-02-R00 | J100: =HYPERLINK("01_STARTER/ST-048-STD-02/01_Technical_File.docx","Open") | K100: IA-PPWR-DOC-ST-048-STD-02-R00 | L100: =HYPERLINK("01_STARTER/ST-048-STD-02/02_EU_DoC.docx","Open") | M100: IA-PPWR-LBL-ST-048-STD-02-R00 | N100: =HYPERLINK("01_STARTER/ST-048-STD-02/03_Label.docx","Open") | O100: IA-PPWR-STM-ST-048-STD-02-R00 | P100: =HYPERLINK("01_STARTER/ST-048-STD-02/04_Shipment_Statement.docx","Open") | Q100: GENERATED / LINKED | R100: Rev.00
...

Sheet TECHNICAL_FILES
A1: Technical File Code | B1: Packaging Set Code | C1: Configuration ID | D1: Variant Basis | E1: Source BOM | F1: Product Count | G1: BOM Line Count | H1: Packaging Tare | I1: Article 5 Assessment Basis | J1: Drawing Status | K1: Photo Status | L1: Revision | M1: Open Technical File
A2: IA-PPWR-TF-CNT-20-EUR-01-R00 | B2: CNT-20-EUR-01 | C2: IA-CNT-20-EUR-01 | D2: Container loading | OSB (5501806): 11 adet | Separatör (4000130): 10 adet | E2: IA-CNT-20-EUR | F2: 0 | G2: 8 | H2: 83.06 | I2: REV00 CURRENT EVIDENCE BASIS — ARTICLE 5 ASSESSMENT BASIS | J2: PENDING - DRAWING | K2: PENDING - PHOTOGRAPHS | L2: Rev.00 | M2: =HYPERLINK("03_CONTAINER/CNT-20-EUR-01/01_Technical_File.docx","Open")
A3: IA-PPWR-TF-CNT-20-STD-01-R00 | B3: CNT-20-STD-01 | C3: IA-CNT-20-STD-01 | D3: Container loading | OSB (5501805): 10 adet | Separatör (4000130): 10 adet | E3: IA-CNT-20-STD | F3: 0 | G3: 8 | H3: 78.06 | I3: REV00 CURRENT EVIDENCE BASIS — ARTICLE 5 ASSESSMENT BASIS | J3: PENDING - DRAWING | K3: PENDING - PHOTOGRAPHS | L3: Rev.00 | M3: =HYPERLINK("03_CONTAINER/CNT-20-STD-01/01_Technical_File.docx","Open")
A4: IA-PPWR-TF-CNT-40-IND-01-R00 | B4: CNT-40-IND-01 | C4: IA-CNT-40-IND-01 | D4: Container loading | Hava yastığı (5500759): 26 adet | Bağlama halatı (5500762): 12 m | E4: IA-CNT-40-IND | F4: 0 | G4: 5 | H4: 12.76 | I4: REV00 CURRENT EVIDENCE BASIS — ARTICLE 5 ASSESSMENT BASIS | J4: PENDING - DRAWING | K4: PENDING - PHOTOGRAPHS | L4: Rev.00 | M4: =HYPERLINK("03_CONTAINER/CNT-40-IND-01/01_Technical_File.docx","Open")
A5: IA-PPWR-TF-CNT-DE-HAM-01-R00 | B5: CNT-DE-HAM-01 | C5: IA-CNT-DE-HAM-01 | D5: Container loading | Sabitleme Tahtası ( 206×9×9 ) (Hamburg): 2 adet | E5: IA-CNT-DE-HAMBURG | F5: 0 | G5: 3 | H5: 194 | I5: REV00 CURRENT EVIDENCE BASIS — ARTICLE 5 ASSESSMENT BASIS | J5: PENDING - DRAWING | K5: PENDING - PHOTOGRAPHS | L5: Rev.00 | M5: =HYPERLINK("03_CONTAINER/CNT-DE-HAM-01/01_Technical_File.docx","Open")
A6: IA-PPWR-TF-IND-24V-01-R00 | B6: IND-24V-01 | C6: IA-IND-24V-01 | D6: 24V | Palet (4001005): 1 adet | E6: IA-IND-24V | F6: 0 | G6: 6 | H6: 27.388 | I6: REV00 CURRENT EVIDENCE BASIS — ARTICLE 5 ASSESSMENT BASIS | J6: PENDING - DRAWING | K6: PENDING - PHOTOGRAPHS | L6: Rev.00 | M6: =HYPERLINK("02_INDUSTRIAL/IND-24V-01/01_Technical_File.docx","Open")
A7: IA-PPWR-TF-IND-48V-01-R00 | B7: IND-48V-01 | C7: IA-IND-48V-01 | D7: 48V | Palet (4001005): 1 adet | E7: IA-IND-48V | F7: 0 | G7: 6 | H7: 27.5767 | I7: REV00 CURRENT EVIDENCE BASIS — ARTICLE 5 ASSESSMENT BASIS | J7: PENDING - DRAWING | K7: PENDING - PHOTOGRAPHS | L7: Rev.00 | M7: =HYPERLINK("02_INDUSTRIAL/IND-48V-01/01_Technical_File.docx","Open")
A8: IA-PPWR-TF-IND-80V-01-R00 | B8: IND-80V-01 | C8: IA-IND-80V-01 | D8: 80V | Palet (4000973): 1 adet | E8: IA-IND-80V | F8: 0 | G8: 6 | H8: 32.63147 | I8: REV00 CURRENT EVIDENCE BASIS — ARTICLE 5 ASSESSMENT BASIS | J8: PENDING - DRAWING | K8: PENDING - PHOTOGRAPHS | L8: Rev.00 | M8: =HYPERLINK("02_INDUSTRIAL/IND-80V-01/01_Technical_File.docx","Open")
A9: IA-PPWR-TF-ST-012-EUR-01-R00 | B9: ST-012-EUR-01 | C9: IA-ST-012-EUR-01 | D9: C | Palet (4000038): 1 adet | Köşebent (4000590): 4 adet | E9: IA-ST-CFG-0004 | F9: 1 | G9: 7 | H9: 29.326 | I9: REV00 CURRENT EVIDENCE BASIS — ARTICLE 5 ASSESSMENT BASIS | J9: PENDING - DRAWING | K9: PENDING - PHOTOGRAPHS | L9: Rev.00 | M9: =HYPERLINK("01_STARTER/ST-012-EUR-01/01_Technical_File.docx","Open")
A10: IA-PPWR-TF-ST-012-EUR-02-R00 | B10: ST-012-EUR-02 | C10: IA-ST-012-EUR-02 | D10: L6 | Palet (4000038): 1 adet | Köşebent (4000590): 4 adet | E10: IA-ST-CFG-0005 | F10: 1 | G10: 6 | H10: 27.526 | I10: REV00 CURRENT EVIDENCE BASIS — ARTICLE 5 ASSESSMENT BASIS | J10: PENDING - DRAWING | K10: PENDING - PHOTOGRAPHS | L10: Rev.00 | M10: =HYPERLINK("01_STARTER/ST-012-EUR-02/01_Technical_File.docx","Open")
A11: IA-PPWR-TF-ST-012-EUR-03-R00 | B11: ST-012-EUR-03 | C11: IA-ST-012-EUR-03 | D11: C | Palet (4000038): 1 adet | Köşebent (4000590): 2 adet | E11: IA-ST-CFG-0006 | F11: 2 | G11: 7 | H11: 29.0392 | I11: REV00 CURRENT EVIDENCE BASIS — ARTICLE 5 ASSESSMENT BASIS | J11: PENDING - DRAWING | K11: PENDING - PHOTOGRAPHS | L11: Rev.00 | M11: =HYPERLINK("01_STARTER/ST-012-EUR-03/01_Technical_File.docx","Open")
A12: IA-PPWR-TF-ST-018-EUR-01-R00 | B12: ST-018-EUR-01 | C12: IA-ST-018-EUR-01 | D12: C | Palet (4000038): 1 adet | Köşebent (4001160): 4 adet | E12: IA-ST-CFG-0012 | F12: 1 | G12: 9 | H12: 32.434 | I12: REV00 CURRENT EVIDENCE BASIS — ARTICLE 5 ASSESSMENT BASIS | J12: PENDING - DRAWING | K12: PENDING - PHOTOGRAPHS | L12: Rev.00 | M12: =HYPERLINK("01_STARTER/ST-018-EUR-01/01_Technical_File.docx","Open")
A13: IA-PPWR-TF-ST-018-EUR-02-R00 | B13: ST-018-EUR-02 | C13: IA-ST-018-EUR-02 | D13: C | Palet (4000038): 1 adet | Köşebent (4000590): 4 adet | E13: IA-ST-CFG-0013 | F13: 4 | G13: 7 | H13: 30.194 | I13: REV00 CURRENT EVIDENCE BASIS — ARTICLE 5 ASSESSMENT BASIS | J13: PENDING - DRAWING | K13: PENDING - PHOTOGRAPHS | L13: Rev.00 | M13: =HYPERLINK("01_STARTER/ST-018-EUR-02/01_Technical_File.docx","Open")
A14: IA-PPWR-TF-ST-018-EUR-03-R00 | B14: ST-018-EUR-03 | C14: IA-ST-018-EUR-03 | D14: C | Palet (4000038): 1 adet | Shrink film (4000557): 1.08 kg | Köşebent (4000590): 2 adet | E14: IA-ST-CFG-0014 | F14: 23 | G14: 8 | H14: 30.9872 | I14: REV00 CURRENT EVIDENCE BASIS — ARTICLE 5 ASSESSMENT BASIS | J14: PENDING - DRAWING | K14: PENDING - PHOTOGRAPHS | L14: Rev.00 | M14: =HYPERLINK("01_STARTER/ST-018-EUR-03/01_Technical_File.docx","Open")
A15: IA-PPWR-TF-ST-018-EUR-04-R00 | B15: ST-018-EUR-04 | C15: IA-ST-018-EUR-04 | D15: C | Palet (4000038): 1 adet | Honeycomb (4001186): 3 adet | E15: IA-ST-CFG-0015 | F15: 6 | G15: 7 | H15: 30.0392 | I15: REV00 CURRENT EVIDENCE BASIS — ARTICLE 5 ASSESSMENT BASIS | J15: PENDING - DRAWING | K15: PENDING - PHOTOGRAPHS | L15: Rev.00 | M15: =HYPERLINK("01_STARTER/ST-018-EUR-04/01_Technical_File.docx","Open")
A16: IA-PPWR-TF-ST-018-EUR-05-R00 | B16: ST-018-EUR-05 | C16: IA-ST-018-EUR-05 | D16: C | Palet (4000038): 1 adet | Çember (4000450): kullanılmaz | E16: IA-ST-CFG-0016 | F16: 7 | G16: 6 | H16: 30.7004 | I16: REV00 CURRENT EVIDENCE BASIS — ARTICLE 5 ASSESSMENT BASIS | J16: PENDING - DRAWING | K16: PENDING - PHOTOGRAPHS | L16: Rev.00 | M16: =HYPERLINK("01_STARTER/ST-018-EUR-05/01_Technical_File.docx","Open")
A17: IA-PPWR-TF-ST-021-EUR-01-R00 | B17: ST-021-EUR-01 | C17: IA-ST-021-EUR-01 | D17: B | B TİPİ PVC üst kapak (4000591): 21 adet | E17: IA-ST-CFG-0027 | F17: 1 | G17: 9 | H17: 32.37481 | I17: REV00 CURRENT EVIDENCE BASIS — ARTICLE 5 ASSESSMENT BASIS | J17: PENDING - DRAWING | K17: PENDING - PHOTOGRAPHS | L17: Rev.00 | M17: =HYPERLINK("01_STARTER/ST-021-EUR-01/01_Technical_File.docx","Open")
A18: IA-PPWR-TF-ST-021-EUR-02-R00 | B18: ST-021-EUR-02 | C18: IA-ST-021-EUR-02 | D18: B | Palet (4000038): 1 adet | Köşebent (4000590): 4 adet | E18: IA-ST-CFG-0028 | F18: 3 | G18: 7 | H18: 29.9 | I18: REV00 CURRENT EVIDENCE BASIS — ARTICLE 5 ASSESSMENT BASIS | J18: PENDING - DRAWING | K18: PENDING - PHOTOGRAPHS | L18: Rev.00 | M18: =HYPERLINK("01_STARTER/ST-021-EUR-02/01_Technical_File.docx","Open")
A19: IA-PPWR-TF-ST-021-EUR-03-R00 | B19: ST-021-EUR-03 | C19: IA-ST-021-EUR-03 | D19: B | Palet (4000038): 1 adet | Shrink film (4000557): 1.155 kg | EPS (4001290): 21 adet | E19: IA-ST-CFG-0029 | F19: 22 | G19: 8 | H19: 30.7682 | I19: REV00 CURRENT EVIDENCE BASIS — ARTICLE 5 ASSESSMENT BASIS | J19: PENDING - DRAWING | K19: PENDING - PHOTOGRAPHS | L19: Rev.00 | M19: =HYPERLINK("01_STARTER/ST-021-EUR-03/01_Technical_File.docx","Open")
A20: IA-PPWR-TF-ST-021-EUR-04-R00 | B20: ST-021-EUR-04 | C20: IA-ST-021-EUR-04 | D20: B | Palet (4000038): 1 adet | Honeycomb (4001186): 3 adet | E20: IA-ST-CFG-0030 | F20: 16 | G20: 7 | H20: 30.0392 | I20: REV00 CURRENT EVIDENCE BASIS — ARTICLE 5 ASSESSMENT BASIS | J20: PENDING - DRAWING | K20: PENDING - PHOTOGRAPHS | L20: Rev.00 | M20: =HYPERLINK("01_STARTER/ST-021-EUR-04/01_Technical_File.docx","Open")
A21: IA-PPWR-TF-ST-021-EUR-05-R00 | B21: ST-021-EUR-05 | C21: IA-ST-021-EUR-05 | D21: B | Palet (4000038): 1 adet | Shrink film (4000557): kullanılmaz | Köşebent (4000590): 2 adet | EPS (4001290): 21 adet | E21: IA-ST-CFG-0031 | F21: 1 | G21: 7 | H21: 29.6132 | I21: REV00 CURRENT EVIDENCE BASIS — ARTICLE 5 ASSESSMENT BASIS | J21: PENDING - DRAWING | K21: PENDING - PHOTOGRAPHS | L21: Rev.00 | M21: =HYPERLINK("01_STARTER/ST-021-EUR-05/01_Technical_File.docx","Open")
A22: IA-PPWR-TF-ST-021-STD-01-R00 | B22: ST-021-STD-01 | C22: IA-ST-021-STD-01 | D22: C | Palet (4000037): 1 adet | Streç ped (4000301): 0.175 kg | E22: IA-ST-CFG-0020 | F22: 1 | G22: 8 | H22: 31.8142 | I22: REV00 CURRENT EVIDENCE BASIS — ARTICLE 5 ASSESSMENT BASIS | J22: PENDING - DRAWING | K22: PENDING - PHOTOGRAPHS | L22: Rev.00 | M22: =HYPERLINK("01_STARTER/ST-021-STD-01/01_Technical_File.docx","Open")
A23: IA-PPWR-TF-ST-021-STD-02-R00 | B23: ST-021-STD-02 | C23: IA-ST-021-STD-02 | D23: C | Palet (4000037): 1 adet | Köşebent (4000590): 4 adet | E23: IA-ST-CFG-0021 | F23: 1 | G23: 8 | H23: 32.112 | I23: REV00 CURRENT EVIDENCE BASIS — ARTICLE 5 ASSESSMENT BASIS | J23: PENDING - DRAWING | K23: PENDING - PHOTOGRAPHS | L23: Rev.00 | M23: =HYPERLINK("01_STARTER/ST-021-STD-02/01_Technical_File.docx","Open")
A24: IA-PPWR-TF-ST-021-STD-03-R00 | B24: ST-021-STD-03 | C24: IA-ST-021-STD-03 | D24: C | Palet (4000037): 1 adet | Streç ped (4000301): 0.186 kg | Köşebent (4000590): 2 adet | E24: IA-ST-CFG-0023 | F24: 52 | G24: 8 | H24: 31.8252 | I24: REV00 CURRENT EVIDENCE BASIS — ARTICLE 5 ASSESSMENT BASIS | J24: PENDING - DRAWING | K24: PENDING - PHOTOGRAPHS | L24: Rev.00 | M24: =HYPERLINK("01_STARTER/ST-021-STD-03/01_Technical_File.docx","Open")
A25: IA-PPWR-TF-ST-021-STD-04-R00 | B25: ST-021-STD-04 | C25: IA-ST-021-STD-04 | D25: C | Palet (4000037): 1 adet | Çember (4000450): kullanılmaz | E25: IA-ST-CFG-0024 | F25: 24 | G25: 6 | H25: 31.5384 | I25: REV00 CURRENT EVIDENCE BASIS — ARTICLE 5 ASSESSMENT BASIS | J25: PENDING - DRAWING | K25: PENDING - PHOTOGRAPHS | L25: Rev.00 | M25: =HYPERLINK("01_STARTER/ST-021-STD-04/01_Technical_File.docx","Open")
A26: IA-PPWR-TF-ST-021-STD-05-R00 | B26: ST-021-STD-05 | C26: IA-ST-021-STD-05 | D26: C | Palet (4000037): 1 adet | Shrink film (4001177): 0.597 kg | E26: IA-ST-CFG-0025 | F26: 1 | G26: 7 | H26: 30.983 | I26: REV00 CURRENT EVIDENCE BASIS — ARTICLE 5 ASSESSMENT BASIS | J26: PENDING - DRAWING | K26: PENDING - PHOTOGRAPHS | L26: Rev.00 | M26: =HYPERLINK("01_STARTER/ST-021-STD-05/01_Technical_File.docx","Open")
A27: IA-PPWR-TF-ST-024-EUR-01-R00 | B27: ST-024-EUR-01 | C27: IA-ST-024-EUR-01 | D27: TRACTOR | Palet (4000038): 1 adet | Honeycomb (4001186): 2 adet | E27: IA-ST-CFG-0035 | F27: 1 | G27: 8 | H27: 36.726 | I27: REV00 CURRENT EVIDENCE BASIS — ARTICLE 5 ASSESSMENT BASIS | J27: PENDING - DRAWING | K27: PENDING - PHOTOGRAPHS | L27: Rev.00 | M27: =HYPERLINK("01_STARTER/ST-024-EUR-01/01_Technical_File.docx","Open")
A28: IA-PPWR-TF-ST-024-EUR-02-R00 | B28: ST-024-EUR-02 | C28: IA-ST-024-EUR-02 | D28: A | A TİPİ VAKUM PVC PVC üst kapak (4000720): 24 adet | E28: IA-ST-CFG-0037 | F28: 1 | G28: 9 | H28: 32.84464 | I28: REV00 CURRENT EVIDENCE BASIS — ARTICLE 5 ASSESSMENT BASIS | J28: PENDING - DRAWING | K28: PENDING - PHOTOGRAPHS | L28: Rev.00 | M28: =HYPERLINK("01_STARTER/ST-024-EUR-02/01_Technical_File.docx","Open")
A29: IA-PPWR-TF-ST-024-EUR-03-R00 | B29: ST-024-EUR-03 | C29: IA-ST-024-EUR-03 | D29: A | Palet (4000038): 1 adet | Köşebent (4000590): 4 adet | E29: IA-ST-CFG-0038 | F29: 2 | G29: 7 | H29: 29.63 | I29: REV00 CURRENT EVIDENCE BASIS — ARTICLE 5 ASSESSMENT BASIS | J29: PENDING - DRAWING | K29: PENDING - PHOTOGRAPHS | L29: Rev.00 | M29: =HYPERLINK("01_STARTER/ST-024-EUR-03/01_Technical_File.docx","Open")
A30: IA-PPWR-TF-ST-024-EUR-04-R00 | B30: ST-024-EUR-04 | C30: IA-ST-024-EUR-04 | D30: A | Palet (4000038): 1 adet | Köşebent (4000590): 2 adet | E30: IA-ST-CFG-0039 | F30: 18 | G30: 8 | H30: 30.6632 | I30: REV00 CURRENT EVIDENCE BASIS — ARTICLE 5 ASSESSMENT BASIS | J30: PENDING - DRAWING | K30: PENDING - PHOTOGRAPHS | L30: Rev.00 | M30: =HYPERLINK("01_STARTER/ST-024-EUR-04/01_Technical_File.docx","Open")
A31: IA-PPWR-TF-ST-024-STD-01-R00 | B31: ST-024-STD-01 | C31: IA-ST-024-STD-01 | D31: C | Palet (4000037): 1 adet | EPS (4001281): 24 adet | E31: IA-ST-CFG-0034 | F31: 1 | G31: 7 | H31: 31.23 | I31: REV00 CURRENT EVIDENCE BASIS — ARTICLE 5 ASSESSMENT BASIS | J31: PENDING - DRAWING | K31: PENDING - PHOTOGRAPHS | L31: Rev.00 | M31: =HYPERLINK("01_STARTER/ST-024-STD-01/01_Technical_File.docx","Open")
A32: IA-PPWR-TF-ST-027-STD90-01-R00 | B32: ST-027-STD90-01 | C32: IA-ST-027-STD90-01 | D32: TANK | TANK PVC üst kapak (4000493): 27 adet | Çember (4000450): 7 m | E32: IA-ST-CFG-0043 | F32: 1 | G32: 8 | H32: 25.58996 | I32: REV00 CURRENT EVIDENCE BASIS — ARTICLE 5 ASSESSMENT BASIS | J32: PENDING - DRAWING | K32: PENDING - PHOTOGRAPHS | L32: Rev.00 | M32: =HYPERLINK("01_STARTER/ST-027-STD90-01/01_Technical_File.docx","Open")
A33: IA-PPWR-TF-ST-027-STD90-02-R00 | B33: ST-027-STD90-02 | C33: IA-ST-027-STD90-02 | D33: TANK | TANK PVC üst kapak (4000493): 27 adet | Çember (4000450): kullanılmaz | E33: IA-ST-CFG-0044 | F33: 1 | G33: 7 | H33: 25.50316 | I33: REV00 CURRENT EVIDENCE BASIS — ARTICLE 5 ASSESSMENT BASIS | J33: PENDING - DRAWING | K33: PENDING - PHOTOGRAPHS | L33: Rev.00 | M33: =HYPERLINK("01_STARTER/ST-027-STD90-02/01_Technical_File.docx","Open")
A34: IA-PPWR-TF-ST-028-STD-01-R00 | B34: ST-028-STD-01 | C34: IA-ST-028-STD-01 | D34: L6 | Palet (4000037): 1 adet | Shrink film (4000608): 1.12 kg | E34: IA-ST-CFG-0045 | F34: 1 | G34: 7 | H34: 29.056 | I34: REV00 CURRENT EVIDENCE BASIS — ARTICLE 5 ASSESSMENT BASIS | J34: PENDING - DRAWING | K34: PENDING - PHOTOGRAPHS | L34: Rev.00 | M34: =HYPERLINK("01_STARTER/ST-028-STD-01/01_Technical_File.docx","Open")
A35: IA-PPWR-TF-ST-030-STD-01-R00 | B35: ST-030-STD-01 | C35: IA-ST-030-STD-01 | D35: L5 | Palet (4000037): 1 adet | Shrink film (4000608): 1.2 kg | E35: IA-ST-CFG-0046 | F35: 1 | G35: 7 | H35: 29.136 | I35: REV00 CURRENT EVIDENCE BASIS — ARTICLE 5 ASSESSMENT BASIS | J35: PENDING - DRAWING | K35: PENDING - PHOTOGRAPHS | L35: Rev.00 | M35: =HYPERLINK("01_STARTER/ST-030-STD-01/01_Technical_File.docx","Open")
A36: IA-PPWR-TF-ST-030-STD-02-R00 | B36: ST-030-STD-02 | C36: IA-ST-030-STD-02 | D36: A | Palet (4000037): 1 adet | Shrink film (4000557): 1.65 kg | Köşebent (4000590): 4 adet | E36: IA-ST-CFG-0047 | F36: 2 | G36: 8 | H36: 31.986 | I36: REV00 CURRENT EVIDENCE BASIS — ARTICLE 5 ASSESSMENT BASIS | J36: PENDING - DRAWING | K36: PENDING - PHOTOGRAPHS | L36: Rev.00 | M36: =HYPERLINK("01_STARTER/ST-030-STD-02/01_Technical_File.docx","Open")
A37: IA-PPWR-TF-ST-030-STD-03-R00 | B37: ST-030-STD-03 | C37: IA-ST-030-STD-03 | D37: B | Palet (4000037): 1 adet | Shrink film (4000557): 1.65 kg | Köşebent (4000590): 4 adet | E37: IA-ST-CFG-0048 | F37: 2 | G37: 8 | H37: 32.676 | I37: REV00 CURRENT EVIDENCE BASIS — ARTICLE 5 ASSESSMENT BASIS | J37: PENDING - DRAWING | K37: PENDING - PHOTOGRAPHS | L37: Rev.00 | M37: =HYPERLINK("01_STARTER/ST-030-STD-03/01_Technical_File.docx","Open")
A38: IA-PPWR-TF-ST-030-STD-04-R00 | B38: ST-030-STD-04 | C38: IA-ST-030-STD-04 | D38: A | Palet (4000037): 1 adet | Shrink film (4000557): kullanılmaz | Köşebent (4000590): 4 adet | E38: IA-ST-CFG-0049 | F38: 2 | G38: 7 | H38: 30.336 | I38: REV00 CURRENT EVIDENCE BASIS — ARTICLE 5 ASSESSMENT BASIS | J38: PENDING - DRAWING | K38: PENDING - PHOTOGRAPHS | L38: Rev.00 | M38: =HYPERLINK("01_STARTER/ST-030-STD-04/01_Technical_File.docx","Open")
A39: IA-PPWR-TF-ST-030-STD-05-R00 | B39: ST-030-STD-05 | C39: IA-ST-030-STD-05 | D39: A | Palet (4000037): 1 adet | Köşebent (4000590): 2 adet | E39: IA-ST-CFG-0051 | F39: 34 | G39: 8 | H39: 31.6992 | I39: REV00 CURRENT EVIDENCE BASIS — ARTICLE 5 ASSESSMENT BASIS | J39: PENDING - DRAWING | K39: PENDING - PHOTOGRAPHS | L39: Rev.00 | M39: =HYPERLINK("01_STARTER/ST-030-STD-05/01_Technical_File.docx","Open")
A40: IA-PPWR-TF-ST-030-STD-06-R00 | B40: ST-030-STD-06 | C40: IA-ST-030-STD-06 | D40: B | Palet (4000037): 1 adet | Köşebent (4000590): 2 adet | E40: IA-ST-CFG-0052 | F40: 59 | G40: 8 | H40: 32.3892 | I40: REV00 CURRENT EVIDENCE BASIS — ARTICLE 5 ASSESSMENT BASIS | J40: PENDING - DRAWING | K40: PENDING - PHOTOGRAPHS | L40: Rev.00 | M40: =HYPERLINK("01_STARTER/ST-030-STD-06/01_Technical_File.docx","Open")
A41: IA-PPWR-TF-ST-030-STD-07-R00 | B41: ST-030-STD-07 | C41: IA-ST-030-STD-07 | D41: B | Palet (4000037): 1 adet | Çember (4000450): 7 m | Köşebent (4000590): 4 adet | E41: IA-ST-CFG-0053 | F41: 1 | G41: 7 | H41: 30.9392 | I41: REV00 CURRENT EVIDENCE BASIS — ARTICLE 5 ASSESSMENT BASIS | J41: PENDING - DRAWING | K41: PENDING - PHOTOGRAPHS | L41: Rev.00 | M41: =HYPERLINK("01_STARTER/ST-030-STD-07/01_Technical_File.docx","Open")
A42: IA-PPWR-TF-ST-030-STD-08-R00 | B42: ST-030-STD-08 | C42: IA-ST-030-STD-08 | D42: A | Palet (4000037): 1 adet | Çember (4000450): kullanılmaz | E42: IA-ST-CFG-0054 | F42: 13 | G42: 6 | H42: 31.4124 | I42: REV00 CURRENT EVIDENCE BASIS — ARTICLE 5 ASSESSMENT BASIS | J42: PENDING - DRAWING | K42: PENDING - PHOTOGRAPHS | L42: Rev.00 | M42: =HYPERLINK("01_STARTER/ST-030-STD-08/01_Technical_File.docx","Open")
A43: IA-PPWR-TF-ST-030-STD-09-R00 | B43: ST-030-STD-09 | C43: IA-ST-030-STD-09 | D43: B | Palet (4000037): 1 adet | Çember (4000450): kullanılmaz | E43: IA-ST-CFG-0055 | F43: 20 | G43: 6 | H43: 32.1024 | I43: REV00 CURRENT EVIDENCE BASIS — ARTICLE 5 ASSESSMENT BASIS | J43: PENDING - DRAWING | K43: PENDING - PHOTOGRAPHS | L43: Rev.00 | M43: =HYPERLINK("01_STARTER/ST-030-STD-09/01_Technical_File.docx","Open")
A44: IA-PPWR-TF-ST-030-STD-10-R00 | B44: ST-030-STD-10 | C44: IA-ST-030-STD-10 | D44: A | Palet (4000037): 1 adet | Shrink film (4001177): 0.597 kg | E44: IA-ST-CFG-0056 | F44: 2 | G44: 7 | H44: 30.467 | I44: REV00 CURRENT EVIDENCE BASIS — ARTICLE 5 ASSESSMENT BASIS | J44: PENDING - DRAWING | K44: PENDING - PHOTOGRAPHS | L44: Rev.00 | M44: =HYPERLINK("01_STARTER/ST-030-STD-10/01_Technical_File.docx","Open")
A45: IA-PPWR-TF-ST-030-STD-11-R00 | B45: ST-030-STD-11 | C45: IA-ST-030-STD-11 | D45: B | Palet (4000037): 1 adet | Shrink film (4001177): 0.597 kg | E45: IA-ST-CFG-0057 | F45: 3 | G45: 7 | H45: 31.157 | I45: REV00 CURRENT EVIDENCE BASIS — ARTICLE 5 ASSESSMENT BASIS | J45: PENDING - DRAWING | K45: PENDING - PHOTOGRAPHS | L45: Rev.00 | M45: =HYPERLINK("01_STARTER/ST-030-STD-11/01_Technical_File.docx","Open")
A46: IA-PPWR-TF-ST-033-EUR-01-R00 | B46: ST-033-EUR-01 | C46: IA-ST-033-EUR-01 | D46: L6 | Palet (4000038): 1 adet | Köşebent (4000590): 4 adet | E46: IA-ST-CFG-0058 | F46: 3 | G46: 6 | H46: 27.926 | I46: REV00 CURRENT EVIDENCE BASIS — ARTICLE 5 ASSESSMENT BASIS | J46: PENDING - DRAWING | K46: PENDING - PHOTOGRAPHS | L46: Rev.00 | M46: =HYPERLINK("01_STARTER/ST-033-EUR-01/01_Technical_File.docx","Open")
A47: IA-PPWR-TF-ST-034-STD-01-R00 | B47: ST-034-STD-01 | C47: IA-ST-034-STD-01 | D47: D31 | D31 YUASA penceresiz Orta Doğu dış koli (4001108): 34 adet | E47: IA-ST-CFG-0059 | F47: 2 | G47: 8 | H47: 40.7776 | I47: REV00 CURRENT EVIDENCE BASIS — ARTICLE 5 ASSESSMENT BASIS | J47: PENDING - DRAWING | K47: PENDING - PHOTOGRAPHS | L47: Rev.00 | M47: =HYPERLINK("01_STARTER/ST-034-STD-01/01_Technical_File.docx","Open")
A48: IA-PPWR-TF-ST-034-STD-02-R00 | B48: ST-034-STD-02 | C48: IA-ST-034-STD-02 | D48: L4 | L4 YUASA penceresiz Orta Doğu dış koli (4001313): 34 adet | E48: IA-ST-CFG-0060 | F48: 1 | G48: 7 | H48: 37.296 | I48: REV00 CURRENT EVIDENCE BASIS — ARTICLE 5 ASSESSMENT BASIS | J48: PENDING - DRAWING | K48: PENDING - PHOTOGRAPHS | L48: Rev.00 | M48: =HYPERLINK("01_STARTER/ST-034-STD-02/01_Technical_File.docx","Open")
A49: IA-PPWR-TF-ST-036-EUR-01-R00 | B49: ST-036-EUR-01 | C49: IA-ST-036-EUR-01 | D49: L6 | L6 İnci AGM LEO 105AH940A pencereli dış koli (4001360): 36 adet | E49: IA-ST-CFG-0062 | F49: 1 | G49: 7 | H49: 43.186 | I49: REV00 CURRENT EVIDENCE BASIS — ARTICLE 5 ASSESSMENT BASIS | J49: PENDING - DRAWING | K49: PENDING - PHOTOGRAPHS | L49: Rev.00 | M49: =HYPERLINK("01_STARTER/ST-036-EUR-01/01_Technical_File.docx","Open")
A50: IA-PPWR-TF-ST-036-EUR-02-R00 | B50: ST-036-EUR-02 | C50: IA-ST-036-EUR-02 | D50: NS40 | Palet (4000038): 1 adet | EPS (4000573): 8 adet | E50: IA-ST-CFG-0065 | F50: 1 | G50: 7 | H50: 27.942 | I50: REV00 CURRENT EVIDENCE BASIS — ARTICLE 5 ASSESSMENT BASIS | J50: PENDING - DRAWING | K50: PENDING - PHOTOGRAPHS | L50: Rev.00 | M50: =HYPERLINK("01_STARTER/ST-036-EUR-02/01_Technical_File.docx","Open")
A51: IA-PPWR-TF-ST-036-EUR-03-R00 | B51: ST-036-EUR-03 | C51: IA-ST-036-EUR-03 | D51: L6, L5 | Palet (4000038): 1 adet | Köşebent (4000590): 4 adet | E51: IA-ST-CFG-0066 | F51: 7 | G51: 7 | H51: 29.366 | I51: REV00 CURRENT EVIDENCE BASIS — ARTICLE 5 ASSESSMENT BASIS | J51: PENDING - DRAWING | K51: PENDING - PHOTOGRAPHS | L51: Rev.00 | M51: =HYPERLINK("01_STARTER/ST-036-EUR-03/01_Technical_File.docx","Open")
A52: IA-PPWR-TF-ST-036-EUR-04-R00 | B52: ST-036-EUR-04 | C52: IA-ST-036-EUR-04 | D52: L5, L6, LB5 | Palet (4000038): 1 adet | Köşebent (4000590): 4 adet | E52: IA-ST-CFG-0068 | F52: 27 | G52: 6 | H52: 27.926 | I52: REV00 CURRENT EVIDENCE BASIS — ARTICLE 5 ASSESSMENT BASIS | J52: PENDING - DRAWING | K52: PENDING - PHOTOGRAPHS | L52: Rev.00 | M52: =HYPERLINK("01_STARTER/ST-036-EUR-04/01_Technical_File.docx","Open")
A53: IA-PPWR-TF-ST-036-EUR-05-R00 | B53: ST-036-EUR-05 | C53: IA-ST-036-EUR-05 | D53: TRACTORL | TRAKTÖR PVC üst kapak (4000494): 36 adet | E53: IA-ST-CFG-0070 | F53: 3 | G53: 8 | H53: 31.98368 | I53: REV00 CURRENT EVIDENCE BASIS — ARTICLE 5 ASSESSMENT BASIS | J53: PENDING - DRAWING | K53: PENDING - PHOTOGRAPHS | L53: Rev.00 | M53: =HYPERLINK("01_STARTER/ST-036-EUR-05/01_Technical_File.docx","Open")
A54: IA-PPWR-TF-ST-036-EUR-06-R00 | B54: ST-036-EUR-06 | C54: IA-ST-036-EUR-06 | D54: L6, L5 | Palet (4000038): 1 adet | Köşebent (4000590): 2 adet | Shrink film (4000608): 1.44 kg | E54: IA-ST-CFG-0071 | F54: 9 | G54: 7 | H54: 29.0792 | I54: REV00 CURRENT EVIDENCE BASIS — ARTICLE 5 ASSESSMENT BASIS | J54: PENDING - DRAWING | K54: PENDING - PHOTOGRAPHS | L54: Rev.00 | M54: =HYPERLINK("01_STARTER/ST-036-EUR-06/01_Technical_File.docx","Open")
A55: IA-PPWR-TF-ST-036-EUR-07-R00 | B55: ST-036-EUR-07 | C55: IA-ST-036-EUR-07 | D55: L6, L5 | Palet (4000038): 1 adet | Shrink film (4000608): kullanılmaz | E55: IA-ST-CFG-0072 | F55: 7 | G55: 6 | H55: 27.6392 | I55: REV00 CURRENT EVIDENCE BASIS — ARTICLE 5 ASSESSMENT BASIS | J55: PENDING - DRAWING | K55: PENDING - PHOTOGRAPHS | L55: Rev.00 | M55: =HYPERLINK("01_STARTER/ST-036-EUR-07/01_Technical_File.docx","Open")
A56: IA-PPWR-TF-ST-036-STD-01-R00 | B56: ST-036-STD-01 | C56: IA-ST-036-STD-01 | D56: L3 | L3 YUASA penceresiz Orta Doğu dış koli (4001103): 36 adet | E56: IA-ST-CFG-0061 | F56: 1 | G56: 7 | H56: 37.796 | I56: REV00 CURRENT EVIDENCE BASIS — ARTICLE 5 ASSESSMENT BASIS | J56: PENDING - DRAWING | K56: PENDING - PHOTOGRAPHS | L56: Rev.00 | M56: =HYPERLINK("01_STARTER/ST-036-STD-01/01_Technical_File.docx","Open")
A57: IA-PPWR-TF-ST-036-STD-02-R00 | B57: ST-036-STD-02 | C57: IA-ST-036-STD-02 | D57: L4 | Palet (4000037): 1 adet | Separatör (4000130): 3 adet | E57: IA-ST-CFG-0063 | F57: 1 | G57: 7 | H57: 29.16 | I57: REV00 CURRENT EVIDENCE BASIS — ARTICLE 5 ASSESSMENT BASIS | J57: PENDING - DRAWING | K57: PENDING - PHOTOGRAPHS | L57: Rev.00 | M57: =HYPERLINK("01_STARTER/ST-036-STD-02/01_Technical_File.docx","Open")
A58: IA-PPWR-TF-ST-036-STD-03-R00 | B58: ST-036-STD-03 | C58: IA-ST-036-STD-03 | D58: L4 | Palet (4000037): 1 adet | Separatör (4000130): 4 adet | E58: IA-ST-CFG-0064 | F58: 1 | G58: 7 | H58: 29.1432 | I58: REV00 CURRENT EVIDENCE BASIS — ARTICLE 5 ASSESSMENT BASIS | J58: PENDING - DRAWING | K58: PENDING - PHOTOGRAPHS | L58: Rev.00 | M58: =HYPERLINK("01_STARTER/ST-036-STD-03/01_Technical_File.docx","Open")
A59: IA-PPWR-TF-ST-042-EUR-01-R00 | B59: ST-042-EUR-01 | C59: IA-ST-042-EUR-01 | D59: D31 | D31 YUASA penceresiz Orta Doğu dış koli (4001108): 42 adet | E59: IA-ST-CFG-0077 | F59: 1 | G59: 8 | H59: 44.0068 | I59: REV00 CURRENT EVIDENCE BASIS — ARTICLE 5 ASSESSMENT BASIS | J59: PENDING - DRAWING | K59: PENDING - PHOTOGRAPHS | L59: Rev.00 | M59: =HYPERLINK("01_STARTER/ST-042-EUR-01/01_Technical_File.docx","Open")
A60: IA-PPWR-TF-ST-042-EUR-02-R00 | B60: ST-042-EUR-02 | C60: IA-ST-042-EUR-02 | D60: L4, LB4 | Palet (4000038): 1 adet | Köşebent (4000590): 4 adet | E60: IA-ST-CFG-0085 | F60: 30 | G60: 6 | H60: 27.926 | I60: REV00 CURRENT EVIDENCE BASIS — ARTICLE 5 ASSESSMENT BASIS | J60: PENDING - DRAWING | K60: PENDING - PHOTOGRAPHS | L60: Rev.00 | M60: =HYPERLINK("01_STARTER/ST-042-EUR-02/01_Technical_File.docx","Open")
A61: IA-PPWR-TF-ST-042-EUR-03-R00 | B61: ST-042-EUR-03 | C61: IA-ST-042-EUR-03 | D61: L4, LB4 | Palet (4000038): 1 adet | Shrink film (4000554): 1.428 kg | E61: IA-ST-CFG-0086 | F61: 7 | G61: 7 | H61: 29.0672 | I61: REV00 CURRENT EVIDENCE BASIS — ARTICLE 5 ASSESSMENT BASIS | J61: PENDING - DRAWING | K61: PENDING - PHOTOGRAPHS | L61: Rev.00 | M61: =HYPERLINK("01_STARTER/ST-042-EUR-03/01_Technical_File.docx","Open")
A62: IA-PPWR-TF-ST-042-EUR-04-R00 | B62: ST-042-EUR-04 | C62: IA-ST-042-EUR-04 | D62: L4, LB4 | Palet (4000038): 1 adet | Shrink film (4000554): kullanılmaz | Köşebent (4000590): 2 adet | E62: IA-ST-CFG-0087 | F62: 7 | G62: 6 | H62: 27.6392 | I62: REV00 CURRENT EVIDENCE BASIS — ARTICLE 5 ASSESSMENT BASIS | J62: PENDING - DRAWING | K62: PENDING - PHOTOGRAPHS | L62: Rev.00 | M62: =HYPERLINK("01_STARTER/ST-042-EUR-04/01_Technical_File.docx","Open")
A63: IA-PPWR-TF-ST-042-STD-01-R00 | B63: ST-042-STD-01 | C63: IA-ST-042-STD-01 | D63: D23 | D23 YUASA penceresiz Orta Doğu dış koli (4001106): 42 adet | E63: IA-ST-CFG-0075 | F63: 1 | G63: 8 | H63: 41.02094 | I63: REV00 CURRENT EVIDENCE BASIS — ARTICLE 5 ASSESSMENT BASIS | J63: PENDING - DRAWING | K63: PENDING - PHOTOGRAPHS | L63: Rev.00 | M63: =HYPERLINK("01_STARTER/ST-042-STD-01/01_Technical_File.docx","Open")
A64: IA-PPWR-TF-ST-042-STD-02-R00 | B64: ST-042-STD-02 | C64: IA-ST-042-STD-02 | D64: L6 | L6 EAS AGM S&S 105AH 940A pencereli dış koli (4001399): 42 adet | E64: IA-ST-CFG-0076 | F64: 1 | G64: 7 | H64: 46.286 | I64: REV00 CURRENT EVIDENCE BASIS — ARTICLE 5 ASSESSMENT BASIS | J64: PENDING - DRAWING | K64: PENDING - PHOTOGRAPHS | L64: Rev.00 | M64: =HYPERLINK("01_STARTER/ST-042-STD-02/01_Technical_File.docx","Open")
A65: IA-PPWR-TF-ST-042-STD-03-R00 | B65: ST-042-STD-03 | C65: IA-ST-042-STD-03 | D65: L3 | Palet (4000037): 1 adet | Separatör (4000130): 3 adet | E65: IA-ST-CFG-0078 | F65: 1 | G65: 7 | H65: 29.323 | I65: REV00 CURRENT EVIDENCE BASIS — ARTICLE 5 ASSESSMENT BASIS | J65: PENDING - DRAWING | K65: PENDING - PHOTOGRAPHS | L65: Rev.00 | M65: =HYPERLINK("01_STARTER/ST-042-STD-03/01_Technical_File.docx","Open")
A66: IA-PPWR-TF-ST-042-STD-04-R00 | B66: ST-042-STD-04 | C66: IA-ST-042-STD-04 | D66: L3 | Palet (4000037): 1 adet | Separatör (4000130): 4 adet | E66: IA-ST-CFG-0079 | F66: 1 | G66: 7 | H66: 29.3062 | I66: REV00 CURRENT EVIDENCE BASIS — ARTICLE 5 ASSESSMENT BASIS | J66: PENDING - DRAWING | K66: PENDING - PHOTOGRAPHS | L66: Rev.00 | M66: =HYPERLINK("01_STARTER/ST-042-STD-04/01_Technical_File.docx","Open")
A67: IA-PPWR-TF-ST-042-STD-05-R00 | B67: ST-042-STD-05 | C67: IA-ST-042-STD-05 | D67: L6 | Palet (4000037): 1 adet | Çember (4000450): 7 m | E67: IA-ST-CFG-0080 | F67: 11 | G67: 7 | H67: 29.5992 | I67: REV00 CURRENT EVIDENCE BASIS — ARTICLE 5 ASSESSMENT BASIS | J67: PENDING - DRAWING | K67: PENDING - PHOTOGRAPHS | L67: Rev.00 | M67: =HYPERLINK("01_STARTER/ST-042-STD-05/01_Technical_File.docx","Open")
A68: IA-PPWR-TF-ST-042-STD-06-R00 | B68: ST-042-STD-06 | C68: IA-ST-042-STD-06 | D68: L6 | Palet (4000037): 1 adet | Çember (4000450): kullanılmaz | E68: IA-ST-CFG-0081 | F68: 6 | G68: 5 | H68: 29.3124 | I68: REV00 CURRENT EVIDENCE BASIS — ARTICLE 5 ASSESSMENT BASIS | J68: PENDING - DRAWING | K68: PENDING - PHOTOGRAPHS | L68: Rev.00 | M68: =HYPERLINK("01_STARTER/ST-042-STD-06/01_Technical_File.docx","Open")
A69: IA-PPWR-TF-ST-042-STD-07-R00 | B69: ST-042-STD-07 | C69: IA-ST-042-STD-07 | D69: L6 | Palet (4000037): 1 adet | Köşebent (4000590): 2 adet | Shrink film (4001177): 0.597 kg | E69: IA-ST-CFG-0082 | F69: 1 | G69: 6 | H69: 28.417 | I69: REV00 CURRENT EVIDENCE BASIS — ARTICLE 5 ASSESSMENT BASIS | J69: PENDING - DRAWING | K69: PENDING - PHOTOGRAPHS | L69: Rev.00 | M69: =HYPERLINK("01_STARTER/ST-042-STD-07/01_Technical_File.docx","Open")
A70: IA-PPWR-TF-ST-042-STD-08-R00 | B70: ST-042-STD-08 | C70: IA-ST-042-STD-08 | D70: L6 | Palet (4000037): 1 adet | Köşebent (4000590): 4 adet | E70: IA-ST-CFG-0083 | F70: 1 | G70: 6 | H70: 28.617 | I70: REV00 CURRENT EVIDENCE BASIS — ARTICLE 5 ASSESSMENT BASIS | J70: PENDING - DRAWING | K70: PENDING - PHOTOGRAPHS | L70: Rev.00 | M70: =HYPERLINK("01_STARTER/ST-042-STD-08/01_Technical_File.docx","Open")
A71: IA-PPWR-TF-ST-044-STD-01-R00 | B71: ST-044-STD-01 | C71: IA-ST-044-STD-01 | D71: L2 | L2 YUASA penceresiz Orta Doğu dış koli (4001102): 44 adet | E71: IA-ST-CFG-0088 | F71: 1 | G71: 7 | H71: 39.356 | I71: REV00 CURRENT EVIDENCE BASIS — ARTICLE 5 ASSESSMENT BASIS | J71: PENDING - DRAWING | K71: PENDING - PHOTOGRAPHS | L71: Rev.00 | M71: =HYPERLINK("01_STARTER/ST-044-STD-01/01_Technical_File.docx","Open")
A72: IA-PPWR-TF-ST-045-EUR-01-R00 | B72: ST-045-EUR-01 | C72: IA-ST-045-EUR-01 | D72: L3 | Palet (4000038): 1 adet | Köşebent (4000590): 4 adet | E72: IA-ST-CFG-0103 | F72: 6 | G72: 6 | H72: 27.926 | I72: REV00 CURRENT EVIDENCE BASIS — ARTICLE 5 ASSESSMENT BASIS | J72: PENDING - DRAWING | K72: PENDING - PHOTOGRAPHS | L72: Rev.00 | M72: =HYPERLINK("01_STARTER/ST-045-EUR-01/01_Technical_File.docx","Open")
A73: IA-PPWR-TF-ST-045-STD-01-R00 | B73: ST-045-STD-01 | C73: IA-ST-045-STD-01 | D73: L5 | L5 YUASA penceresiz Orta Doğu dış koli (4001105): 45 adet | E73: IA-ST-CFG-0089 | F73: 1 | G73: 7 | H73: 43.916 | I73: REV00 CURRENT EVIDENCE BASIS — ARTICLE 5 ASSESSMENT BASIS | J73: PENDING - DRAWING | K73: PENDING - PHOTOGRAPHS | L73: Rev.00 | M73: =HYPERLINK("01_STARTER/ST-045-STD-01/01_Technical_File.docx","Open")
A74: IA-PPWR-TF-ST-045-STD-02-R00 | B74: ST-045-STD-02 | C74: IA-ST-045-STD-02 | D74: L5 | L5 İnci AGM LEO 95AH 870A pencereli dış koli (4001194): 45 adet | E74: IA-ST-CFG-0090 | F74: 1 | G74: 7 | H74: 44.336 | I74: REV00 CURRENT EVIDENCE BASIS — ARTICLE 5 ASSESSMENT BASIS | J74: PENDING - DRAWING | K74: PENDING - PHOTOGRAPHS | L74: Rev.00 | M74: =HYPERLINK("01_STARTER/ST-045-STD-02/01_Technical_File.docx","Open")
A75: IA-PPWR-TF-ST-045-STD-03-R00 | B75: ST-045-STD-03 | C75: IA-ST-045-STD-03 | D75: L5 | L5 EAS AGM S&S 95AH 870A pencereli dış koli (4001398): 45 adet | E75: IA-ST-CFG-0091 | F75: 1 | G75: 7 | H75: 44.336 | I75: REV00 CURRENT EVIDENCE BASIS — ARTICLE 5 ASSESSMENT BASIS | J75: PENDING - DRAWING | K75: PENDING - PHOTOGRAPHS | L75: Rev.00 | M75: =HYPERLINK("01_STARTER/ST-045-STD-03/01_Technical_File.docx","Open")
A76: IA-PPWR-TF-ST-045-STD-04-R00 | B76: ST-045-STD-04 | C76: IA-ST-045-STD-04 | D76: L5 | Palet (4000037): 1 adet | Separatör (4000130): 4 adet | Streç ped (4000301): 0.186 kg | Köşebent (4000590): 4 adet | E76: IA-ST-CFG-0092 | F76: 1 | G76: 6 | H76: 28.206 | I76: REV00 CURRENT EVIDENCE BASIS — ARTICLE 5 ASSESSMENT BASIS | J76: PENDING - DRAWING | K76: PENDING - PHOTOGRAPHS | L76: Rev.00 | M76: =HYPERLINK("01_STARTER/ST-045-STD-04/01_Technical_File.docx","Open")
A77: IA-PPWR-TF-ST-045-STD-05-R00 | B77: ST-045-STD-05 | C77: IA-ST-045-STD-05 | D77: TRACTORL, TRACTOR | TRAKTÖR PVC üst kapak (4000494): 45 adet | Köşebent (4000590): 2 adet | E77: IA-ST-CFG-0093 | F77: 18 | G77: 8 | H77: 33.3498 | I77: REV00 CURRENT EVIDENCE BASIS — ARTICLE 5 ASSESSMENT BASIS | J77: PENDING - DRAWING | K77: PENDING - PHOTOGRAPHS | L77: Rev.00 | M77: =HYPERLINK("01_STARTER/ST-045-STD-05/01_Technical_File.docx","Open")
A78: IA-PPWR-TF-ST-045-STD-06-R00 | B78: ST-045-STD-06 | C78: IA-ST-045-STD-06 | D78: L5 | Palet (4000037): 1 adet | Çember (4000450): 7 m | Shrink film (4000608): kullanılmaz | E78: IA-ST-CFG-0094 | F78: 1 | G78: 6 | H78: 27.9192 | I78: REV00 CURRENT EVIDENCE BASIS — ARTICLE 5 ASSESSMENT BASIS | J78: PENDING - DRAWING | K78: PENDING - PHOTOGRAPHS | L78: Rev.00 | M78: =HYPERLINK("01_STARTER/ST-045-STD-06/01_Technical_File.docx","Open")
A79: IA-PPWR-TF-ST-045-STD-07-R00 | B79: ST-045-STD-07 | C79: IA-ST-045-STD-07 | D79: LB5 | Palet (4000037): 1 adet | Shrink film (4000608): 1.53 kg | E79: IA-ST-CFG-0095 | F79: 1 | G79: 7 | H79: 29.4492 | I79: REV00 CURRENT EVIDENCE BASIS — ARTICLE 5 ASSESSMENT BASIS | J79: PENDING - DRAWING | K79: PENDING - PHOTOGRAPHS | L79: Rev.00 | M79: =HYPERLINK("01_STARTER/ST-045-STD-07/01_Technical_File.docx","Open")
A80: IA-PPWR-TF-ST-045-STD-08-R00 | B80: ST-045-STD-08 | C80: IA-ST-045-STD-08 | D80: L5 | Palet (4000037): 1 adet | Köşebent (4000590): 2 adet | Shrink film (4000608): 1.8 kg | E80: IA-ST-CFG-0096 | F80: 77 | G80: 7 | H80: 29.7192 | I80: REV00 CURRENT EVIDENCE BASIS — ARTICLE 5 ASSESSMENT BASIS | J80: PENDING - DRAWING | K80: PENDING - PHOTOGRAPHS | L80: Rev.00 | M80: =HYPERLINK("01_STARTER/ST-045-STD-08/01_Technical_File.docx","Open")
A81: IA-PPWR-TF-ST-045-STD-09-R00 | B81: ST-045-STD-09 | C81: IA-ST-045-STD-09 | D81: TRACTORL, TRACTOR | TRAKTÖR PVC üst kapak (4000494): 45 adet | Köşebent (4000590): kullanılmaz | E81: IA-ST-CFG-0097 | F81: 14 | G81: 6 | H81: 33.063 | I81: REV00 CURRENT EVIDENCE BASIS — ARTICLE 5 ASSESSMENT BASIS | J81: PENDING - DRAWING | K81: PENDING - PHOTOGRAPHS | L81: Rev.00 | M81: =HYPERLINK("01_STARTER/ST-045-STD-09/01_Technical_File.docx","Open")
A82: IA-PPWR-TF-ST-045-STD-10-R00 | B82: ST-045-STD-10 | C82: IA-ST-045-STD-10 | D82: L5 | Palet (4000037): 1 adet | Çember (4000450): kullanılmaz | E82: IA-ST-CFG-0098 | F82: 18 | G82: 5 | H82: 29.4324 | I82: REV00 CURRENT EVIDENCE BASIS — ARTICLE 5 ASSESSMENT BASIS | J82: PENDING - DRAWING | K82: PENDING - PHOTOGRAPHS | L82: Rev.00 | M82: =HYPERLINK("01_STARTER/ST-045-STD-10/01_Technical_File.docx","Open")
A83: IA-PPWR-TF-ST-045-STD-11-R00 | B83: ST-045-STD-11 | C83: IA-ST-045-STD-11 | D83: TRACTOR | Palet (4000037): 1 adet | Shrink film (4001177): 0.597 kg | E83: IA-ST-CFG-0099 | F83: 2 | G83: 7 | H83: 28.649 | I83: REV00 CURRENT EVIDENCE BASIS — ARTICLE 5 ASSESSMENT BASIS | J83: PENDING - DRAWING | K83: PENDING - PHOTOGRAPHS | L83: Rev.00 | M83: =HYPERLINK("01_STARTER/ST-045-STD-11/01_Technical_File.docx","Open")
A84: IA-PPWR-TF-ST-045-STD-12-R00 | B84: ST-045-STD-12 | C84: IA-ST-045-STD-12 | D84: L5 | Palet (4000037): 1 adet | Köşebent (4000590): 2 adet | Shrink film (4001177): 0.597 kg | E84: IA-ST-CFG-0100 | F84: 1 | G84: 6 | H84: 28.417 | I84: REV00 CURRENT EVIDENCE BASIS — ARTICLE 5 ASSESSMENT BASIS | J84: PENDING - DRAWING | K84: PENDING - PHOTOGRAPHS | L84: Rev.00 | M84: =HYPERLINK("01_STARTER/ST-045-STD-12/01_Technical_File.docx","Open")
A85: IA-PPWR-TF-ST-045-STD-13-R00 | B85: ST-045-STD-13 | C85: IA-ST-045-STD-13 | D85: L5 | Palet (4000037): 1 adet | Köşebent (4000590): 4 adet | Shrink film (4001177): 0.597 kg | E85: IA-ST-CFG-0101 | F85: 2 | G85: 6 | H85: 28.617 | I85: REV00 CURRENT EVIDENCE BASIS — ARTICLE 5 ASSESSMENT BASIS | J85: PENDING - DRAWING | K85: PENDING - PHOTOGRAPHS | L85: Rev.00 | M85: =HYPERLINK("01_STARTER/ST-045-STD-13/01_Technical_File.docx","Open")
A86: IA-PPWR-TF-ST-045-STD-14-R00 | B86: ST-045-STD-14 | C86: IA-ST-045-STD-14 | D86: L5 | Palet (4000037): 1 adet | Separatör (4000130): 5 adet | E86: IA-ST-CFG-0102 | F86: 1 | G86: 6 | H86: 28.476 | I86: REV00 CURRENT EVIDENCE BASIS — ARTICLE 5 ASSESSMENT BASIS | J86: PENDING - DRAWING | K86: PENDING - PHOTOGRAPHS | L86: Rev.00 | M86: =HYPERLINK("01_STARTER/ST-045-STD-14/01_Technical_File.docx","Open")
A87: IA-PPWR-TF-ST-048-EUR-01-R00 | B87: ST-048-EUR-01 | C87: IA-ST-048-EUR-01 | D87: L5 | L5 İnci AGM LEO 95AH 870A pencereli dış koli (4001194): 48 adet | E87: IA-ST-CFG-0105 | F87: 1 | G87: 6 | H87: 44.6524 | I87: REV00 CURRENT EVIDENCE BASIS — ARTICLE 5 ASSESSMENT BASIS | J87: PENDING - DRAWING | K87: PENDING - PHOTOGRAPHS | L87: Rev.00 | M87: =HYPERLINK("01_STARTER/ST-048-EUR-01/01_Technical_File.docx","Open")
A88: IA-PPWR-TF-ST-048-EUR-02-R00 | B88: ST-048-EUR-02 | C88: IA-ST-048-EUR-02 | D88: D26 | D26 PVC üst kapak (4000440): 48 adet | E88: IA-ST-CFG-0107 | F88: 11 | G88: 8 | H88: 32.3872 | I88: REV00 CURRENT EVIDENCE BASIS — ARTICLE 5 ASSESSMENT BASIS | J88: PENDING - DRAWING | K88: PENDING - PHOTOGRAPHS | L88: Rev.00 | M88: =HYPERLINK("01_STARTER/ST-048-EUR-02/01_Technical_File.docx","Open")
A89: IA-PPWR-TF-ST-048-EUR-03-R00 | B89: ST-048-EUR-03 | C89: IA-ST-048-EUR-03 | D89: D31 | Palet (4000038): 1 adet | EPS (4000573): 24 adet | E89: IA-ST-CFG-0109 | F89: 1 | G89: 7 | H89: 29.174 | I89: REV00 CURRENT EVIDENCE BASIS — ARTICLE 5 ASSESSMENT BASIS | J89: PENDING - DRAWING | K89: PENDING - PHOTOGRAPHS | L89: Rev.00 | M89: =HYPERLINK("01_STARTER/ST-048-EUR-03/01_Technical_File.docx","Open")
A90: IA-PPWR-TF-ST-048-EUR-04-R00 | B90: ST-048-EUR-04 | C90: IA-ST-048-EUR-04 | D90: L5 | Palet (4000038): 1 adet | Shrink film (4000608): 1.92 kg | E90: IA-ST-CFG-0110 | F90: 1 | G90: 7 | H90: 30.046 | I90: REV00 CURRENT EVIDENCE BASIS — ARTICLE 5 ASSESSMENT BASIS | J90: PENDING - DRAWING | K90: PENDING - PHOTOGRAPHS | L90: Rev.00 | M90: =HYPERLINK("01_STARTER/ST-048-EUR-04/01_Technical_File.docx","Open")
A91: IA-PPWR-TF-ST-048-EUR-05-R00 | B91: ST-048-EUR-05 | C91: IA-ST-048-EUR-05 | D91: D31 | Palet (4000038): 1 adet | Honeycomb (4001186): 3 adet | E91: IA-ST-CFG-0111 | F91: 9 | G91: 7 | H91: 30.326 | I91: REV00 CURRENT EVIDENCE BASIS — ARTICLE 5 ASSESSMENT BASIS | J91: PENDING - DRAWING | K91: PENDING - PHOTOGRAPHS | L91: Rev.00 | M91: =HYPERLINK("01_STARTER/ST-048-EUR-05/01_Technical_File.docx","Open")
A92: IA-PPWR-TF-ST-048-EUR-06-R00 | B92: ST-048-EUR-06 | C92: IA-ST-048-EUR-06 | D92: D31 | Palet (4000038): 1 adet | Köşebent (4000590): 4 adet | EPS (4001247): 3 adet | E92: IA-ST-CFG-0112 | F92: 4 | G92: 7 | H92: 27.506 | I92: REV00 CURRENT EVIDENCE BASIS — ARTICLE 5 ASSESSMENT BASIS | J92: PENDING - DRAWING | K92: PENDING - PHOTOGRAPHS | L92: Rev.00 | M92: =HYPERLINK("01_STARTER/ST-048-EUR-06/01_Technical_File.docx","Open")
A93: IA-PPWR-TF-ST-048-EUR-07-R00 | B93: ST-048-EUR-07 | C93: IA-ST-048-EUR-07 | D93: L3 | Palet (4000038): 1 adet | Köşebent (4000590): 4 adet | E93: IA-ST-CFG-0113 | F93: 14 | G93: 6 | H93: 27.926 | I93: REV00 CURRENT EVIDENCE BASIS — ARTICLE 5 ASSESSMENT BASIS | J93: PENDING - DRAWING | K93: PENDING - PHOTOGRAPHS | L93: Rev.00 | M93: =HYPERLINK("01_STARTER/ST-048-EUR-07/01_Technical_File.docx","Open")
A94: IA-PPWR-TF-ST-048-EUR-08-R00 | B94: ST-048-EUR-08 | C94: IA-ST-048-EUR-08 | D94: L5 | Palet (4000038): 1 adet | Köşebent (4000590): 4 adet | Shrink film (4000608): kullanılmaz | E94: IA-ST-CFG-0114 | F94: 5 | G94: 6 | H94: 28.126 | I94: REV00 CURRENT EVIDENCE BASIS — ARTICLE 5 ASSESSMENT BASIS | J94: PENDING - DRAWING | K94: PENDING - PHOTOGRAPHS | L94: Rev.00 | M94: =HYPERLINK("01_STARTER/ST-048-EUR-08/01_Technical_File.docx","Open")
A95: IA-PPWR-TF-ST-048-EUR-09-R00 | B95: ST-048-EUR-09 | C95: IA-ST-048-EUR-09 | D95: D31 | D31 PVC üst kapak (4001310): 48 adet | E95: IA-ST-CFG-0115 | F95: 23 | G95: 8 | H95: 32.8524 | I95: REV00 CURRENT EVIDENCE BASIS — ARTICLE 5 ASSESSMENT BASIS | J95: PENDING - DRAWING | K95: PENDING - PHOTOGRAPHS | L95: Rev.00 | M95: =HYPERLINK("01_STARTER/ST-048-EUR-09/01_Technical_File.docx","Open")
A96: IA-PPWR-TF-ST-048-EUR-10-R00 | B96: ST-048-EUR-10 | C96: IA-ST-048-EUR-10 | D96: L5, LB5 | Palet (4000038): 1 adet | Shrink film (4000608): 1.92 kg | E96: IA-ST-CFG-0116 | F96: 28 | G96: 7 | H96: 29.7592 | I96: REV00 CURRENT EVIDENCE BASIS — ARTICLE 5 ASSESSMENT BASIS | J96: PENDING - DRAWING | K96: PENDING - PHOTOGRAPHS | L96: Rev.00 | M96: =HYPERLINK("01_STARTER/ST-048-EUR-10/01_Technical_File.docx","Open")
A97: IA-PPWR-TF-ST-048-EUR-11-R00 | B97: ST-048-EUR-11 | C97: IA-ST-048-EUR-11 | D97: D31 | Palet (4000038): 1 adet | Köşebent (4000590): 2 adet | EPS (4001247): 3 adet | E97: IA-ST-CFG-0117 | F97: 1 | G97: 7 | H97: 27.8192 | I97: REV00 CURRENT EVIDENCE BASIS — ARTICLE 5 ASSESSMENT BASIS | J97: PENDING - DRAWING | K97: PENDING - PHOTOGRAPHS | L97: Rev.00 | M97: =HYPERLINK("01_STARTER/ST-048-EUR-11/01_Technical_File.docx","Open")
A98: IA-PPWR-TF-ST-048-EUR-12-R00 | B98: ST-048-EUR-12 | C98: IA-ST-048-EUR-12 | D98: LB5, L5 | Palet (4000038): 1 adet | Köşebent (4000590): 2 adet | E98: IA-ST-CFG-0118 | F98: 5 | G98: 6 | H98: 27.8392 | I98: REV00 CURRENT EVIDENCE BASIS — ARTICLE 5 ASSESSMENT BASIS | J98: PENDING - DRAWING | K98: PENDING - PHOTOGRAPHS | L98: Rev.00 | M98: =HYPERLINK("01_STARTER/ST-048-EUR-12/01_Technical_File.docx","Open")
A99: IA-PPWR-TF-ST-048-STD-01-R00 | B99: ST-048-STD-01 | C99: IA-ST-048-STD-01 | D99: L1 | L1 YUASA penceresiz Orta Doğu dış koli (4001312): 48 adet | E99: IA-ST-CFG-0104 | F99: 1 | G99: 7 | H99: 40.316 | I99: REV00 CURRENT EVIDENCE BASIS — ARTICLE 5 ASSESSMENT BASIS | J99: PENDING - DRAWING | K99: PENDING - PHOTOGRAPHS | L99: Rev.00 | M99: =HYPERLINK("01_STARTER/ST-048-STD-01/01_Technical_File.docx","Open")
A100: IA-PPWR-TF-ST-048-STD-02-R00 | B100: ST-048-STD-02 | C100: IA-ST-048-STD-02 | D100: L2 | Palet (4000037): 1 adet | Shrink film (4000558): 1.824 kg | E100: IA-ST-CFG-0106 | F100: 1 | G100: 7 | H100: 29.76 | I100: REV00 CURRENT EVIDENCE BASIS — ARTICLE 5 ASSESSMENT BASIS | J100: PENDING - DRAWING | K100: PENDING - PHOTOGRAPHS | L100: Rev.00 | M100: =HYPERLINK("01_STARTER/ST-048-STD-02/01_Technical_File.docx","Open")
...

Sheet DECLARATIONS_OF_CONFORMITY
A1: DoC Number | B1: Packaging Set Code | C1: Configuration ID | D1: Packaging Description | E1: Variant Basis | F1: Source BOM ID | G1: Technical File ID | H1: Issue Date | I1: Revision | J1: Status | K1: Open DoC
A2: IA-PPWR-DOC-CNT-20-EUR-01-R00 | B2: CNT-20-EUR-01 | C2: IA-CNT-20-EUR-01 | D2: Container loading | OSB (5501806): 11 adet | Separatör (4000130): 10 adet | E2: Container loading | OSB (5501806): 11 adet | Separatör (4000130): 10 adet / Container loading | OSB (5501806): 11 pcs | Separator (4000130): 10 pcs | F2: IA-CNT-20-EUR | G2: IA-PPWR-TF-CNT-20-EUR-01-R00 | H2: 2026-08-08 | I2: Rev.00 | J2: ACTIVE — unsigned | K2: =HYPERLINK("03_CONTAINER/CNT-20-EUR-01/02_EU_DoC.docx","Open")
A3: IA-PPWR-DOC-CNT-20-STD-01-R00 | B3: CNT-20-STD-01 | C3: IA-CNT-20-STD-01 | D3: Container loading | OSB (5501805): 10 adet | Separatör (4000130): 10 adet | E3: Container loading | OSB (5501805): 10 adet | Separatör (4000130): 10 adet / Container loading | OSB (5501805): 10 pcs | Separator (4000130): 10 pcs | F3: IA-CNT-20-STD | G3: IA-PPWR-TF-CNT-20-STD-01-R00 | H3: 2026-08-08 | I3: Rev.00 | J3: ACTIVE — unsigned | K3: =HYPERLINK("03_CONTAINER/CNT-20-STD-01/02_EU_DoC.docx","Open")
A4: IA-PPWR-DOC-CNT-40-IND-01-R00 | B4: CNT-40-IND-01 | C4: IA-CNT-40-IND-01 | D4: Container loading | Hava yastığı (5500759): 26 adet | Bağlama halatı (5500762): 12 m | E4: Container loading | Hava yastığı (5500759): 26 adet | Bağlama halatı (5500762): 12 m / Container loading | Air dunnage (5500759): 26 pcs | Lashing rope (5500762): 12 m | F4: IA-CNT-40-IND | G4: IA-PPWR-TF-CNT-40-IND-01-R00 | H4: 2026-08-08 | I4: Rev.00 | J4: ACTIVE — unsigned | K4: =HYPERLINK("03_CONTAINER/CNT-40-IND-01/02_EU_DoC.docx","Open")
A5: IA-PPWR-DOC-CNT-DE-HAM-01-R00 | B5: CNT-DE-HAM-01 | C5: IA-CNT-DE-HAM-01 | D5: Container loading | Sabitleme Tahtası ( 206×9×9 ) (Hamburg): 2 adet | E5: Container loading | Sabitleme Tahtası ( 206×9×9 ) (Hamburg): 2 adet / Container loading | Sabitleme Tahtası ( 206×9×9 ) (Hamburg): 2 pcs | F5: IA-CNT-DE-HAMBURG | G5: IA-PPWR-TF-CNT-DE-HAM-01-R00 | H5: 2026-08-08 | I5: Rev.00 | J5: ACTIVE — unsigned | K5: =HYPERLINK("03_CONTAINER/CNT-DE-HAM-01/02_EU_DoC.docx","Open")
A6: IA-PPWR-DOC-IND-24V-01-R00 | B6: IND-24V-01 | C6: IA-IND-24V-01 | D6: 24V | Palet (4001005): 1 adet | E6: 24V | Palet (4001005): 1 adet / 24V | Pallet (4001005): 1 pc | F6: IA-IND-24V | G6: IA-PPWR-TF-IND-24V-01-R00 | H6: 2026-08-08 | I6: Rev.00 | J6: ACTIVE — unsigned | K6: =HYPERLINK("02_INDUSTRIAL/IND-24V-01/02_EU_DoC.docx","Open")
A7: IA-PPWR-DOC-IND-48V-01-R00 | B7: IND-48V-01 | C7: IA-IND-48V-01 | D7: 48V | Palet (4001005): 1 adet | E7: 48V | Palet (4001005): 1 adet / 48V | Pallet (4001005): 1 pc | F7: IA-IND-48V | G7: IA-PPWR-TF-IND-48V-01-R00 | H7: 2026-08-08 | I7: Rev.00 | J7: ACTIVE — unsigned | K7: =HYPERLINK("02_INDUSTRIAL/IND-48V-01/02_EU_DoC.docx","Open")
A8: IA-PPWR-DOC-IND-80V-01-R00 | B8: IND-80V-01 | C8: IA-IND-80V-01 | D8: 80V | Palet (4000973): 1 adet | E8: 80V | Palet (4000973): 1 adet / 80V | Pallet (4000973): 1 pc | F8: IA-IND-80V | G8: IA-PPWR-TF-IND-80V-01-R00 | H8: 2026-08-08 | I8: Rev.00 | J8: ACTIVE — unsigned | K8: =HYPERLINK("02_INDUSTRIAL/IND-80V-01/02_EU_DoC.docx","Open")
A9: IA-PPWR-DOC-ST-012-EUR-01-R00 | B9: ST-012-EUR-01 | C9: IA-ST-012-EUR-01 | D9: C | Palet (4000038): 1 adet | Köşebent (4000590): 4 adet | E9: C | Palet (4000038): 1 adet | Köşebent (4000590): 4 adet / C | Pallet (4000038): 1 pc | Edge protector (4000590): 4 pcs | F9: IA-ST-CFG-0004 | G9: IA-PPWR-TF-ST-012-EUR-01-R00 | H9: 2026-08-08 | I9: Rev.00 | J9: ACTIVE — unsigned | K9: =HYPERLINK("01_STARTER/ST-012-EUR-01/02_EU_DoC.docx","Open")
A10: IA-PPWR-DOC-ST-012-EUR-02-R00 | B10: ST-012-EUR-02 | C10: IA-ST-012-EUR-02 | D10: L6 | Palet (4000038): 1 adet | Köşebent (4000590): 4 adet | E10: L6 | Palet (4000038): 1 adet | Köşebent (4000590): 4 adet / L6 | Pallet (4000038): 1 pc | Edge protector (4000590): 4 pcs | F10: IA-ST-CFG-0005 | G10: IA-PPWR-TF-ST-012-EUR-02-R00 | H10: 2026-08-08 | I10: Rev.00 | J10: ACTIVE — unsigned | K10: =HYPERLINK("01_STARTER/ST-012-EUR-02/02_EU_DoC.docx","Open")
A11: IA-PPWR-DOC-ST-012-EUR-03-R00 | B11: ST-012-EUR-03 | C11: IA-ST-012-EUR-03 | D11: C | Palet (4000038): 1 adet | Köşebent (4000590): 2 adet | E11: C | Palet (4000038): 1 adet | Köşebent (4000590): 2 adet / C | Pallet (4000038): 1 pc | Edge protector (4000590): 2 pcs | F11: IA-ST-CFG-0006 | G11: IA-PPWR-TF-ST-012-EUR-03-R00 | H11: 2026-08-08 | I11: Rev.00 | J11: ACTIVE — unsigned | K11: =HYPERLINK("01_STARTER/ST-012-EUR-03/02_EU_DoC.docx","Open")
A12: IA-PPWR-DOC-ST-018-EUR-01-R00 | B12: ST-018-EUR-01 | C12: IA-ST-018-EUR-01 | D12: C | Palet (4000038): 1 adet | Köşebent (4001160): 4 adet | E12: C | Palet (4000038): 1 adet | Köşebent (4001160): 4 adet / C | Pallet (4000038): 1 pc | Edge protector (4001160): 4 pcs | F12: IA-ST-CFG-0012 | G12: IA-PPWR-TF-ST-018-EUR-01-R00 | H12: 2026-08-08 | I12: Rev.00 | J12: ACTIVE — unsigned | K12: =HYPERLINK("01_STARTER/ST-018-EUR-01/02_EU_DoC.docx","Open")
A13: IA-PPWR-DOC-ST-018-EUR-02-R00 | B13: ST-018-EUR-02 | C13: IA-ST-018-EUR-02 | D13: C | Palet (4000038): 1 adet | Köşebent (4000590): 4 adet | E13: C | Palet (4000038): 1 adet | Köşebent (4000590): 4 adet / C | Pallet (4000038): 1 pc | Edge protector (4000590): 4 pcs | F13: IA-ST-CFG-0013 | G13: IA-PPWR-TF-ST-018-EUR-02-R00 | H13: 2026-08-08 | I13: Rev.00 | J13: ACTIVE — unsigned | K13: =HYPERLINK("01_STARTER/ST-018-EUR-02/02_EU_DoC.docx","Open")
A14: IA-PPWR-DOC-ST-018-EUR-03-R00 | B14: ST-018-EUR-03 | C14: IA-ST-018-EUR-03 | D14: C | Palet (4000038): 1 adet | Shrink film (4000557): 1.08 kg | Köşebent (4000590): 2 adet | E14: C | Palet (4000038): 1 adet | Shrink film (4000557): 1.08 kg | Köşebent (4000590): 2 adet / C | Pallet (4000038): 1 pc | Shrink film (4000557): 1.08 kg | Edge protector (4000590): 2 pcs | F14: IA-ST-CFG-0014 | G14: IA-PPWR-TF-ST-018-EUR-03-R00 | H14: 2026-08-08 | I14: Rev.00 | J14: ACTIVE — unsigned | K14: =HYPERLINK("01_STARTER/ST-018-EUR-03/02_EU_DoC.docx","Open")
A15: IA-PPWR-DOC-ST-018-EUR-04-R00 | B15: ST-018-EUR-04 | C15: IA-ST-018-EUR-04 | D15: C | Palet (4000038): 1 adet | Honeycomb (4001186): 3 adet | E15: C | Palet (4000038): 1 adet | Honeycomb (4001186): 3 adet / C | Pallet (4000038): 1 pc | Honeycomb (4001186): 3 pcs | F15: IA-ST-CFG-0015 | G15: IA-PPWR-TF-ST-018-EUR-04-R00 | H15: 2026-08-08 | I15: Rev.00 | J15: ACTIVE — unsigned | K15: =HYPERLINK("01_STARTER/ST-018-EUR-04/02_EU_DoC.docx","Open")
A16: IA-PPWR-DOC-ST-018-EUR-05-R00 | B16: ST-018-EUR-05 | C16: IA-ST-018-EUR-05 | D16: C | Palet (4000038): 1 adet | Çember (4000450): kullanılmaz | E16: C | Palet (4000038): 1 adet | Çember (4000450): kullanılmaz / C | Pallet (4000038): 1 pc | Strap (4000450): not used | F16: IA-ST-CFG-0016 | G16: IA-PPWR-TF-ST-018-EUR-05-R00 | H16: 2026-08-08 | I16: Rev.00 | J16: ACTIVE — unsigned | K16: =HYPERLINK("01_STARTER/ST-018-EUR-05/02_EU_DoC.docx","Open")
A17: IA-PPWR-DOC-ST-021-EUR-01-R00 | B17: ST-021-EUR-01 | C17: IA-ST-021-EUR-01 | D17: B | B TİPİ PVC üst kapak (4000591): 21 adet | E17: B | B TİPİ PVC üst kapak (4000591): 21 adet / B | B TİPİ PVC upper cover (4000591): 21 pcs | F17: IA-ST-CFG-0027 | G17: IA-PPWR-TF-ST-021-EUR-01-R00 | H17: 2026-08-08 | I17: Rev.00 | J17: ACTIVE — unsigned | K17: =HYPERLINK("01_STARTER/ST-021-EUR-01/02_EU_DoC.docx","Open")
A18: IA-PPWR-DOC-ST-021-EUR-02-R00 | B18: ST-021-EUR-02 | C18: IA-ST-021-EUR-02 | D18: B | Palet (4000038): 1 adet | Köşebent (4000590): 4 adet | E18: B | Palet (4000038): 1 adet | Köşebent (4000590): 4 adet / B | Pallet (4000038): 1 pc | Edge protector (4000590): 4 pcs | F18: IA-ST-CFG-0028 | G18: IA-PPWR-TF-ST-021-EUR-02-R00 | H18: 2026-08-08 | I18: Rev.00 | J18: ACTIVE — unsigned | K18: =HYPERLINK("01_STARTER/ST-021-EUR-02/02_EU_DoC.docx","Open")
A19: IA-PPWR-DOC-ST-021-EUR-03-R00 | B19: ST-021-EUR-03 | C19: IA-ST-021-EUR-03 | D19: B | Palet (4000038): 1 adet | Shrink film (4000557): 1.155 kg | EPS (4001290): 21 adet | E19: B | Palet (4000038): 1 adet | Shrink film (4000557): 1.155 kg | EPS (4001290): 21 adet / B | Pallet (4000038): 1 pc | Shrink film (4000557): 1.155 kg | EPS (4001290): 21 pcs | F19: IA-ST-CFG-0029 | G19: IA-PPWR-TF-ST-021-EUR-03-R00 | H19: 2026-08-08 | I19: Rev.00 | J19: ACTIVE — unsigned | K19: =HYPERLINK("01_STARTER/ST-021-EUR-03/02_EU_DoC.docx","Open")
A20: IA-PPWR-DOC-ST-021-EUR-04-R00 | B20: ST-021-EUR-04 | C20: IA-ST-021-EUR-04 | D20: B | Palet (4000038): 1 adet | Honeycomb (4001186): 3 adet | E20: B | Palet (4000038): 1 adet | Honeycomb (4001186): 3 adet / B | Pallet (4000038): 1 pc | Honeycomb (4001186): 3 pcs | F20: IA-ST-CFG-0030 | G20: IA-PPWR-TF-ST-021-EUR-04-R00 | H20: 2026-08-08 | I20: Rev.00 | J20: ACTIVE — unsigned | K20: =HYPERLINK("01_STARTER/ST-021-EUR-04/02_EU_DoC.docx","Open")
A21: IA-PPWR-DOC-ST-021-EUR-05-R00 | B21: ST-021-EUR-05 | C21: IA-ST-021-EUR-05 | D21: B | Palet (4000038): 1 adet | Shrink film (4000557): kullanılmaz | Köşebent (4000590): 2 adet | EPS (4001290): 21 adet | E21: B | Palet (4000038): 1 adet | Shrink film (4000557): kullanılmaz | Köşebent (4000590): 2 adet | EPS (4001290): 21 adet / B | Pallet (4000038): 1 pc | Shrink film (4000557): not used | Edge protector (4000590): 2 pcs | EPS (4001290): 21 pcs | F21: IA-ST-CFG-0031 | G21: IA-PPWR-TF-ST-021-EUR-05-R00 | H21: 2026-08-08 | I21: Rev.00 | J21: ACTIVE — unsigned | K21: =HYPERLINK("01_STARTER/ST-021-EUR-05/02_EU_DoC.docx","Open")
A22: IA-PPWR-DOC-ST-021-STD-01-R00 | B22: ST-021-STD-01 | C22: IA-ST-021-STD-01 | D22: C | Palet (4000037): 1 adet | Streç ped (4000301): 0.175 kg | E22: C | Palet (4000037): 1 adet | Streç ped (4000301): 0.175 kg / C | Pallet (4000037): 1 pc | Stretch pad (4000301): 0.175 kg | F22: IA-ST-CFG-0020 | G22: IA-PPWR-TF-ST-021-STD-01-R00 | H22: 2026-08-08 | I22: Rev.00 | J22: ACTIVE — unsigned | K22: =HYPERLINK("01_STARTER/ST-021-STD-01/02_EU_DoC.docx","Open")
A23: IA-PPWR-DOC-ST-021-STD-02-R00 | B23: ST-021-STD-02 | C23: IA-ST-021-STD-02 | D23: C | Palet (4000037): 1 adet | Köşebent (4000590): 4 adet | E23: C | Palet (4000037): 1 adet | Köşebent (4000590): 4 adet / C | Pallet (4000037): 1 pc | Edge protector (4000590): 4 pcs | F23: IA-ST-CFG-0021 | G23: IA-PPWR-TF-ST-021-STD-02-R00 | H23: 2026-08-08 | I23: Rev.00 | J23: ACTIVE — unsigned | K23: =HYPERLINK("01_STARTER/ST-021-STD-02/02_EU_DoC.docx","Open")
A24: IA-PPWR-DOC-ST-021-STD-03-R00 | B24: ST-021-STD-03 | C24: IA-ST-021-STD-03 | D24: C | Palet (4000037): 1 adet | Streç ped (4000301): 0.186 kg | Köşebent (4000590): 2 adet | E24: C | Palet (4000037): 1 adet | Streç ped (4000301): 0.186 kg | Köşebent (4000590): 2 adet / C | Pallet (4000037): 1 pc | Stretch pad (4000301): 0.186 kg | Edge protector (4000590): 2 pcs | F24: IA-ST-CFG-0023 | G24: IA-PPWR-TF-ST-021-STD-03-R00 | H24: 2026-08-08 | I24: Rev.00 | J24: ACTIVE — unsigned | K24: =HYPERLINK("01_STARTER/ST-021-STD-03/02_EU_DoC.docx","Open")
A25: IA-PPWR-DOC-ST-021-STD-04-R00 | B25: ST-021-STD-04 | C25: IA-ST-021-STD-04 | D25: C | Palet (4000037): 1 adet | Çember (4000450): kullanılmaz | E25: C | Palet (4000037): 1 adet | Çember (4000450): kullanılmaz / C | Pallet (4000037): 1 pc | Strap (4000450): not used | F25: IA-ST-CFG-0024 | G25: IA-PPWR-TF-ST-021-STD-04-R00 | H25: 2026-08-08 | I25: Rev.00 | J25: ACTIVE — unsigned | K25: =HYPERLINK("01_STARTER/ST-021-STD-04/02_EU_DoC.docx","Open")
A26: IA-PPWR-DOC-ST-021-STD-05-R00 | B26: ST-021-STD-05 | C26: IA-ST-021-STD-05 | D26: C | Palet (4000037): 1 adet | Shrink film (4001177): 0.597 kg | E26: C | Palet (4000037): 1 adet | Shrink film (4001177): 0.597 kg / C | Pallet (4000037): 1 pc | Shrink film (4001177): 0.597 kg | F26: IA-ST-CFG-0025 | G26: IA-PPWR-TF-ST-021-STD-05-R00 | H26: 2026-08-08 | I26: Rev.00 | J26: ACTIVE — unsigned | K26: =HYPERLINK("01_STARTER/ST-021-STD-05/02_EU_DoC.docx","Open")
A27: IA-PPWR-DOC-ST-024-EUR-01-R00 | B27: ST-024-EUR-01 | C27: IA-ST-024-EUR-01 | D27: TRACTOR | Palet (4000038): 1 adet | Honeycomb (4001186): 2 adet | E27: TRACTOR | Palet (4000038): 1 adet | Honeycomb (4001186): 2 adet / TRACTOR | Pallet (4000038): 1 pc | Honeycomb (4001186): 2 pcs | F27: IA-ST-CFG-0035 | G27: IA-PPWR-TF-ST-024-EUR-01-R00 | H27: 2026-08-08 | I27: Rev.00 | J27: ACTIVE — unsigned | K27: =HYPERLINK("01_STARTER/ST-024-EUR-01/02_EU_DoC.docx","Open")
A28: IA-PPWR-DOC-ST-024-EUR-02-R00 | B28: ST-024-EUR-02 | C28: IA-ST-024-EUR-02 | D28: A | A TİPİ VAKUM PVC PVC üst kapak (4000720): 24 adet | E28: A | A TİPİ VAKUM PVC PVC üst kapak (4000720): 24 adet / A | A TİPİ VAKUM PVC PVC upper cover (4000720): 24 pcs | F28: IA-ST-CFG-0037 | G28: IA-PPWR-TF-ST-024-EUR-02-R00 | H28: 2026-08-08 | I28: Rev.00 | J28: ACTIVE — unsigned | K28: =HYPERLINK("01_STARTER/ST-024-EUR-02/02_EU_DoC.docx","Open")
A29: IA-PPWR-DOC-ST-024-EUR-03-R00 | B29: ST-024-EUR-03 | C29: IA-ST-024-EUR-03 | D29: A | Palet (4000038): 1 adet | Köşebent (4000590): 4 adet | E29: A | Palet (4000038): 1 adet | Köşebent (4000590): 4 adet / A | Pallet (4000038): 1 pc | Edge protector (4000590): 4 pcs | F29: IA-ST-CFG-0038 | G29: IA-PPWR-TF-ST-024-EUR-03-R00 | H29: 2026-08-08 | I29: Rev.00 | J29: ACTIVE — unsigned | K29: =HYPERLINK("01_STARTER/ST-024-EUR-03/02_EU_DoC.docx","Open")
A30: IA-PPWR-DOC-ST-024-EUR-04-R00 | B30: ST-024-EUR-04 | C30: IA-ST-024-EUR-04 | D30: A | Palet (4000038): 1 adet | Köşebent (4000590): 2 adet | E30: A | Palet (4000038): 1 adet | Köşebent (4000590): 2 adet / A | Pallet (4000038): 1 pc | Edge protector (4000590): 2 pcs | F30: IA-ST-CFG-0039 | G30: IA-PPWR-TF-ST-024-EUR-04-R00 | H30: 2026-08-08 | I30: Rev.00 | J30: ACTIVE — unsigned | K30: =HYPERLINK("01_STARTER/ST-024-EUR-04/02_EU_DoC.docx","Open")
A31: IA-PPWR-DOC-ST-024-STD-01-R00 | B31: ST-024-STD-01 | C31: IA-ST-024-STD-01 | D31: C | Palet (4000037): 1 adet | EPS (4001281): 24 adet | E31: C | Palet (4000037): 1 adet | EPS (4001281): 24 adet / C | Pallet (4000037): 1 pc | EPS (4001281): 24 pcs | F31: IA-ST-CFG-0034 | G31: IA-PPWR-TF-ST-024-STD-01-R00 | H31: 2026-08-08 | I31: Rev.00 | J31: ACTIVE — unsigned | K31: =HYPERLINK("01_STARTER/ST-024-STD-01/02_EU_DoC.docx","Open")
A32: IA-PPWR-DOC-ST-027-STD90-01-R00 | B32: ST-027-STD90-01 | C32: IA-ST-027-STD90-01 | D32: TANK | TANK PVC üst kapak (4000493): 27 adet | Çember (4000450): 7 m | E32: TANK | TANK PVC üst kapak (4000493): 27 adet | Çember (4000450): 7 m / TANK | TANK PVC upper cover (4000493): 27 pcs | Strap (4000450): 7 m | F32: IA-ST-CFG-0043 | G32: IA-PPWR-TF-ST-027-STD90-01-R00 | H32: 2026-08-08 | I32: Rev.00 | J32: ACTIVE — unsigned | K32: =HYPERLINK("01_STARTER/ST-027-STD90-01/02_EU_DoC.docx","Open")
A33: IA-PPWR-DOC-ST-027-STD90-02-R00 | B33: ST-027-STD90-02 | C33: IA-ST-027-STD90-02 | D33: TANK | TANK PVC üst kapak (4000493): 27 adet | Çember (4000450): kullanılmaz | E33: TANK | TANK PVC üst kapak (4000493): 27 adet | Çember (4000450): kullanılmaz / TANK | TANK PVC upper cover (4000493): 27 pcs | Strap (4000450): not used | F33: IA-ST-CFG-0044 | G33: IA-PPWR-TF-ST-027-STD90-02-R00 | H33: 2026-08-08 | I33: Rev.00 | J33: ACTIVE — unsigned | K33: =HYPERLINK("01_STARTER/ST-027-STD90-02/02_EU_DoC.docx","Open")
A34: IA-PPWR-DOC-ST-028-STD-01-R00 | B34: ST-028-STD-01 | C34: IA-ST-028-STD-01 | D34: L6 | Palet (4000037): 1 adet | Shrink film (4000608): 1.12 kg | E34: L6 | Palet (4000037): 1 adet | Shrink film (4000608): 1.12 kg / L6 | Pallet (4000037): 1 pc | Shrink film (4000608): 1.12 kg | F34: IA-ST-CFG-0045 | G34: IA-PPWR-TF-ST-028-STD-01-R00 | H34: 2026-08-08 | I34: Rev.00 | J34: ACTIVE — unsigned | K34: =HYPERLINK("01_STARTER/ST-028-STD-01/02_EU_DoC.docx","Open")
A35: IA-PPWR-DOC-ST-030-STD-01-R00 | B35: ST-030-STD-01 | C35: IA-ST-030-STD-01 | D35: L5 | Palet (4000037): 1 adet | Shrink film (4000608): 1.2 kg | E35: L5 | Palet (4000037): 1 adet | Shrink film (4000608): 1.2 kg / L5 | Pallet (4000037): 1 pc | Shrink film (4000608): 1.2 kg | F35: IA-ST-CFG-0046 | G35: IA-PPWR-TF-ST-030-STD-01-R00 | H35: 2026-08-08 | I35: Rev.00 | J35: ACTIVE — unsigned | K35: =HYPERLINK("01_STARTER/ST-030-STD-01/02_EU_DoC.docx","Open")
A36: IA-PPWR-DOC-ST-030-STD-02-R00 | B36: ST-030-STD-02 | C36: IA-ST-030-STD-02 | D36: A | Palet (4000037): 1 adet | Shrink film (4000557): 1.65 kg | Köşebent (4000590): 4 adet | E36: A | Palet (4000037): 1 adet | Shrink film (4000557): 1.65 kg | Köşebent (4000590): 4 adet / A | Pallet (4000037): 1 pc | Shrink film (4000557): 1.65 kg | Edge protector (4000590): 4 pcs | F36: IA-ST-CFG-0047 | G36: IA-PPWR-TF-ST-030-STD-02-R00 | H36: 2026-08-08 | I36: Rev.00 | J36: ACTIVE — unsigned | K36: =HYPERLINK("01_STARTER/ST-030-STD-02/02_EU_DoC.docx","Open")
A37: IA-PPWR-DOC-ST-030-STD-03-R00 | B37: ST-030-STD-03 | C37: IA-ST-030-STD-03 | D37: B | Palet (4000037): 1 adet | Shrink film (4000557): 1.65 kg | Köşebent (4000590): 4 adet | E37: B | Palet (4000037): 1 adet | Shrink film (4000557): 1.65 kg | Köşebent (4000590): 4 adet / B | Pallet (4000037): 1 pc | Shrink film (4000557): 1.65 kg | Edge protector (4000590): 4 pcs | F37: IA-ST-CFG-0048 | G37: IA-PPWR-TF-ST-030-STD-03-R00 | H37: 2026-08-08 | I37: Rev.00 | J37: ACTIVE — unsigned | K37: =HYPERLINK("01_STARTER/ST-030-STD-03/02_EU_DoC.docx","Open")
A38: IA-PPWR-DOC-ST-030-STD-04-R00 | B38: ST-030-STD-04 | C38: IA-ST-030-STD-04 | D38: A | Palet (4000037): 1 adet | Shrink film (4000557): kullanılmaz | Köşebent (4000590): 4 adet | E38: A | Palet (4000037): 1 adet | Shrink film (4000557): kullanılmaz | Köşebent (4000590): 4 adet / A | Pallet (4000037): 1 pc | Shrink film (4000557): not used | Edge protector (4000590): 4 pcs | F38: IA-ST-CFG-0049 | G38: IA-PPWR-TF-ST-030-STD-04-R00 | H38: 2026-08-08 | I38: Rev.00 | J38: ACTIVE — unsigned | K38: =HYPERLINK("01_STARTER/ST-030-STD-04/02_EU_DoC.docx","Open")
A39: IA-PPWR-DOC-ST-030-STD-05-R00 | B39: ST-030-STD-05 | C39: IA-ST-030-STD-05 | D39: A | Palet (4000037): 1 adet | Köşebent (4000590): 2 adet | E39: A | Palet (4000037): 1 adet | Köşebent (4000590): 2 adet / A | Pallet (4000037): 1 pc | Edge protector (4000590): 2 pcs | F39: IA-ST-CFG-0051 | G39: IA-PPWR-TF-ST-030-STD-05-R00 | H39: 2026-08-08 | I39: Rev.00 | J39: ACTIVE — unsigned | K39: =HYPERLINK("01_STARTER/ST-030-STD-05/02_EU_DoC.docx","Open")
A40: IA-PPWR-DOC-ST-030-STD-06-R00 | B40: ST-030-STD-06 | C40: IA-ST-030-STD-06 | D40: B | Palet (4000037): 1 adet | Köşebent (4000590): 2 adet | E40: B | Palet (4000037): 1 adet | Köşebent (4000590): 2 adet / B | Pallet (4000037): 1 pc | Edge protector (4000590): 2 pcs | F40: IA-ST-CFG-0052 | G40: IA-PPWR-TF-ST-030-STD-06-R00 | H40: 2026-08-08 | I40: Rev.00 | J40: ACTIVE — unsigned | K40: =HYPERLINK("01_STARTER/ST-030-STD-06/02_EU_DoC.docx","Open")
A41: IA-PPWR-DOC-ST-030-STD-07-R00 | B41: ST-030-STD-07 | C41: IA-ST-030-STD-07 | D41: B | Palet (4000037): 1 adet | Çember (4000450): 7 m | Köşebent (4000590): 4 adet | E41: B | Palet (4000037): 1 adet | Çember (4000450): 7 m | Köşebent (4000590): 4 adet / B | Pallet (4000037): 1 pc | Strap (4000450): 7 m | Edge protector (4000590): 4 pcs | F41: IA-ST-CFG-0053 | G41: IA-PPWR-TF-ST-030-STD-07-R00 | H41: 2026-08-08 | I41: Rev.00 | J41: ACTIVE — unsigned | K41: =HYPERLINK("01_STARTER/ST-030-STD-07/02_EU_DoC.docx","Open")
A42: IA-PPWR-DOC-ST-030-STD-08-R00 | B42: ST-030-STD-08 | C42: IA-ST-030-STD-08 | D42: A | Palet (4000037): 1 adet | Çember (4000450): kullanılmaz | E42: A | Palet (4000037): 1 adet | Çember (4000450): kullanılmaz / A | Pallet (4000037): 1 pc | Strap (4000450): not used | F42: IA-ST-CFG-0054 | G42: IA-PPWR-TF-ST-030-STD-08-R00 | H42: 2026-08-08 | I42: Rev.00 | J42: ACTIVE — unsigned | K42: =HYPERLINK("01_STARTER/ST-030-STD-08/02_EU_DoC.docx","Open")
A43: IA-PPWR-DOC-ST-030-STD-09-R00 | B43: ST-030-STD-09 | C43: IA-ST-030-STD-09 | D43: B | Palet (4000037): 1 adet | Çember (4000450): kullanılmaz | E43: B | Palet (4000037): 1 adet | Çember (4000450): kullanılmaz / B | Pallet (4000037): 1 pc | Strap (4000450): not used | F43: IA-ST-CFG-0055 | G43: IA-PPWR-TF-ST-030-STD-09-R00 | H43: 2026-08-08 | I43: Rev.00 | J43: ACTIVE — unsigned | K43: =HYPERLINK("01_STARTER/ST-030-STD-09/02_EU_DoC.docx","Open")
A44: IA-PPWR-DOC-ST-030-STD-10-R00 | B44: ST-030-STD-10 | C44: IA-ST-030-STD-10 | D44: A | Palet (4000037): 1 adet | Shrink film (4001177): 0.597 kg | E44: A | Palet (4000037): 1 adet | Shrink film (4001177): 0.597 kg / A | Pallet (4000037): 1 pc | Shrink film (4001177): 0.597 kg | F44: IA-ST-CFG-0056 | G44: IA-PPWR-TF-ST-030-STD-10-R00 | H44: 2026-08-08 | I44: Rev.00 | J44: ACTIVE — unsigned | K44: =HYPERLINK("01_STARTER/ST-030-STD-10/02_EU_DoC.docx","Open")
A45: IA-PPWR-DOC-ST-030-STD-11-R00 | B45: ST-030-STD-11 | C45: IA-ST-030-STD-11 | D45: B | Palet (4000037): 1 adet | Shrink film (4001177): 0.597 kg | E45: B | Palet (4000037): 1 adet | Shrink film (4001177): 0.597 kg / B | Pallet (4000037): 1 pc | Shrink film (4001177): 0.597 kg | F45: IA-ST-CFG-0057 | G45: IA-PPWR-TF-ST-030-STD-11-R00 | H45: 2026-08-08 | I45: Rev.00 | J45: ACTIVE — unsigned | K45: =HYPERLINK("01_STARTER/ST-030-STD-11/02_EU_DoC.docx","Open")
A46: IA-PPWR-DOC-ST-033-EUR-01-R00 | B46: ST-033-EUR-01 | C46: IA-ST-033-EUR-01 | D46: L6 | Palet (4000038): 1 adet | Köşebent (4000590): 4 adet | E46: L6 | Palet (4000038): 1 adet | Köşebent (4000590): 4 adet / L6 | Pallet (4000038): 1 pc | Edge protector (4000590): 4 pcs | F46: IA-ST-CFG-0058 | G46: IA-PPWR-TF-ST-033-EUR-01-R00 | H46: 2026-08-08 | I46: Rev.00 | J46: ACTIVE — unsigned | K46: =HYPERLINK("01_STARTER/ST-033-EUR-01/02_EU_DoC.docx","Open")
A47: IA-PPWR-DOC-ST-034-STD-01-R00 | B47: ST-034-STD-01 | C47: IA-ST-034-STD-01 | D47: D31 | D31 YUASA penceresiz Orta Doğu dış koli (4001108): 34 adet | E47: D31 | D31 YUASA penceresiz Orta Doğu dış koli (4001108): 34 adet / D31 | D31 YUASA windowless Middle East outer carton (4001108): 34 pcs | F47: IA-ST-CFG-0059 | G47: IA-PPWR-TF-ST-034-STD-01-R00 | H47: 2026-08-08 | I47: Rev.00 | J47: ACTIVE — unsigned | K47: =HYPERLINK("01_STARTER/ST-034-STD-01/02_EU_DoC.docx","Open")
A48: IA-PPWR-DOC-ST-034-STD-02-R00 | B48: ST-034-STD-02 | C48: IA-ST-034-STD-02 | D48: L4 | L4 YUASA penceresiz Orta Doğu dış koli (4001313): 34 adet | E48: L4 | L4 YUASA penceresiz Orta Doğu dış koli (4001313): 34 adet / L4 | L4 YUASA windowless Middle East outer carton (4001313): 34 pcs | F48: IA-ST-CFG-0060 | G48: IA-PPWR-TF-ST-034-STD-02-R00 | H48: 2026-08-08 | I48: Rev.00 | J48: ACTIVE — unsigned | K48: =HYPERLINK("01_STARTER/ST-034-STD-02/02_EU_DoC.docx","Open")
A49: IA-PPWR-DOC-ST-036-EUR-01-R00 | B49: ST-036-EUR-01 | C49: IA-ST-036-EUR-01 | D49: L6 | L6 İnci AGM LEO 105AH940A pencereli dış koli (4001360): 36 adet | E49: L6 | L6 İnci AGM LEO 105AH940A pencereli dış koli (4001360): 36 adet / L6 | L6 İnci AGM LEO 105AH940A windowed outer carton (4001360): 36 pcs | F49: IA-ST-CFG-0062 | G49: IA-PPWR-TF-ST-036-EUR-01-R00 | H49: 2026-08-08 | I49: Rev.00 | J49: ACTIVE — unsigned | K49: =HYPERLINK("01_STARTER/ST-036-EUR-01/02_EU_DoC.docx","Open")
A50: IA-PPWR-DOC-ST-036-EUR-02-R00 | B50: ST-036-EUR-02 | C50: IA-ST-036-EUR-02 | D50: NS40 | Palet (4000038): 1 adet | EPS (4000573): 8 adet | E50: NS40 | Palet (4000038): 1 adet | EPS (4000573): 8 adet / NS40 | Pallet (4000038): 1 pc | EPS (4000573): 8 pcs | F50: IA-ST-CFG-0065 | G50: IA-PPWR-TF-ST-036-EUR-02-R00 | H50: 2026-08-08 | I50: Rev.00 | J50: ACTIVE — unsigned | K50: =HYPERLINK("01_STARTER/ST-036-EUR-02/02_EU_DoC.docx","Open")
A51: IA-PPWR-DOC-ST-036-EUR-03-R00 | B51: ST-036-EUR-03 | C51: IA-ST-036-EUR-03 | D51: L6, L5 | Palet (4000038): 1 adet | Köşebent (4000590): 4 adet | E51: L6, L5 | Palet (4000038): 1 adet | Köşebent (4000590): 4 adet / L6, L5 | Pallet (4000038): 1 pc | Edge protector (4000590): 4 pcs | F51: IA-ST-CFG-0066 | G51: IA-PPWR-TF-ST-036-EUR-03-R00 | H51: 2026-08-08 | I51: Rev.00 | J51: ACTIVE — unsigned | K51: =HYPERLINK("01_STARTER/ST-036-EUR-03/02_EU_DoC.docx","Open")
A52: IA-PPWR-DOC-ST-036-EUR-04-R00 | B52: ST-036-EUR-04 | C52: IA-ST-036-EUR-04 | D52: L5, L6, LB5 | Palet (4000038): 1 adet | Köşebent (4000590): 4 adet | E52: L5, L6, LB5 | Palet (4000038): 1 adet | Köşebent (4000590): 4 adet / L5, L6, LB5 | Pallet (4000038): 1 pc | Edge protector (4000590): 4 pcs | F52: IA-ST-CFG-0068 | G52: IA-PPWR-TF-ST-036-EUR-04-R00 | H52: 2026-08-08 | I52: Rev.00 | J52: ACTIVE — unsigned | K52: =HYPERLINK("01_STARTER/ST-036-EUR-04/02_EU_DoC.docx","Open")
A53: IA-PPWR-DOC-ST-036-EUR-05-R00 | B53: ST-036-EUR-05 | C53: IA-ST-036-EUR-05 | D53: TRACTORL | TRAKTÖR PVC üst kapak (4000494): 36 adet | E53: TRACTORL | TRAKTÖR PVC üst kapak (4000494): 36 adet / TRACTORL | TRAKTÖR PVC upper cover (4000494): 36 pcs | F53: IA-ST-CFG-0070 | G53: IA-PPWR-TF-ST-036-EUR-05-R00 | H53: 2026-08-08 | I53: Rev.00 | J53: ACTIVE — unsigned | K53: =HYPERLINK("01_STARTER/ST-036-EUR-05/02_EU_DoC.docx","Open")
A54: IA-PPWR-DOC-ST-036-EUR-06-R00 | B54: ST-036-EUR-06 | C54: IA-ST-036-EUR-06 | D54: L6, L5 | Palet (4000038): 1 adet | Köşebent (4000590): 2 adet | Shrink film (4000608): 1.44 kg | E54: L6, L5 | Palet (4000038): 1 adet | Köşebent (4000590): 2 adet | Shrink film (4000608): 1.44 kg / L6, L5 | Pallet (4000038): 1 pc | Edge protector (4000590): 2 pcs | Shrink film (4000608): 1.44 kg | F54: IA-ST-CFG-0071 | G54: IA-PPWR-TF-ST-036-EUR-06-R00 | H54: 2026-08-08 | I54: Rev.00 | J54: ACTIVE — unsigned | K54: =HYPERLINK("01_STARTER/ST-036-EUR-06/02_EU_DoC.docx","Open")
A55: IA-PPWR-DOC-ST-036-EUR-07-R00 | B55: ST-036-EUR-07 | C55: IA-ST-036-EUR-07 | D55: L6, L5 | Palet (4000038): 1 adet | Shrink film (4000608): kullanılmaz | E55: L6, L5 | Palet (4000038): 1 adet | Shrink film (4000608): kullanılmaz / L6, L5 | Pallet (4000038): 1 pc | Shrink film (4000608): not used | F55: IA-ST-CFG-0072 | G55: IA-PPWR-TF-ST-036-EUR-07-R00 | H55: 2026-08-08 | I55: Rev.00 | J55: ACTIVE — unsigned | K55: =HYPERLINK("01_STARTER/ST-036-EUR-07/02_EU_DoC.docx","Open")
A56: IA-PPWR-DOC-ST-036-STD-01-R00 | B56: ST-036-STD-01 | C56: IA-ST-036-STD-01 | D56: L3 | L3 YUASA penceresiz Orta Doğu dış koli (4001103): 36 adet | E56: L3 | L3 YUASA penceresiz Orta Doğu dış koli (4001103): 36 adet / L3 | L3 YUASA windowless Middle East outer carton (4001103): 36 pcs | F56: IA-ST-CFG-0061 | G56: IA-PPWR-TF-ST-036-STD-01-R00 | H56: 2026-08-08 | I56: Rev.00 | J56: ACTIVE — unsigned | K56: =HYPERLINK("01_STARTER/ST-036-STD-01/02_EU_DoC.docx","Open")
A57: IA-PPWR-DOC-ST-036-STD-02-R00 | B57: ST-036-STD-02 | C57: IA-ST-036-STD-02 | D57: L4 | Palet (4000037): 1 adet | Separatör (4000130): 3 adet | E57: L4 | Palet (4000037): 1 adet | Separatör (4000130): 3 adet / L4 | Pallet (4000037): 1 pc | Separator (4000130): 3 pcs | F57: IA-ST-CFG-0063 | G57: IA-PPWR-TF-ST-036-STD-02-R00 | H57: 2026-08-08 | I57: Rev.00 | J57: ACTIVE — unsigned | K57: =HYPERLINK("01_STARTER/ST-036-STD-02/02_EU_DoC.docx","Open")
A58: IA-PPWR-DOC-ST-036-STD-03-R00 | B58: ST-036-STD-03 | C58: IA-ST-036-STD-03 | D58: L4 | Palet (4000037): 1 adet | Separatör (4000130): 4 adet | E58: L4 | Palet (4000037): 1 adet | Separatör (4000130): 4 adet / L4 | Pallet (4000037): 1 pc | Separator (4000130): 4 pcs | F58: IA-ST-CFG-0064 | G58: IA-PPWR-TF-ST-036-STD-03-R00 | H58: 2026-08-08 | I58: Rev.00 | J58: ACTIVE — unsigned | K58: =HYPERLINK("01_STARTER/ST-036-STD-03/02_EU_DoC.docx","Open")
A59: IA-PPWR-DOC-ST-042-EUR-01-R00 | B59: ST-042-EUR-01 | C59: IA-ST-042-EUR-01 | D59: D31 | D31 YUASA penceresiz Orta Doğu dış koli (4001108): 42 adet | E59: D31 | D31 YUASA penceresiz Orta Doğu dış koli (4001108): 42 adet / D31 | D31 YUASA windowless Middle East outer carton (4001108): 42 pcs | F59: IA-ST-CFG-0077 | G59: IA-PPWR-TF-ST-042-EUR-01-R00 | H59: 2026-08-08 | I59: Rev.00 | J59: ACTIVE — unsigned | K59: =HYPERLINK("01_STARTER/ST-042-EUR-01/02_EU_DoC.docx","Open")
A60: IA-PPWR-DOC-ST-042-EUR-02-R00 | B60: ST-042-EUR-02 | C60: IA-ST-042-EUR-02 | D60: L4, LB4 | Palet (4000038): 1 adet | Köşebent (4000590): 4 adet | E60: L4, LB4 | Palet (4000038): 1 adet | Köşebent (4000590): 4 adet / L4, LB4 | Pallet (4000038): 1 pc | Edge protector (4000590): 4 pcs | F60: IA-ST-CFG-0085 | G60: IA-PPWR-TF-ST-042-EUR-02-R00 | H60: 2026-08-08 | I60: Rev.00 | J60: ACTIVE — unsigned | K60: =HYPERLINK("01_STARTER/ST-042-EUR-02/02_EU_DoC.docx","Open")
A61: IA-PPWR-DOC-ST-042-EUR-03-R00 | B61: ST-042-EUR-03 | C61: IA-ST-042-EUR-03 | D61: L4, LB4 | Palet (4000038): 1 adet | Shrink film (4000554): 1.428 kg | E61: L4, LB4 | Palet (4000038): 1 adet | Shrink film (4000554): 1.428 kg / L4, LB4 | Pallet (4000038): 1 pc | Shrink film (4000554): 1.428 kg | F61: IA-ST-CFG-0086 | G61: IA-PPWR-TF-ST-042-EUR-03-R00 | H61: 2026-08-08 | I61: Rev.00 | J61: ACTIVE — unsigned | K61: =HYPERLINK("01_STARTER/ST-042-EUR-03/02_EU_DoC.docx","Open")
A62: IA-PPWR-DOC-ST-042-EUR-04-R00 | B62: ST-042-EUR-04 | C62: IA-ST-042-EUR-04 | D62: L4, LB4 | Palet (4000038): 1 adet | Shrink film (4000554): kullanılmaz | Köşebent (4000590): 2 adet | E62: L4, LB4 | Palet (4000038): 1 adet | Shrink film (4000554): kullanılmaz | Köşebent (4000590): 2 adet / L4, LB4 | Pallet (4000038): 1 pc | Shrink film (4000554): not used | Edge protector (4000590): 2 pcs | F62: IA-ST-CFG-0087 | G62: IA-PPWR-TF-ST-042-EUR-04-R00 | H62: 2026-08-08 | I62: Rev.00 | J62: ACTIVE — unsigned | K62: =HYPERLINK("01_STARTER/ST-042-EUR-04/02_EU_DoC.docx","Open")
A63: IA-PPWR-DOC-ST-042-STD-01-R00 | B63: ST-042-STD-01 | C63: IA-ST-042-STD-01 | D63: D23 | D23 YUASA penceresiz Orta Doğu dış koli (4001106): 42 adet | E63: D23 | D23 YUASA penceresiz Orta Doğu dış koli (4001106): 42 adet / D23 | D23 YUASA windowless Middle East outer carton (4001106): 42 pcs | F63: IA-ST-CFG-0075 | G63: IA-PPWR-TF-ST-042-STD-01-R00 | H63: 2026-08-08 | I63: Rev.00 | J63: ACTIVE — unsigned | K63: =HYPERLINK("01_STARTER/ST-042-STD-01/02_EU_DoC.docx","Open")
A64: IA-PPWR-DOC-ST-042-STD-02-R00 | B64: ST-042-STD-02 | C64: IA-ST-042-STD-02 | D64: L6 | L6 EAS AGM S&S 105AH 940A pencereli dış koli (4001399): 42 adet | E64: L6 | L6 EAS AGM S&S 105AH 940A pencereli dış koli (4001399): 42 adet / L6 | L6 EAS AGM S&S 105AH 940A windowed outer carton (4001399): 42 pcs | F64: IA-ST-CFG-0076 | G64: IA-PPWR-TF-ST-042-STD-02-R00 | H64: 2026-08-08 | I64: Rev.00 | J64: ACTIVE — unsigned | K64: =HYPERLINK("01_STARTER/ST-042-STD-02/02_EU_DoC.docx","Open")
A65: IA-PPWR-DOC-ST-042-STD-03-R00 | B65: ST-042-STD-03 | C65: IA-ST-042-STD-03 | D65: L3 | Palet (4000037): 1 adet | Separatör (4000130): 3 adet | E65: L3 | Palet (4000037): 1 adet | Separatör (4000130): 3 adet / L3 | Pallet (4000037): 1 pc | Separator (4000130): 3 pcs | F65: IA-ST-CFG-0078 | G65: IA-PPWR-TF-ST-042-STD-03-R00 | H65: 2026-08-08 | I65: Rev.00 | J65: ACTIVE — unsigned | K65: =HYPERLINK("01_STARTER/ST-042-STD-03/02_EU_DoC.docx","Open")
A66: IA-PPWR-DOC-ST-042-STD-04-R00 | B66: ST-042-STD-04 | C66: IA-ST-042-STD-04 | D66: L3 | Palet (4000037): 1 adet | Separatör (4000130): 4 adet | E66: L3 | Palet (4000037): 1 adet | Separatör (4000130): 4 adet / L3 | Pallet (4000037): 1 pc | Separator (4000130): 4 pcs | F66: IA-ST-CFG-0079 | G66: IA-PPWR-TF-ST-042-STD-04-R00 | H66: 2026-08-08 | I66: Rev.00 | J66: ACTIVE — unsigned | K66: =HYPERLINK("01_STARTER/ST-042-STD-04/02_EU_DoC.docx","Open")
A67: IA-PPWR-DOC-ST-042-STD-05-R00 | B67: ST-042-STD-05 | C67: IA-ST-042-STD-05 | D67: L6 | Palet (4000037): 1 adet | Çember (4000450): 7 m | E67: L6 | Palet (4000037): 1 adet | Çember (4000450): 7 m / L6 | Pallet (4000037): 1 pc | Strap (4000450): 7 m | F67: IA-ST-CFG-0080 | G67: IA-PPWR-TF-ST-042-STD-05-R00 | H67: 2026-08-08 | I67: Rev.00 | J67: ACTIVE — unsigned | K67: =HYPERLINK("01_STARTER/ST-042-STD-05/02_EU_DoC.docx","Open")
A68: IA-PPWR-DOC-ST-042-STD-06-R00 | B68: ST-042-STD-06 | C68: IA-ST-042-STD-06 | D68: L6 | Palet (4000037): 1 adet | Çember (4000450): kullanılmaz | E68: L6 | Palet (4000037): 1 adet | Çember (4000450): kullanılmaz / L6 | Pallet (4000037): 1 pc | Strap (4000450): not used | F68: IA-ST-CFG-0081 | G68: IA-PPWR-TF-ST-042-STD-06-R00 | H68: 2026-08-08 | I68: Rev.00 | J68: ACTIVE — unsigned | K68: =HYPERLINK("01_STARTER/ST-042-STD-06/02_EU_DoC.docx","Open")
A69: IA-PPWR-DOC-ST-042-STD-07-R00 | B69: ST-042-STD-07 | C69: IA-ST-042-STD-07 | D69: L6 | Palet (4000037): 1 adet | Köşebent (4000590): 2 adet | Shrink film (4001177): 0.597 kg | E69: L6 | Palet (4000037): 1 adet | Köşebent (4000590): 2 adet | Shrink film (4001177): 0.597 kg / L6 | Pallet (4000037): 1 pc | Edge protector (4000590): 2 pcs | Shrink film (4001177): 0.597 kg | F69: IA-ST-CFG-0082 | G69: IA-PPWR-TF-ST-042-STD-07-R00 | H69: 2026-08-08 | I69: Rev.00 | J69: ACTIVE — unsigned | K69: =HYPERLINK("01_STARTER/ST-042-STD-07/02_EU_DoC.docx","Open")
A70: IA-PPWR-DOC-ST-042-STD-08-R00 | B70: ST-042-STD-08 | C70: IA-ST-042-STD-08 | D70: L6 | Palet (4000037): 1 adet | Köşebent (4000590): 4 adet | E70: L6 | Palet (4000037): 1 adet | Köşebent (4000590): 4 adet / L6 | Pallet (4000037): 1 pc | Edge protector (4000590): 4 pcs | F70: IA-ST-CFG-0083 | G70: IA-PPWR-TF-ST-042-STD-08-R00 | H70: 2026-08-08 | I70: Rev.00 | J70: ACTIVE — unsigned | K70: =HYPERLINK("01_STARTER/ST-042-STD-08/02_EU_DoC.docx","Open")
A71: IA-PPWR-DOC-ST-044-STD-01-R00 | B71: ST-044-STD-01 | C71: IA-ST-044-STD-01 | D71: L2 | L2 YUASA penceresiz Orta Doğu dış koli (4001102): 44 adet | E71: L2 | L2 YUASA penceresiz Orta Doğu dış koli (4001102): 44 adet / L2 | L2 YUASA windowless Middle East outer carton (4001102): 44 pcs | F71: IA-ST-CFG-0088 | G71: IA-PPWR-TF-ST-044-STD-01-R00 | H71: 2026-08-08 | I71: Rev.00 | J71: ACTIVE — unsigned | K71: =HYPERLINK("01_STARTER/ST-044-STD-01/02_EU_DoC.docx","Open")
A72: IA-PPWR-DOC-ST-045-EUR-01-R00 | B72: ST-045-EUR-01 | C72: IA-ST-045-EUR-01 | D72: L3 | Palet (4000038): 1 adet | Köşebent (4000590): 4 adet | E72: L3 | Palet (4000038): 1 adet | Köşebent (4000590): 4 adet / L3 | Pallet (4000038): 1 pc | Edge protector (4000590): 4 pcs | F72: IA-ST-CFG-0103 | G72: IA-PPWR-TF-ST-045-EUR-01-R00 | H72: 2026-08-08 | I72: Rev.00 | J72: ACTIVE — unsigned | K72: =HYPERLINK("01_STARTER/ST-045-EUR-01/02_EU_DoC.docx","Open")
A73: IA-PPWR-DOC-ST-045-STD-01-R00 | B73: ST-045-STD-01 | C73: IA-ST-045-STD-01 | D73: L5 | L5 YUASA penceresiz Orta Doğu dış koli (4001105): 45 adet | E73: L5 | L5 YUASA penceresiz Orta Doğu dış koli (4001105): 45 adet / L5 | L5 YUASA windowless Middle East outer carton (4001105): 45 pcs | F73: IA-ST-CFG-0089 | G73: IA-PPWR-TF-ST-045-STD-01-R00 | H73: 2026-08-08 | I73: Rev.00 | J73: ACTIVE — unsigned | K73: =HYPERLINK("01_STARTER/ST-045-STD-01/02_EU_DoC.docx","Open")
A74: IA-PPWR-DOC-ST-045-STD-02-R00 | B74: ST-045-STD-02 | C74: IA-ST-045-STD-02 | D74: L5 | L5 İnci AGM LEO 95AH 870A pencereli dış koli (4001194): 45 adet | E74: L5 | L5 İnci AGM LEO 95AH 870A pencereli dış koli (4001194): 45 adet / L5 | L5 İnci AGM LEO 95AH 870A windowed outer carton (4001194): 45 pcs | F74: IA-ST-CFG-0090 | G74: IA-PPWR-TF-ST-045-STD-02-R00 | H74: 2026-08-08 | I74: Rev.00 | J74: ACTIVE — unsigned | K74: =HYPERLINK("01_STARTER/ST-045-STD-02/02_EU_DoC.docx","Open")
A75: IA-PPWR-DOC-ST-045-STD-03-R00 | B75: ST-045-STD-03 | C75: IA-ST-045-STD-03 | D75: L5 | L5 EAS AGM S&S 95AH 870A pencereli dış koli (4001398): 45 adet | E75: L5 | L5 EAS AGM S&S 95AH 870A pencereli dış koli (4001398): 45 adet / L5 | L5 EAS AGM S&S 95AH 870A windowed outer carton (4001398): 45 pcs | F75: IA-ST-CFG-0091 | G75: IA-PPWR-TF-ST-045-STD-03-R00 | H75: 2026-08-08 | I75: Rev.00 | J75: ACTIVE — unsigned | K75: =HYPERLINK("01_STARTER/ST-045-STD-03/02_EU_DoC.docx","Open")
A76: IA-PPWR-DOC-ST-045-STD-04-R00 | B76: ST-045-STD-04 | C76: IA-ST-045-STD-04 | D76: L5 | Palet (4000037): 1 adet | Separatör (4000130): 4 adet | Streç ped (4000301): 0.186 kg | Köşebent (4000590): 4 adet | E76: L5 | Palet (4000037): 1 adet | Separatör (4000130): 4 adet | Streç ped (4000301): 0.186 kg | Köşebent (4000590): 4 adet / L5 | Pallet (4000037): 1 pc | Separator (4000130): 4 pcs | Stretch pad (4000301): 0.186 kg | Edge protector (4000590): 4 pcs | F76: IA-ST-CFG-0092 | G76: IA-PPWR-TF-ST-045-STD-04-R00 | H76: 2026-08-08 | I76: Rev.00 | J76: ACTIVE — unsigned | K76: =HYPERLINK("01_STARTER/ST-045-STD-04/02_EU_DoC.docx","Open")
A77: IA-PPWR-DOC-ST-045-STD-05-R00 | B77: ST-045-STD-05 | C77: IA-ST-045-STD-05 | D77: TRACTORL, TRACTOR | TRAKTÖR PVC üst kapak (4000494): 45 adet | Köşebent (4000590): 2 adet | E77: TRACTORL, TRACTOR | TRAKTÖR PVC üst kapak (4000494): 45 adet | Köşebent (4000590): 2 adet / TRACTORL, TRACTOR | TRAKTÖR PVC upper cover (4000494): 45 pcs | Edge protector (4000590): 2 pcs | F77: IA-ST-CFG-0093 | G77: IA-PPWR-TF-ST-045-STD-05-R00 | H77: 2026-08-08 | I77: Rev.00 | J77: ACTIVE — unsigned | K77: =HYPERLINK("01_STARTER/ST-045-STD-05/02_EU_DoC.docx","Open")
A78: IA-PPWR-DOC-ST-045-STD-06-R00 | B78: ST-045-STD-06 | C78: IA-ST-045-STD-06 | D78: L5 | Palet (4000037): 1 adet | Çember (4000450): 7 m | Shrink film (4000608): kullanılmaz | E78: L5 | Palet (4000037): 1 adet | Çember (4000450): 7 m | Shrink film (4000608): kullanılmaz / L5 | Pallet (4000037): 1 pc | Strap (4000450): 7 m | Shrink film (4000608): not used | F78: IA-ST-CFG-0094 | G78: IA-PPWR-TF-ST-045-STD-06-R00 | H78: 2026-08-08 | I78: Rev.00 | J78: ACTIVE — unsigned | K78: =HYPERLINK("01_STARTER/ST-045-STD-06/02_EU_DoC.docx","Open")
A79: IA-PPWR-DOC-ST-045-STD-07-R00 | B79: ST-045-STD-07 | C79: IA-ST-045-STD-07 | D79: LB5 | Palet (4000037): 1 adet | Shrink film (4000608): 1.53 kg | E79: LB5 | Palet (4000037): 1 adet | Shrink film (4000608): 1.53 kg / LB5 | Pallet (4000037): 1 pc | Shrink film (4000608): 1.53 kg | F79: IA-ST-CFG-0095 | G79: IA-PPWR-TF-ST-045-STD-07-R00 | H79: 2026-08-08 | I79: Rev.00 | J79: ACTIVE — unsigned | K79: =HYPERLINK("01_STARTER/ST-045-STD-07/02_EU_DoC.docx","Open")
A80: IA-PPWR-DOC-ST-045-STD-08-R00 | B80: ST-045-STD-08 | C80: IA-ST-045-STD-08 | D80: L5 | Palet (4000037): 1 adet | Köşebent (4000590): 2 adet | Shrink film (4000608): 1.8 kg | E80: L5 | Palet (4000037): 1 adet | Köşebent (4000590): 2 adet | Shrink film (4000608): 1.8 kg / L5 | Pallet (4000037): 1 pc | Edge protector (4000590): 2 pcs | Shrink film (4000608): 1.8 kg | F80: IA-ST-CFG-0096 | G80: IA-PPWR-TF-ST-045-STD-08-R00 | H80: 2026-08-08 | I80: Rev.00 | J80: ACTIVE — unsigned | K80: =HYPERLINK("01_STARTER/ST-045-STD-08/02_EU_DoC.docx","Open")
A81: IA-PPWR-DOC-ST-045-STD-09-R00 | B81: ST-045-STD-09 | C81: IA-ST-045-STD-09 | D81: TRACTORL, TRACTOR | TRAKTÖR PVC üst kapak (4000494): 45 adet | Köşebent (4000590): kullanılmaz | E81: TRACTORL, TRACTOR | TRAKTÖR PVC üst kapak (4000494): 45 adet | Köşebent (4000590): kullanılmaz / TRACTORL, TRACTOR | TRAKTÖR PVC upper cover (4000494): 45 pcs | Edge protector (4000590): not used | F81: IA-ST-CFG-0097 | G81: IA-PPWR-TF-ST-045-STD-09-R00 | H81: 2026-08-08 | I81: Rev.00 | J81: ACTIVE — unsigned | K81: =HYPERLINK("01_STARTER/ST-045-STD-09/02_EU_DoC.docx","Open")
A82: IA-PPWR-DOC-ST-045-STD-10-R00 | B82: ST-045-STD-10 | C82: IA-ST-045-STD-10 | D82: L5 | Palet (4000037): 1 adet | Çember (4000450): kullanılmaz | E82: L5 | Palet (4000037): 1 adet | Çember (4000450): kullanılmaz / L5 | Pallet (4000037): 1 pc | Strap (4000450): not used | F82: IA-ST-CFG-0098 | G82: IA-PPWR-TF-ST-045-STD-10-R00 | H82: 2026-08-08 | I82: Rev.00 | J82: ACTIVE — unsigned | K82: =HYPERLINK("01_STARTER/ST-045-STD-10/02_EU_DoC.docx","Open")
A83: IA-PPWR-DOC-ST-045-STD-11-R00 | B83: ST-045-STD-11 | C83: IA-ST-045-STD-11 | D83: TRACTOR | Palet (4000037): 1 adet | Shrink film (4001177): 0.597 kg | E83: TRACTOR | Palet (4000037): 1 adet | Shrink film (4001177): 0.597 kg / TRACTOR | Pallet (4000037): 1 pc | Shrink film (4001177): 0.597 kg | F83: IA-ST-CFG-0099 | G83: IA-PPWR-TF-ST-045-STD-11-R00 | H83: 2026-08-08 | I83: Rev.00 | J83: ACTIVE — unsigned | K83: =HYPERLINK("01_STARTER/ST-045-STD-11/02_EU_DoC.docx","Open")
A84: IA-PPWR-DOC-ST-045-STD-12-R00 | B84: ST-045-STD-12 | C84: IA-ST-045-STD-12 | D84: L5 | Palet (4000037): 1 adet | Köşebent (4000590): 2 adet | Shrink film (4001177): 0.597 kg | E84: L5 | Palet (4000037): 1 adet | Köşebent (4000590): 2 adet | Shrink film (4001177): 0.597 kg / L5 | Pallet (4000037): 1 pc | Edge protector (4000590): 2 pcs | Shrink film (4001177): 0.597 kg | F84: IA-ST-CFG-0100 | G84: IA-PPWR-TF-ST-045-STD-12-R00 | H84: 2026-08-08 | I84: Rev.00 | J84: ACTIVE — unsigned | K84: =HYPERLINK("01_STARTER/ST-045-STD-12/02_EU_DoC.docx","Open")
A85: IA-PPWR-DOC-ST-045-STD-13-R00 | B85: ST-045-STD-13 | C85: IA-ST-045-STD-13 | D85: L5 | Palet (4000037): 1 adet | Köşebent (4000590): 4 adet | Shrink film (4001177): 0.597 kg | E85: L5 | Palet (4000037): 1 adet | Köşebent (4000590): 4 adet | Shrink film (4001177): 0.597 kg / L5 | Pallet (4000037): 1 pc | Edge protector (4000590): 4 pcs | Shrink film (4001177): 0.597 kg | F85: IA-ST-CFG-0101 | G85: IA-PPWR-TF-ST-045-STD-13-R00 | H85: 2026-08-08 | I85: Rev.00 | J85: ACTIVE — unsigned | K85: =HYPERLINK("01_STARTER/ST-045-STD-13/02_EU_DoC.docx","Open")
A86: IA-PPWR-DOC-ST-045-STD-14-R00 | B86: ST-045-STD-14 | C86: IA-ST-045-STD-14 | D86: L5 | Palet (4000037): 1 adet | Separatör (4000130): 5 adet | E86: L5 | Palet (4000037): 1 adet | Separatör (4000130): 5 adet / L5 | Pallet (4000037): 1 pc | Separator (4000130): 5 pcs | F86: IA-ST-CFG-0102 | G86: IA-PPWR-TF-ST-045-STD-14-R00 | H86: 2026-08-08 | I86: Rev.00 | J86: ACTIVE — unsigned | K86: =HYPERLINK("01_STARTER/ST-045-STD-14/02_EU_DoC.docx","Open")
A87: IA-PPWR-DOC-ST-048-EUR-01-R00 | B87: ST-048-EUR-01 | C87: IA-ST-048-EUR-01 | D87: L5 | L5 İnci AGM LEO 95AH 870A pencereli dış koli (4001194): 48 adet | E87: L5 | L5 İnci AGM LEO 95AH 870A pencereli dış koli (4001194): 48 adet / L5 | L5 İnci AGM LEO 95AH 870A windowed outer carton (4001194): 48 pcs | F87: IA-ST-CFG-0105 | G87: IA-PPWR-TF-ST-048-EUR-01-R00 | H87: 2026-08-08 | I87: Rev.00 | J87: ACTIVE — unsigned | K87: =HYPERLINK("01_STARTER/ST-048-EUR-01/02_EU_DoC.docx","Open")
A88: IA-PPWR-DOC-ST-048-EUR-02-R00 | B88: ST-048-EUR-02 | C88: IA-ST-048-EUR-02 | D88: D26 | D26 PVC üst kapak (4000440): 48 adet | E88: D26 | D26 PVC üst kapak (4000440): 48 adet / D26 | D26 PVC upper cover (4000440): 48 pcs | F88: IA-ST-CFG-0107 | G88: IA-PPWR-TF-ST-048-EUR-02-R00 | H88: 2026-08-08 | I88: Rev.00 | J88: ACTIVE — unsigned | K88: =HYPERLINK("01_STARTER/ST-048-EUR-02/02_EU_DoC.docx","Open")
A89: IA-PPWR-DOC-ST-048-EUR-03-R00 | B89: ST-048-EUR-03 | C89: IA-ST-048-EUR-03 | D89: D31 | Palet (4000038): 1 adet | EPS (4000573): 24 adet | E89: D31 | Palet (4000038): 1 adet | EPS (4000573): 24 adet / D31 | Pallet (4000038): 1 pc | EPS (4000573): 24 pcs | F89: IA-ST-CFG-0109 | G89: IA-PPWR-TF-ST-048-EUR-03-R00 | H89: 2026-08-08 | I89: Rev.00 | J89: ACTIVE — unsigned | K89: =HYPERLINK("01_STARTER/ST-048-EUR-03/02_EU_DoC.docx","Open")
A90: IA-PPWR-DOC-ST-048-EUR-04-R00 | B90: ST-048-EUR-04 | C90: IA-ST-048-EUR-04 | D90: L5 | Palet (4000038): 1 adet | Shrink film (4000608): 1.92 kg | E90: L5 | Palet (4000038): 1 adet | Shrink film (4000608): 1.92 kg / L5 | Pallet (4000038): 1 pc | Shrink film (4000608): 1.92 kg | F90: IA-ST-CFG-0110 | G90: IA-PPWR-TF-ST-048-EUR-04-R00 | H90: 2026-08-08 | I90: Rev.00 | J90: ACTIVE — unsigned | K90: =HYPERLINK("01_STARTER/ST-048-EUR-04/02_EU_DoC.docx","Open")
A91: IA-PPWR-DOC-ST-048-EUR-05-R00 | B91: ST-048-EUR-05 | C91: IA-ST-048-EUR-05 | D91: D31 | Palet (4000038): 1 adet | Honeycomb (4001186): 3 adet | E91: D31 | Palet (4000038): 1 adet | Honeycomb (4001186): 3 adet / D31 | Pallet (4000038): 1 pc | Honeycomb (4001186): 3 pcs | F91: IA-ST-CFG-0111 | G91: IA-PPWR-TF-ST-048-EUR-05-R00 | H91: 2026-08-08 | I91: Rev.00 | J91: ACTIVE — unsigned | K91: =HYPERLINK("01_STARTER/ST-048-EUR-05/02_EU_DoC.docx","Open")
A92: IA-PPWR-DOC-ST-048-EUR-06-R00 | B92: ST-048-EUR-06 | C92: IA-ST-048-EUR-06 | D92: D31 | Palet (4000038): 1 adet | Köşebent (4000590): 4 adet | EPS (4001247): 3 adet | E92: D31 | Palet (4000038): 1 adet | Köşebent (4000590): 4 adet | EPS (4001247): 3 adet / D31 | Pallet (4000038): 1 pc | Edge protector (4000590): 4 pcs | EPS (4001247): 3 pcs | F92: IA-ST-CFG-0112 | G92: IA-PPWR-TF-ST-048-EUR-06-R00 | H92: 2026-08-08 | I92: Rev.00 | J92: ACTIVE — unsigned | K92: =HYPERLINK("01_STARTER/ST-048-EUR-06/02_EU_DoC.docx","Open")
A93: IA-PPWR-DOC-ST-048-EUR-07-R00 | B93: ST-048-EUR-07 | C93: IA-ST-048-EUR-07 | D93: L3 | Palet (4000038): 1 adet | Köşebent (4000590): 4 adet | E93: L3 | Palet (4000038): 1 adet | Köşebent (4000590): 4 adet / L3 | Pallet (4000038): 1 pc | Edge protector (4000590): 4 pcs | F93: IA-ST-CFG-0113 | G93: IA-PPWR-TF-ST-048-EUR-07-R00 | H93: 2026-08-08 | I93: Rev.00 | J93: ACTIVE — unsigned | K93: =HYPERLINK("01_STARTER/ST-048-EUR-07/02_EU_DoC.docx","Open")
A94: IA-PPWR-DOC-ST-048-EUR-08-R00 | B94: ST-048-EUR-08 | C94: IA-ST-048-EUR-08 | D94: L5 | Palet (4000038): 1 adet | Köşebent (4000590): 4 adet | Shrink film (4000608): kullanılmaz | E94: L5 | Palet (4000038): 1 adet | Köşebent (4000590): 4 adet | Shrink film (4000608): kullanılmaz / L5 | Pallet (4000038): 1 pc | Edge protector (4000590): 4 pcs | Shrink film (4000608): not used | F94: IA-ST-CFG-0114 | G94: IA-PPWR-TF-ST-048-EUR-08-R00 | H94: 2026-08-08 | I94: Rev.00 | J94: ACTIVE — unsigned | K94: =HYPERLINK("01_STARTER/ST-048-EUR-08/02_EU_DoC.docx","Open")
A95: IA-PPWR-DOC-ST-048-EUR-09-R00 | B95: ST-048-EUR-09 | C95: IA-ST-048-EUR-09 | D95: D31 | D31 PVC üst kapak (4001310): 48 adet | E95: D31 | D31 PVC üst kapak (4001310): 48 adet / D31 | D31 PVC upper cover (4001310): 48 pcs | F95: IA-ST-CFG-0115 | G95: IA-PPWR-TF-ST-048-EUR-09-R00 | H95: 2026-08-08 | I95: Rev.00 | J95: ACTIVE — unsigned | K95: =HYPERLINK("01_STARTER/ST-048-EUR-09/02_EU_DoC.docx","Open")
A96: IA-PPWR-DOC-ST-048-EUR-10-R00 | B96: ST-048-EUR-10 | C96: IA-ST-048-EUR-10 | D96: L5, LB5 | Palet (4000038): 1 adet | Shrink film (4000608): 1.92 kg | E96: L5, LB5 | Palet (4000038): 1 adet | Shrink film (4000608): 1.92 kg / L5, LB5 | Pallet (4000038): 1 pc | Shrink film (4000608): 1.92 kg | F96: IA-ST-CFG-0116 | G96: IA-PPWR-TF-ST-048-EUR-10-R00 | H96: 2026-08-08 | I96: Rev.00 | J96: ACTIVE — unsigned | K96: =HYPERLINK("01_STARTER/ST-048-EUR-10/02_EU_DoC.docx","Open")
A97: IA-PPWR-DOC-ST-048-EUR-11-R00 | B97: ST-048-EUR-11 | C97: IA-ST-048-EUR-11 | D97: D31 | Palet (4000038): 1 adet | Köşebent (4000590): 2 adet | EPS (4001247): 3 adet | E97: D31 | Palet (4000038): 1 adet | Köşebent (4000590): 2 adet | EPS (4001247): 3 adet / D31 | Pallet (4000038): 1 pc | Edge protector (4000590): 2 pcs | EPS (4001247): 3 pcs | F97: IA-ST-CFG-0117 | G97: IA-PPWR-TF-ST-048-EUR-11-R00 | H97: 2026-08-08 | I97: Rev.00 | J97: ACTIVE — unsigned | K97: =HYPERLINK("01_STARTER/ST-048-EUR-11/02_EU_DoC.docx","Open")
A98: IA-PPWR-DOC-ST-048-EUR-12-R00 | B98: ST-048-EUR-12 | C98: IA-ST-048-EUR-12 | D98: LB5, L5 | Palet (4000038): 1 adet | Köşebent (4000590): 2 adet | E98: LB5, L5 | Palet (4000038): 1 adet | Köşebent (4000590): 2 adet / LB5, L5 | Pallet (4000038): 1 pc | Edge protector (4000590): 2 pcs | F98: IA-ST-CFG-0118 | G98: IA-PPWR-TF-ST-048-EUR-12-R00 | H98: 2026-08-08 | I98: Rev.00 | J98: ACTIVE — unsigned | K98: =HYPERLINK("01_STARTER/ST-048-EUR-12/02_EU_DoC.docx","Open")
A99: IA-PPWR-DOC-ST-048-STD-01-R00 | B99: ST-048-STD-01 | C99: IA-ST-048-STD-01 | D99: L1 | L1 YUASA penceresiz Orta Doğu dış koli (4001312): 48 adet | E99: L1 | L1 YUASA penceresiz Orta Doğu dış koli (4001312): 48 adet / L1 | L1 YUASA windowless Middle East outer carton (4001312): 48 pcs | F99: IA-ST-CFG-0104 | G99: IA-PPWR-TF-ST-048-STD-01-R00 | H99: 2026-08-08 | I99: Rev.00 | J99: ACTIVE — unsigned | K99: =HYPERLINK("01_STARTER/ST-048-STD-01/02_EU_DoC.docx","Open")
A100: IA-PPWR-DOC-ST-048-STD-02-R00 | B100: ST-048-STD-02 | C100: IA-ST-048-STD-02 | D100: L2 | Palet (4000037): 1 adet | Shrink film (4000558): 1.824 kg | E100: L2 | Palet (4000037): 1 adet | Shrink film (4000558): 1.824 kg / L2 | Pallet (4000037): 1 pc | Shrink film (4000558): 1.824 kg | F100: IA-ST-CFG-0106 | G100: IA-PPWR-TF-ST-048-STD-02-R00 | H100: 2026-08-08 | I100: Rev.00 | J100: ACTIVE — unsigned | K100: =HYPERLINK("01_STARTER/ST-048-STD-02/02_EU_DoC.docx","Open")
...

Sheet LABELS
A1: Label ID | B1: Packaging Set Code | C1: Configuration ID | D1: Variant Basis | E1: Material Families | F1: TF ID | G1: DoC ID | H1: Revision | I1: Open Label
A2: IA-PPWR-LBL-CNT-20-EUR-01-R00 | B2: CNT-20-EUR-01 | C2: IA-CNT-20-EUR-01 | D2: Container loading | OSB (5501806): 11 adet | Separatör (4000130): 10 adet | E2: See Technical File material-family summary | F2: IA-PPWR-TF-CNT-20-EUR-01-R00 | G2: IA-PPWR-DOC-CNT-20-EUR-01-R00 | H2: Rev.00 | I2: =HYPERLINK("03_CONTAINER/CNT-20-EUR-01/03_Label.docx","Open")
A3: IA-PPWR-LBL-CNT-20-STD-01-R00 | B3: CNT-20-STD-01 | C3: IA-CNT-20-STD-01 | D3: Container loading | OSB (5501805): 10 adet | Separatör (4000130): 10 adet | E3: See Technical File material-family summary | F3: IA-PPWR-TF-CNT-20-STD-01-R00 | G3: IA-PPWR-DOC-CNT-20-STD-01-R00 | H3: Rev.00 | I3: =HYPERLINK("03_CONTAINER/CNT-20-STD-01/03_Label.docx","Open")
A4: IA-PPWR-LBL-CNT-40-IND-01-R00 | B4: CNT-40-IND-01 | C4: IA-CNT-40-IND-01 | D4: Container loading | Hava yastığı (5500759): 26 adet | Bağlama halatı (5500762): 12 m | E4: See Technical File material-family summary | F4: IA-PPWR-TF-CNT-40-IND-01-R00 | G4: IA-PPWR-DOC-CNT-40-IND-01-R00 | H4: Rev.00 | I4: =HYPERLINK("03_CONTAINER/CNT-40-IND-01/03_Label.docx","Open")
A5: IA-PPWR-LBL-CNT-DE-HAM-01-R00 | B5: CNT-DE-HAM-01 | C5: IA-CNT-DE-HAM-01 | D5: Container loading | Sabitleme Tahtası ( 206×9×9 ) (Hamburg): 2 adet | E5: See Technical File material-family summary | F5: IA-PPWR-TF-CNT-DE-HAM-01-R00 | G5: IA-PPWR-DOC-CNT-DE-HAM-01-R00 | H5: Rev.00 | I5: =HYPERLINK("03_CONTAINER/CNT-DE-HAM-01/03_Label.docx","Open")
A6: IA-PPWR-LBL-IND-24V-01-R00 | B6: IND-24V-01 | C6: IA-IND-24V-01 | D6: 24V | Palet (4001005): 1 adet | E6: See Technical File material-family summary | F6: IA-PPWR-TF-IND-24V-01-R00 | G6: IA-PPWR-DOC-IND-24V-01-R00 | H6: Rev.00 | I6: =HYPERLINK("02_INDUSTRIAL/IND-24V-01/03_Label.docx","Open")
A7: IA-PPWR-LBL-IND-48V-01-R00 | B7: IND-48V-01 | C7: IA-IND-48V-01 | D7: 48V | Palet (4001005): 1 adet | E7: See Technical File material-family summary | F7: IA-PPWR-TF-IND-48V-01-R00 | G7: IA-PPWR-DOC-IND-48V-01-R00 | H7: Rev.00 | I7: =HYPERLINK("02_INDUSTRIAL/IND-48V-01/03_Label.docx","Open")
A8: IA-PPWR-LBL-IND-80V-01-R00 | B8: IND-80V-01 | C8: IA-IND-80V-01 | D8: 80V | Palet (4000973): 1 adet | E8: See Technical File material-family summary | F8: IA-PPWR-TF-IND-80V-01-R00 | G8: IA-PPWR-DOC-IND-80V-01-R00 | H8: Rev.00 | I8: =HYPERLINK("02_INDUSTRIAL/IND-80V-01/03_Label.docx","Open")
A9: IA-PPWR-LBL-ST-012-EUR-01-R00 | B9: ST-012-EUR-01 | C9: IA-ST-012-EUR-01 | D9: C | Palet (4000038): 1 adet | Köşebent (4000590): 4 adet | E9: See Technical File material-family summary | F9: IA-PPWR-TF-ST-012-EUR-01-R00 | G9: IA-PPWR-DOC-ST-012-EUR-01-R00 | H9: Rev.00 | I9: =HYPERLINK("01_STARTER/ST-012-EUR-01/03_Label.docx","Open")
A10: IA-PPWR-LBL-ST-012-EUR-02-R00 | B10: ST-012-EUR-02 | C10: IA-ST-012-EUR-02 | D10: L6 | Palet (4000038): 1 adet | Köşebent (4000590): 4 adet | E10: See Technical File material-family summary | F10: IA-PPWR-TF-ST-012-EUR-02-R00 | G10: IA-PPWR-DOC-ST-012-EUR-02-R00 | H10: Rev.00 | I10: =HYPERLINK("01_STARTER/ST-012-EUR-02/03_Label.docx","Open")
A11: IA-PPWR-LBL-ST-012-EUR-03-R00 | B11: ST-012-EUR-03 | C11: IA-ST-012-EUR-03 | D11: C | Palet (4000038): 1 adet | Köşebent (4000590): 2 adet | E11: See Technical File material-family summary | F11: IA-PPWR-TF-ST-012-EUR-03-R00 | G11: IA-PPWR-DOC-ST-012-EUR-03-R00 | H11: Rev.00 | I11: =HYPERLINK("01_STARTER/ST-012-EUR-03/03_Label.docx","Open")
A12: IA-PPWR-LBL-ST-018-EUR-01-R00 | B12: ST-018-EUR-01 | C12: IA-ST-018-EUR-01 | D12: C | Palet (4000038): 1 adet | Köşebent (4001160): 4 adet | E12: See Technical File material-family summary | F12: IA-PPWR-TF-ST-018-EUR-01-R00 | G12: IA-PPWR-DOC-ST-018-EUR-01-R00 | H12: Rev.00 | I12: =HYPERLINK("01_STARTER/ST-018-EUR-01/03_Label.docx","Open")
A13: IA-PPWR-LBL-ST-018-EUR-02-R00 | B13: ST-018-EUR-02 | C13: IA-ST-018-EUR-02 | D13: C | Palet (4000038): 1 adet | Köşebent (4000590): 4 adet | E13: See Technical File material-family summary | F13: IA-PPWR-TF-ST-018-EUR-02-R00 | G13: IA-PPWR-DOC-ST-018-EUR-02-R00 | H13: Rev.00 | I13: =HYPERLINK("01_STARTER/ST-018-EUR-02/03_Label.docx","Open")
A14: IA-PPWR-LBL-ST-018-EUR-03-R00 | B14: ST-018-EUR-03 | C14: IA-ST-018-EUR-03 | D14: C | Palet (4000038): 1 adet | Shrink film (4000557): 1.08 kg | Köşebent (4000590): 2 adet | E14: See Technical File material-family summary | F14: IA-PPWR-TF-ST-018-EUR-03-R00 | G14: IA-PPWR-DOC-ST-018-EUR-03-R00 | H14: Rev.00 | I14: =HYPERLINK("01_STARTER/ST-018-EUR-03/03_Label.docx","Open")
A15: IA-PPWR-LBL-ST-018-EUR-04-R00 | B15: ST-018-EUR-04 | C15: IA-ST-018-EUR-04 | D15: C | Palet (4000038): 1 adet | Honeycomb (4001186): 3 adet | E15: See Technical File material-family summary | F15: IA-PPWR-TF-ST-018-EUR-04-R00 | G15: IA-PPWR-DOC-ST-018-EUR-04-R00 | H15: Rev.00 | I15: =HYPERLINK("01_STARTER/ST-018-EUR-04/03_Label.docx","Open")
A16: IA-PPWR-LBL-ST-018-EUR-05-R00 | B16: ST-018-EUR-05 | C16: IA-ST-018-EUR-05 | D16: C | Palet (4000038): 1 adet | Çember (4000450): kullanılmaz | E16: See Technical File material-family summary | F16: IA-PPWR-TF-ST-018-EUR-05-R00 | G16: IA-PPWR-DOC-ST-018-EUR-05-R00 | H16: Rev.00 | I16: =HYPERLINK("01_STARTER/ST-018-EUR-05/03_Label.docx","Open")
A17: IA-PPWR-LBL-ST-021-EUR-01-R00 | B17: ST-021-EUR-01 | C17: IA-ST-021-EUR-01 | D17: B | B TİPİ PVC üst kapak (4000591): 21 adet | E17: See Technical File material-family summary | F17: IA-PPWR-TF-ST-021-EUR-01-R00 | G17: IA-PPWR-DOC-ST-021-EUR-01-R00 | H17: Rev.00 | I17: =HYPERLINK("01_STARTER/ST-021-EUR-01/03_Label.docx","Open")
A18: IA-PPWR-LBL-ST-021-EUR-02-R00 | B18: ST-021-EUR-02 | C18: IA-ST-021-EUR-02 | D18: B | Palet (4000038): 1 adet | Köşebent (4000590): 4 adet | E18: See Technical File material-family summary | F18: IA-PPWR-TF-ST-021-EUR-02-R00 | G18: IA-PPWR-DOC-ST-021-EUR-02-R00 | H18: Rev.00 | I18: =HYPERLINK("01_STARTER/ST-021-EUR-02/03_Label.docx","Open")
A19: IA-PPWR-LBL-ST-021-EUR-03-R00 | B19: ST-021-EUR-03 | C19: IA-ST-021-EUR-03 | D19: B | Palet (4000038): 1 adet | Shrink film (4000557): 1.155 kg | EPS (4001290): 21 adet | E19: See Technical File material-family summary | F19: IA-PPWR-TF-ST-021-EUR-03-R00 | G19: IA-PPWR-DOC-ST-021-EUR-03-R00 | H19: Rev.00 | I19: =HYPERLINK("01_STARTER/ST-021-EUR-03/03_Label.docx","Open")
A20: IA-PPWR-LBL-ST-021-EUR-04-R00 | B20: ST-021-EUR-04 | C20: IA-ST-021-EUR-04 | D20: B | Palet (4000038): 1 adet | Honeycomb (4001186): 3 adet | E20: See Technical File material-family summary | F20: IA-PPWR-TF-ST-021-EUR-04-R00 | G20: IA-PPWR-DOC-ST-021-EUR-04-R00 | H20: Rev.00 | I20: =HYPERLINK("01_STARTER/ST-021-EUR-04/03_Label.docx","Open")
A21: IA-PPWR-LBL-ST-021-EUR-05-R00 | B21: ST-021-EUR-05 | C21: IA-ST-021-EUR-05 | D21: B | Palet (4000038): 1 adet | Shrink film (4000557): kullanılmaz | Köşebent (4000590): 2 adet | EPS (4001290): 21 adet | E21: See Technical File material-family summary | F21: IA-PPWR-TF-ST-021-EUR-05-R00 | G21: IA-PPWR-DOC-ST-021-EUR-05-R00 | H21: Rev.00 | I21: =HYPERLINK("01_STARTER/ST-021-EUR-05/03_Label.docx","Open")
A22: IA-PPWR-LBL-ST-021-STD-01-R00 | B22: ST-021-STD-01 | C22: IA-ST-021-STD-01 | D22: C | Palet (4000037): 1 adet | Streç ped (4000301): 0.175 kg | E22: See Technical File material-family summary | F22: IA-PPWR-TF-ST-021-STD-01-R00 | G22: IA-PPWR-DOC-ST-021-STD-01-R00 | H22: Rev.00 | I22: =HYPERLINK("01_STARTER/ST-021-STD-01/03_Label.docx","Open")
A23: IA-PPWR-LBL-ST-021-STD-02-R00 | B23: ST-021-STD-02 | C23: IA-ST-021-STD-02 | D23: C | Palet (4000037): 1 adet | Köşebent (4000590): 4 adet | E23: See Technical File material-family summary | F23: IA-PPWR-TF-ST-021-STD-02-R00 | G23: IA-PPWR-DOC-ST-021-STD-02-R00 | H23: Rev.00 | I23: =HYPERLINK("01_STARTER/ST-021-STD-02/03_Label.docx","Open")
A24: IA-PPWR-LBL-ST-021-STD-03-R00 | B24: ST-021-STD-03 | C24: IA-ST-021-STD-03 | D24: C | Palet (4000037): 1 adet | Streç ped (4000301): 0.186 kg | Köşebent (4000590): 2 adet | E24: See Technical File material-family summary | F24: IA-PPWR-TF-ST-021-STD-03-R00 | G24: IA-PPWR-DOC-ST-021-STD-03-R00 | H24: Rev.00 | I24: =HYPERLINK("01_STARTER/ST-021-STD-03/03_Label.docx","Open")
