Workbook
Name NR_COMMERCIAL_SCENARIO_ID: COMMERCIAL_SCENARIO!$A$2:$A$5000
Name NR_COMPONENT_ID: COMPONENT!$A$2:$A$5000
Name NR_COMPONENT_MATERIAL_ID: COMPONENT_MATERIAL!$A$2:$A$5000
Name NR_COMPONENT_TYPE_ID: LKP_COMPONENT_TYPE!$A$2:$A$5000
Name NR_COUNTRY_ID: LKP_COUNTRY!$A$2:$A$5000
Name NR_CUSTOMER_ID: CUSTOMER!$A$2:$A$5000
Name NR_DECLARATION_OF_CONFORMITY_ID: DECLARATION_OF_CONFORMITY!$A$2:$A$5000
Name NR_DOCUMENT_ID: DOCUMENT_LIBRARY!$A$2:$A$5000
Name NR_DOCUMENT_LINK_ID: DOCUMENT_LINK!$A$2:$A$5000
Name NR_DOCUMENT_TYPE_ID: LKP_DOCUMENT_TYPE!$A$2:$A$5000
Name NR_INCOTERM_ID: LKP_INCOTERM!$A$2:$A$5000
Name NR_INFO_KEY: SYS_WORKBOOK_INFO!$A$2:$A$5000
Name NR_LEGAL_ENTITY_ID: LEGAL_ENTITY!$A$2:$A$5000
Name NR_LINE_ROLE_ID: LKP_LINE_ROLE!$A$2:$A$5000
Name NR_MATERIAL_FAMILY_ID: LKP_MATERIAL_FAMILY!$A$2:$A$5000
Name NR_MATERIAL_ID: LKP_MATERIAL!$A$2:$A$5000
Name NR_OWNERSHIP_TYPE_ID: LKP_OWNERSHIP_TYPE!$A$2:$A$5000
Name NR_PACKAGING_CONFIGURATION_ID: PACKAGING_CONFIGURATION!$A$2:$A$5000
Name NR_PACKAGING_CONFIGURATION_LINE_ID: PACKAGING_CONFIGURATION_LINE!$A$2:$A$5000
Name NR_PACKAGING_FUNCTION_ID: LKP_PACKAGING_FUNCTION!$A$2:$A$5000
Name NR_PACKAGING_LEVEL_ID: LKP_PACKAGING_LEVEL!$A$2:$A$5000
Name NR_PARAMETER_ID: SYS_PARAMETER!$A$2:$A$5000
Name NR_PERSON_ID: PERSON!$A$2:$A$5000
Name NR_PLANT_ID: PLANT!$A$2:$A$5000
Name NR_PPWR_MATERIAL_CATEGORY_ID: LKP_PPWR_MATERIAL_CATEGORY!$A$2:$A$5000
Name NR_PRODUCT_CATEGORY_ID: LKP_PRODUCT_CATEGORY!$A$2:$A$5000
Name NR_PRODUCT_ID: PRODUCT!$A$2:$A$5000
Name NR_RECYCLABILITY_CLASS_ID: LKP_RECYCLABILITY_CLASS!$A$2:$A$5000
Name NR_SCENARIO_TYPE_ID: LKP_SCENARIO_TYPE!$A$2:$A$5000
Name NR_SHIPMENT_ID: SHIPMENT!$A$2:$A$5000
Name NR_SHIPMENT_LINE_ID: SHIPMENT_LINE!$A$2:$A$5000
Name NR_STATEMENT_ID: STATEMENT!$A$2:$A$5000
Name NR_STATEMENT_LINE_ID: STATEMENT_LINE!$A$2:$A$5000
Name NR_STATEMENT_SHIPMENT_ID: STATEMENT_SHIPMENT!$A$2:$A$5000
Name NR_STATEMENT_TYPE_ID: LKP_STATEMENT_TYPE!$A$2:$A$5000
Name NR_STATUS_ID: LKP_STATUS!$A$2:$A$5000
Name NR_SUPPLIER_ID: SUPPLIER!$A$2:$A$5000
Name NR_TECHNICAL_FILE_ID: TECHNICAL_FILE!$A$2:$A$5000
Name NR_TRANSPORT_CONFIGURATION_ID: TRANSPORT_CONFIGURATION!$A$2:$A$5000
Name NR_TRANSPORT_CONFIGURATION_LINE_ID: TRANSPORT_CONFIGURATION_LINE!$A$2:$A$5000
Name NR_TRANSPORT_MODE_ID: LKP_TRANSPORT_MODE!$A$2:$A$5000
Name NR_TRANSPORT_UNIT_TYPE_ID: LKP_TRANSPORT_UNIT_TYPE!$A$2:$A$5000
Name NR_UOM_ID: LKP_UOM!$A$2:$A$5000

Sheet 00_HOME

Sheet NAVIGATION

Sheet SEARCH
B7: SEARCH BY · Packaging Set / Configuration ID
B8: ⌕
B10: Results update automatically as you type · Examples: ST-051-STD-01 · CNT-20-STD-01 · IND-24V-01
B12: RESULTS
B13: =IF($C$8="","Enter a Packaging Set or Configuration ID to view controlled data.","") -> Enter a Packaging Set or Configuration ID to view controlled data.
B14: Configuration ID | D14: =IF($C$8="","",IFERROR(_xlfn.XLOOKUP($C$8,PACKAGING_CONFIGURATIONS!A:A,PACKAGING_CONFIGURATIONS!B:B),"Not found — use AutoFilter on Document Center"))
B15: Family | D15: =IF($C$8="","",IFERROR(_xlfn.XLOOKUP($C$8,PACKAGING_CONFIGURATIONS!A:A,PACKAGING_CONFIGURATIONS!D:D),"Not found — use AutoFilter on Document Center"))
B16: Source Configuration ID | D16: =IF($C$8="","",IFERROR(_xlfn.XLOOKUP($C$8,PACKAGING_CONFIGURATIONS!A:A,PACKAGING_CONFIGURATIONS!C:C),"Not found — use AutoFilter on Document Center"))
B17: Technical File ID | D17: =IF($C$8="","",IFERROR(_xlfn.XLOOKUP($C$8,PACKAGING_CONFIGURATIONS!A:A,PACKAGING_CONFIGURATIONS!K:K),"Not found — use AutoFilter on Document Center"))
B18: Packaging Tare kg | D18: =IF($C$8="","",IFERROR(_xlfn.XLOOKUP($C$8,PACKAGING_CONFIGURATIONS!A:A,PACKAGING_CONFIGURATIONS!H:H),"Not found — use AutoFilter on Document Center"))
B19: Document Pack Status | D19: 988 / 988 LINKED · Rev.00

Sheet PACKAGING_CONFIGURATIONS
A1: ← HOME | B1: NAVIGATION | C1: SEARCH | D1: DOCUMENT CENTER | H1: REV.00
A2: PACKAGING CONFIGURATIONS
A3: Final packaging set register — 247 controlled configurations
A4: 247 · RECORDS | C4: 00 · REV | E4: READY · STATUS | G4: YES · LINKED
A6: Packaging Set Code | B6: Final Configuration ID | C6: Source Configuration ID | D6: Family | E6: Packaging Description | F6: Variant Basis TR | G6: Variant Basis EN | H6: Packaging Tare kg | I6: Product Count | J6: BOM Line Count | K6: Technical File | L6: DoC | M6: Label | N6: Statement
A7: CNT-20-EUR-01 | B7: IA-CNT-20-EUR-01 | C7: IA-CNT-20-EUR | D7: CONTAINER | E7: Container loading | OSB (5501806): 11 adet | Separatör (4000130): 10 adet | F7: Container loading | OSB (5501806): 11 adet | Separatör (4000130): 10 adet | G7: Container loading | OSB (5501806): 11 pcs | Separator (4000130): 10 pcs | H7: 83.06 | I7: 0 | J7: 8 | K7: IA-PPWR-TF-CNT-20-EUR-01-R00 | L7: IA-PPWR-DOC-CNT-20-EUR-01-R00 | M7: IA-PPWR-LBL-CNT-20-EUR-01-R00 | N7: IA-PPWR-STM-CNT-20-EUR-01-R00
A8: CNT-20-STD-01 | B8: IA-CNT-20-STD-01 | C8: IA-CNT-20-STD | D8: CONTAINER | E8: Container loading | OSB (5501805): 10 adet | Separatör (4000130): 10 adet | F8: Container loading | OSB (5501805): 10 adet | Separatör (4000130): 10 adet | G8: Container loading | OSB (5501805): 10 pcs | Separator (4000130): 10 pcs | H8: 78.06 | I8: 0 | J8: 8 | K8: IA-PPWR-TF-CNT-20-STD-01-R00 | L8: IA-PPWR-DOC-CNT-20-STD-01-R00 | M8: IA-PPWR-LBL-CNT-20-STD-01-R00 | N8: IA-PPWR-STM-CNT-20-STD-01-R00
A9: CNT-40-IND-01 | B9: IA-CNT-40-IND-01 | C9: IA-CNT-40-IND | D9: CONTAINER | E9: Container loading | Hava yastığı (5500759): 26 adet | Bağlama halatı (5500762): 12 m | F9: Container loading | Hava yastığı (5500759): 26 adet | Bağlama halatı (5500762): 12 m | G9: Container loading | Air dunnage (5500759): 26 pcs | Lashing rope (5500762): 12 m | H9: 12.76 | I9: 0 | J9: 5 | K9: IA-PPWR-TF-CNT-40-IND-01-R00 | L9: IA-PPWR-DOC-CNT-40-IND-01-R00 | M9: IA-PPWR-LBL-CNT-40-IND-01-R00 | N9: IA-PPWR-STM-CNT-40-IND-01-R00
A10: CNT-DE-HAM-01 | B10: IA-CNT-DE-HAM-01 | C10: IA-CNT-DE-HAMBURG | D10: CONTAINER | E10: Container loading | Sabitleme Tahtası ( 206×9×9 ) (Hamburg): 2 adet | F10: Container loading | Sabitleme Tahtası ( 206×9×9 ) (Hamburg): 2 adet | G10: Container loading | Sabitleme Tahtası ( 206×9×9 ) (Hamburg): 2 pcs | H10: 194 | I10: 0 | J10: 3 | K10: IA-PPWR-TF-CNT-DE-HAM-01-R00 | L10: IA-PPWR-DOC-CNT-DE-HAM-01-R00 | M10: IA-PPWR-LBL-CNT-DE-HAM-01-R00 | N10: IA-PPWR-STM-CNT-DE-HAM-01-R00
A11: IND-24V-01 | B11: IA-IND-24V-01 | C11: IA-IND-24V | D11: INDUSTRIAL | E11: 24V | Palet (4001005): 1 adet | F11: 24V | Palet (4001005): 1 adet | G11: 24V | Pallet (4001005): 1 pc | H11: 27.388 | I11: 0 | J11: 6 | K11: IA-PPWR-TF-IND-24V-01-R00 | L11: IA-PPWR-DOC-IND-24V-01-R00 | M11: IA-PPWR-LBL-IND-24V-01-R00 | N11: IA-PPWR-STM-IND-24V-01-R00
A12: IND-48V-01 | B12: IA-IND-48V-01 | C12: IA-IND-48V | D12: INDUSTRIAL | E12: 48V | Palet (4001005): 1 adet | F12: 48V | Palet (4001005): 1 adet | G12: 48V | Pallet (4001005): 1 pc | H12: 27.5767 | I12: 0 | J12: 6 | K12: IA-PPWR-TF-IND-48V-01-R00 | L12: IA-PPWR-DOC-IND-48V-01-R00 | M12: IA-PPWR-LBL-IND-48V-01-R00 | N12: IA-PPWR-STM-IND-48V-01-R00
A13: IND-80V-01 | B13: IA-IND-80V-01 | C13: IA-IND-80V | D13: INDUSTRIAL | E13: 80V | Palet (4000973): 1 adet | F13: 80V | Palet (4000973): 1 adet | G13: 80V | Pallet (4000973): 1 pc | H13: 32.63147 | I13: 0 | J13: 6 | K13: IA-PPWR-TF-IND-80V-01-R00 | L13: IA-PPWR-DOC-IND-80V-01-R00 | M13: IA-PPWR-LBL-IND-80V-01-R00 | N13: IA-PPWR-STM-IND-80V-01-R00
A14: ST-012-EUR-01 | B14: IA-ST-012-EUR-01 | C14: IA-ST-CFG-0004 | D14: STARTER | E14: C | Palet (4000038): 1 adet | Köşebent (4000590): 4 adet | F14: C | Palet (4000038): 1 adet | Köşebent (4000590): 4 adet | G14: C | Pallet (4000038): 1 pc | Edge protector (4000590): 4 pcs | H14: 29.326 | I14: 1 | J14: 7 | K14: IA-PPWR-TF-ST-012-EUR-01-R00 | L14: IA-PPWR-DOC-ST-012-EUR-01-R00 | M14: IA-PPWR-LBL-ST-012-EUR-01-R00 | N14: IA-PPWR-STM-ST-012-EUR-01-R00
A15: ST-012-EUR-02 | B15: IA-ST-012-EUR-02 | C15: IA-ST-CFG-0005 | D15: STARTER | E15: L6 | Palet (4000038): 1 adet | Köşebent (4000590): 4 adet | F15: L6 | Palet (4000038): 1 adet | Köşebent (4000590): 4 adet | G15: L6 | Pallet (4000038): 1 pc | Edge protector (4000590): 4 pcs | H15: 27.526 | I15: 1 | J15: 6 | K15: IA-PPWR-TF-ST-012-EUR-02-R00 | L15: IA-PPWR-DOC-ST-012-EUR-02-R00 | M15: IA-PPWR-LBL-ST-012-EUR-02-R00 | N15: IA-PPWR-STM-ST-012-EUR-02-R00
A16: ST-012-EUR-03 | B16: IA-ST-012-EUR-03 | C16: IA-ST-CFG-0006 | D16: STARTER | E16: C | Palet (4000038): 1 adet | Köşebent (4000590): 2 adet | F16: C | Palet (4000038): 1 adet | Köşebent (4000590): 2 adet | G16: C | Pallet (4000038): 1 pc | Edge protector (4000590): 2 pcs | H16: 29.0392 | I16: 2 | J16: 7 | K16: IA-PPWR-TF-ST-012-EUR-03-R00 | L16: IA-PPWR-DOC-ST-012-EUR-03-R00 | M16: IA-PPWR-LBL-ST-012-EUR-03-R00 | N16: IA-PPWR-STM-ST-012-EUR-03-R00
A17: ST-018-EUR-01 | B17: IA-ST-018-EUR-01 | C17: IA-ST-CFG-0012 | D17: STARTER | E17: C | Palet (4000038): 1 adet | Köşebent (4001160): 4 adet | F17: C | Palet (4000038): 1 adet | Köşebent (4001160): 4 adet | G17: C | Pallet (4000038): 1 pc | Edge protector (4001160): 4 pcs | H17: 32.434 | I17: 1 | J17: 9 | K17: IA-PPWR-TF-ST-018-EUR-01-R00 | L17: IA-PPWR-DOC-ST-018-EUR-01-R00 | M17: IA-PPWR-LBL-ST-018-EUR-01-R00 | N17: IA-PPWR-STM-ST-018-EUR-01-R00
A18: ST-018-EUR-02 | B18: IA-ST-018-EUR-02 | C18: IA-ST-CFG-0013 | D18: STARTER | E18: C | Palet (4000038): 1 adet | Köşebent (4000590): 4 adet | F18: C | Palet (4000038): 1 adet | Köşebent (4000590): 4 adet | G18: C | Pallet (4000038): 1 pc | Edge protector (4000590): 4 pcs | H18: 30.194 | I18: 4 | J18: 7 | K18: IA-PPWR-TF-ST-018-EUR-02-R00 | L18: IA-PPWR-DOC-ST-018-EUR-02-R00 | M18: IA-PPWR-LBL-ST-018-EUR-02-R00 | N18: IA-PPWR-STM-ST-018-EUR-02-R00
... A253: ST-120-STD-03 | B253: IA-ST-120-STD-03 | C253: IA-ST-CFG-0286 | D253: STARTER | E253: NS40 | Palet (4000037): 1 adet | Shrink film (4001177): 0.597 kg | F253: NS40 | Palet (4000037): 1 adet | Shrink film (4001177): 0.597 kg | G253: NS40 | Pallet (4000037): 1 pc | Shrink film (4001177): 0.597 kg | H253: 28.649 | I253: 4 | J253: 7 | K253: IA-PPWR-TF-ST-120-STD-03-R00 | L253: IA-PPWR-DOC-ST-120-STD-03-R00 | M253: IA-PPWR-LBL-ST-120-STD-03-R00 | N253: IA-PPWR-STM-ST-120-STD-03-R00

Sheet PRODUCT_MASTER
A1: ← HOME | B1: NAVIGATION | C1: SEARCH | D1: DOCUMENT CENTER | H1: REV.00
A2: PRODUCT MASTER
A3: Products linked to packaging configurations
A4: 2046 · RECORDS | C4: 00 · REV | E4: READY · STATUS | G4: YES · LINKED
A6: Product Code | B6: Technical Description | C6: Category | D6: Mapped Packaging Set Code | E6: Configuration ID | F6: Source Configuration ID | G6: Packaging Tare | H6: Document Pack Status
A7: 1000069 | B7: AKÜ,C-FLAT,DK,200AH,İNCİ SUPRA SENTOR | C7: 1 | D7: ST-021-STD-03 | E7: IA-ST-021-STD-03 | F7: IA-ST-CFG-0023 | G7: 31.8252 | H7: 988-pack GENERATED
A8: 1000441 | B8: AKÜ,A-FLAT,DK,120AH,EAS PRIDE,İÇ PYS | C8: 1 | D8: ST-030-STD-08 | E8: IA-ST-030-STD-08 | F8: IA-ST-CFG-0054 | G8: 31.4124 | H8: 988-pack GENERATED
A9: 1000442 | B9: AKÜ,A-FLAT,DK,135AH,EAS PRIDE,İÇ PYS | C9: 1 | D9: ST-030-STD-08 | E9: IA-ST-030-STD-08 | F9: IA-ST-CFG-0054 | G9: 31.4124 | H9: 988-pack GENERATED
A10: 1000445 | B10: AKÜ,B-FLAT,DK,180AH,EAS PRIDE,İÇ PYS | C10: 1 | D10: ST-030-STD-09 | E10: IA-ST-030-STD-09 | F10: IA-ST-CFG-0055 | G10: 32.1024 | H10: 988-pack GENERATED
A11: 1000448 | B11: AKÜ,C-FLAT,DK,200AH,EAS PRIDE,İÇ PYS | C11: 1 | D11: ST-021-STD-04 | E11: IA-ST-021-STD-04 | F11: IA-ST-CFG-0024 | G11: 31.5384 | H11: 988-pack GENERATED
A12: 1000890 | B12: AKÜ,A-FLAT,DK,120AH,İNCİ SUPRA SENTOR | C12: 1 | D12: ST-030-STD-05 | E12: IA-ST-030-STD-05 | F12: IA-ST-CFG-0051 | G12: 31.6992 | H12: 988-pack GENERATED
A13: 1001102 | B13: AKÜ,C-FLAT,DK,225AH,EAS PRIDE,İÇ PYS | C13: 1 | D13: ST-021-STD-04 | E13: IA-ST-021-STD-04 | F13: IA-ST-CFG-0024 | G13: 31.5384 | H13: 988-pack GENERATED
A14: 1002103 | B14: AKÜ,TRAKTÖRL,DK,115AH,EAS PRIDE,İÇ PYS | C14: 1 | D14: ST-045-STD-09 | E14: IA-ST-045-STD-09 | F14: IA-ST-CFG-0097 | G14: 33.063 | H14: 988-pack GENERATED
A15: 1002104 | B15: AKÜ,TRAKTÖR,DK,125AH,EAS PRIDE,İÇ PYS | C15: 1 | D15: ST-045-STD-09 | E15: IA-ST-045-STD-09 | F15: IA-ST-CFG-0097 | G15: 33.063 | H15: 988-pack GENERATED
A16: 1002216 | B16: AKÜ,B-FLAT,DK,180AH,İNCİ SUPRA,EEC MISIR | C16: 1 | D16: ST-030-STD-06 | E16: IA-ST-030-STD-06 | F16: IA-ST-CFG-0052 | G16: 32.3892 | H16: 988-pack GENERATED
A17: 1002422 | B17: AKÜ,B-FLAT,DK,170AH,HUGEL ACTION | C17: 1 | D17: ST-030-STD-06 | E17: IA-ST-030-STD-06 | F17: IA-ST-CFG-0052 | G17: 32.3892 | H17: 988-pack GENERATED
A18: 1002873 | B18: AKÜ,A-FLAT,DK,135AH,HUGEL ACTION | C18: 1 | D18: ST-030-STD-05 | E18: IA-ST-030-STD-05 | F18: IA-ST-CFG-0051 | G18: 31.6992 | H18: 988-pack GENERATED
... A39: 1004497 | B39: AKÜ,A-FLAT,DK,135AH,BLIZZARO TRENDLINE | C39: 1 | D39: ST-030-STD-05 | E39: IA-ST-030-STD-05 | F39: IA-ST-CFG-0051 | G39: 31.6992 | H39: 988-pack GENERATED
A40: 1004590 | B40: AKÜ,TRACTOR,DK,125AH,B00,SUPRA,AIOS OEM | C40: 1 | H40: NO MAPPING
A41: 1004591 | B41: AKÜ,TRACTORL,DK,105AH,B01,SUPRA,AIOS OEM | C41: 1 | H41: NO MAPPING
A42: 1004599 | B42: AKÜ,TRACTORL,DK,115AH,B00,İNCİSUPR,TEMSA | C42: 1 | H42: NO MAPPING
A43: 1004600 | B43: AKÜ,TRACTORL,DK,105AH,İNCİSUPRA,TEMSAOEM | C43: 1 | H43: NO MAPPING
A44: 1005175 | B44: AKÜ,B-FLAT,DK,180AH,İNCİ SUPRA SENT,EURO | C44: 1 | D44: ST-021-EUR-03 | E44: IA-ST-021-EUR-03 | F44: IA-ST-CFG-0029 | G44: 30.7682 | H44: 988-pack GENERATED
A45: 1005176 | B45: AKÜ,C-FLAT,DK,225AH,İNCİ SUPRA SENT,EURO | C45: 1 | D45: ST-018-EUR-03 | E45: IA-ST-018-EUR-03 | F45: IA-ST-CFG-0014 | G45: 30.9872 | H45: 988-pack GENERATED
A46: 1005491 | B46: AKÜ,TRACTORL,DK,105AH,CARGO,MAKO,OES | C46: 1 | H46: NO MAPPING
A47: 1005780 | B47: AKÜ,C-IGYA,DK,225AH,İNCİ SUPRA,TEMSA OEM | C47: 1 | H47: NO MAPPING
A48: 1005826 | B48: AKÜ,C-IGYA,DK,210AH,İNCİ SUPRASENTOR,BMC | C48: 1 | H48: NO MAPPING
A49: 1005827 | B49: AKÜ,C-IGYA,DK,225AH,İNCİ SUPRA,BMC,HORT | C49: 1 | H49: NO MAPPING
A50: 1005828 | B50: AKÜ,B-FLAT,DK,180AH,İNCİ SUPRASENTOR,BMC | C50: 1 | H50: NO MAPPING
A51: 1005829 | B51: AKÜ,B-IGYA,DK,180AH,SUPRA,BMCOTOBÜS,HORT | C51: 1 | H51: NO MAPPING
A52: 1005833 | B52: AKÜ,TRACTORL,DK,115AH,B01,SUPRA,ERKUNT | C52: 1 | H52: NO MAPPING
A53: 1005922 | B53: AKÜ,TRACTORL,DK,105AH,B01,SUPRA,ERKUNT | C53: 1 | H53: NO MAPPING
A54: 1006036 | B54: AKÜ,A-FLAT,DK,135AH,CARGO,MAKO,OES | C54: 1 | H54: NO MAPPING
A55: 1006037 | B55: AKÜ,B-FLAT,DK,150AH,CARGO,MAKO,OES | C55: 1 | H55: NO MAPPING
A56: 1006039 | B56: AKÜ,B-FLAT,DK,180AH,CARGO,MAKO,OES | C56: 1 | H56: NO MAPPING
A57: 1006040 | B57: AKÜ,C-FLAT,DK,200AH,CARGO,MAKO,OES | C57: 1 | D57: ST-018-EUR-05 | E57: IA-ST-018-EUR-05 | F57: IA-ST-CFG-0016 | G57: 30.7004 | H57: 988-pack GENERATED
A58: 1006041 | B58: AKÜ,C-FLAT,DK,225AH,CARGO,MAKO,OES | C58: 1 | D58: ST-018-EUR-05 | E58: IA-ST-018-EUR-05 | F58: IA-ST-CFG-0016 | G58: 30.7004 | H58: 988-pack GENERATED
A59: 1006054 | B59: AKÜ,C-IGYA,DK,240AH,İNCİ SUPRASENTOR,BMC | C59: 1 | H59: NO MAPPING
A60: 1006077 | B60: AKÜ,A-IGYASMF,DK,120AH,İNCİFORMULATAURUS | C60: 1 | D60: ST-030-STD-05 | E60: IA-ST-030-STD-05 | F60: IA-ST-CFG-0051 | G60: 31.6992 | H60: 988-pack GENERATED
A61: 1006081 | B61: AKÜ,A-IGYASMF,DK,135AH,İNCİFORMULATAURUS | C61: 1 | D61: ST-030-STD-05 | E61: IA-ST-030-STD-05 | F61: IA-ST-CFG-0051 | G61: 31.6992 | H61: 988-pack GENERATED
A62: 1006083 | B62: AKÜ,A-IGYASMF,DK,140AH,İNCİFORMULATAURUS | C62: 1 | D62: ST-030-STD-05 | E62: IA-ST-030-STD-05 | F62: IA-ST-CFG-0051 | G62: 31.6992 | H62: 988-pack GENERATED
A63: 1006152 | B63: AKÜ,B-IGYASMF,DK150AH,FORMULA,EEC MISIR | C63: 1 | D63: ST-030-STD-06 | E63: IA-ST-030-STD-06 | F63: IA-ST-CFG-0052 | G63: 32.3892 | H63: 988-pack GENERATED
A64: 1006165 | B64: AKÜ,B-IGYASMF,DK,150AH,HUGEL ULTRA | C64: 1 | D64: ST-030-STD-06 | E64: IA-ST-030-STD-06 | F64: IA-ST-CFG-0052 | G64: 32.3892 | H64: 988-pack GENERATED
A65: 1006428 | B65: AKÜ,B-FLAT,DK,165AH,BLIZARO TREND,JANENE | C65: 1 | D65: ST-030-STD-06 | E65: IA-ST-030-STD-06 | F65: IA-ST-CFG-0052 | G65: 32.3892 | H65: 988-pack GENERATED
A66: 1006519 | B66: AKÜ,C-IGYASMF,DK,200AH,İNCİFORMULATAURUS | C66: 1 | D66: ST-021-STD-03 | E66: IA-ST-021-STD-03 | F66: IA-ST-CFG-0023 | G66: 31.8252 | H66: 988-pack GENERATED
A67: 1006640 | B67: AKÜ,C-IGYASMF,DK,240AH,EAS ACTIVA | C67: 1 | D67: ST-021-STD-03 | E67: IA-ST-021-STD-03 | F67: IA-ST-CFG-0023 | G67: 31.8252 | H67: 988-pack GENERATED
A68: 1006646 | B68: AKÜ,A-IGYASMF,DK,120AH,HUGEL ULTRA | C68: 1 | D68: ST-030-STD-05 | E68: IA-ST-030-STD-05 | F68: IA-ST-CFG-0051 | G68: 31.6992 | H68: 988-pack GENERATED
A69: 1006652 | B69: AKÜ,LB2,DK,65AH,IGYA SMF,STARTCRAFT | C69: 1 | D69: ST-076-EUR-04 | E69: IA-ST-076-EUR-04 | F69: IA-ST-CFG-0241 | G69: 27.8392 | H69: 988-pack GENERATED
A70: 1006654 | B70: AKÜ,LB3,DK,75AH,IGYA SMF,STARTCRAFT | C70: 1 | D70: ST-068-EUR-04 | E70: IA-ST-068-EUR-04 | F70: IA-ST-CFG-0201 | G70: 27.8392 | H70: 988-pack GENERATED
A71: 1006658 | B71: AKÜ,LB5,DK,100AH,IGYA SMF,STARTCRAFT | C71: 1 | D71: ST-048-EUR-12 | E71: IA-ST-048-EUR-12 | F71: IA-ST-CFG-0118 | G71: 27.8392 | H71: 988-pack GENERATED
... A86: 1008113 | B86: AKÜ,A-IGYASMF,DK,140AH,İNCİ FORM,EURO | C86: 1 | D86: ST-024-EUR-04 | E86: IA-ST-024-EUR-04 | F86: IA-ST-CFG-0039 | G86: 30.6632 | H86: 988-pack GENERATED
A87: 1008180 | B87: AKÜ,B-IGYA,TK,180AH,İNCİ SUPRA,TEMSA OEM | C87: 1 | H87: NO MAPPING
A88: 1008246 | B88: AKÜ,L6,DK,KAMINA,110AH 950A,FIAT,OES | C88: 1 | H88: NO MAPPING
A89: 1008310 | B89: AKÜ,C-IGYA,TK,225AH,İNCİ SUPRA,TEMSA OEM | C89: 1 | H89: NO MAPPING
A90: 1008311 | B90: AKÜ,LB4,DK,85AH,IGYA SMF,STARTCRAFT | C90: 1 | D90: ST-056-EUR-04 | E90: IA-ST-056-EUR-04 | F90: IA-ST-CFG-0153 | G90: 27.8392 | H90: 988-pack GENERATED
A91: 1008364 | B91: AKÜ,B-FLAT,DK,180AH,İNCİ SUPRA,TEMSA OEM | C91: 1 | H91: NO MAPPING
A92: 1008365 | B92: AKÜ,C-FLAT,DK,225AH,İNCİ SUPRA,TEMSA OEM | C92: 1 | H92: NO MAPPING
A93: 1008522 | B93: AKÜ AGM,L3,DK,70AH,EAS AGM,EURO | C93: 1 | D93: ST-068-EUR-03 | E93: IA-ST-068-EUR-03 | F93: IA-ST-CFG-0200 | G93: 30.0842 | H93: 988-pack GENERATED
A94: 1008524 | B94: AKÜ AGM,L5,DK,92AH,BLIZZARO AGM S&S,EURO | C94: 1 | D94: ST-048-EUR-10 | E94: IA-ST-048-EUR-10 | F94: IA-ST-CFG-0116 | G94: 29.7592 | H94: 988-pack GENERATED
A95: 1008527 | B95: AKÜ,C-FLAT,DK,225AH,EAS PRIDE | C95: 1 | D95: ST-021-STD-03 | E95: IA-ST-021-STD-03 | F95: IA-ST-CFG-0023 | G95: 31.8252 | H95: 988-pack GENERATED
A96: 1008599 | B96: AKÜ,C-IGYSMF,DK240AH,İNCİFORMTAURS,TEMSA | C96: 1 | H96: NO MAPPING
A97: 1008731 | B97: AKÜ,TRAKTÖRL,DK,115AH,EAS PRIDE,İÇ PYS | C97: 1 | D97: ST-045-STD-09 | E97: IA-ST-045-STD-09 | F97: IA-ST-CFG-0097 | G97: 33.063 | H97: 988-pack GENERATED
A98: 1008794 | B98: AKÜ,B-FLAT,DK,190AH,HUGEL ACTION,METRA | C98: 1 | D98: ST-030-STD-06 | E98: IA-ST-030-STD-06 | F98: IA-ST-CFG-0052 | G98: 32.3892 | H98: 988-pack GENERATED
A99: 1008836 | B99: AKÜ,C-IGYASMF,DK,225AH,HUGELULTRA,NASA | C99: 1 | D99: ST-021-STD-03 | E99: IA-ST-021-STD-03 | F99: IA-ST-CFG-0023 | G99: 31.8252 | H99: 988-pack GENERATED
A100: 1008839 | B100: AKÜ,A-IGYASMF,DK,140AH,HUGEL ULTRA,NASA | C100: 1 | D100: ST-030-STD-05 | E100: IA-ST-030-STD-05 | F100: IA-ST-CFG-0051 | G100: 31.6992 | H100: 988-pack GENERATED
A101: 1008854 | B101: AKÜ SULU,L6,DK,105AH,KAMINA,PSA,EF,OES | C101: 1 | D101: ST-012-EUR-02 | E101: IA-ST-012-EUR-02 | F101: IA-ST-CFG-0005 | G101: 27.526 | H101: 988-pack GENERATED
A102: 1008926 | B102: AKÜ,TRACTORL,DK,105AH,HUGEL ACTION,İÇPYS | C102: 1 | D102: ST-045-STD-09 | E102: IA-ST-045-STD-09 | F102: IA-ST-CFG-0097 | G102: 33.063 | H102: 988-pack GENERATED
A103: 1008964 | B103: AKÜ SULU,TRC,DK,125AH,HUGEL ACTION,NASA | C103: 1 | D103: ST-045-STD-05 | E103: IA-ST-045-STD-05 | F103: IA-ST-CFG-0093 | G103: 33.3498 | H103: 988-pack GENERATED
A104: 1009029 | B104: AKÜ SULU,AGM,L6,DK,105AH,KAMN,BMC | C104: 1 | H104: NO MAPPING
A105: 1009087 | B105: AKÜ,TRACTOR,TK,125AH,B01,SUPRA,ERKUNT | C105: 1 | H105: NO MAPPING
A106: 1009116 | B106: AKÜ,B-IGYASMF,DK,180AH,İNCİFORMULA,EURO | C106: 1 | D106: ST-021-EUR-03 | E106: IA-ST-021-EUR-03 | F106: IA-ST-CFG-0029 | G106: 30.7682 | H106: 988-pack GENERATED
A107: 1009129 | B107: AKÜ,C-IGYASMF,DK,225AH,BİZZAROSILVERLN | C107: 1 | D107: ST-021-STD-03 | E107: IA-ST-021-STD-03 | F107: IA-ST-CFG-0023 | G107: 31.8252 | H107: 988-pack GENERATED
A108: 1009148 | B108: AKÜ,C-IGYASMF,DK,225AH,HUGELULTRA,NACITA | C108: 1 | D108: ST-021-STD-03 | E108: IA-ST-021-STD-03 | F108: IA-ST-CFG-0023 | G108: 31.8252 | H108: 988-pack GENERATED
A109: 1009149 | B109: AKÜ,C-IGYASMF,DK,200AH,HUGELULTRA,NACITA | C109: 1 | D109: ST-021-STD-03 | E109: IA-ST-021-STD-03 | F109: IA-ST-CFG-0023 | G109: 31.8252 | H109: 988-pack GENERATED
A110: 1009163 | B110: AKÜ,C-IGYASMF,DK,200AH,BLIZSILVRL,MISIR | C110: 1 | D110: ST-021-STD-03 | E110: IA-ST-021-STD-03 | F110: IA-ST-CFG-0023 | G110: 31.8252 | H110: 988-pack GENERATED
A111: 1009175 | B111: AKÜ,B-IGYASMF,DK,150AH,HUGELULTRA,NACITA | C111: 1 | D111: ST-030-STD-06 | E111: IA-ST-030-STD-06 | F111: IA-ST-CFG-0052 | G111: 32.3892 | H111: 988-pack GENERATED
A112: 1009176 | B112: AKÜ,B-IGYASMF,DK,150AH,BLIZSILVRL,MISIR | C112: 1 | D112: ST-030-STD-06 | E112: IA-ST-030-STD-06 | F112: IA-ST-CFG-0052 | G112: 32.3892 | H112: 988-pack GENERATED
A113: 1009270 | B113: AKÜ,B-FLAT,DK,150AH,YUASA-CV,İÇ PYS | C113: 1 | D113: ST-030-STD-09 | E113: IA-ST-030-STD-09 | F113: IA-ST-CFG-0055 | G113: 32.1024 | H113: 988-pack GENERATED
A114: 1009271 | B114: AKÜ,B-FLAT,DK,180AH,YUASA-CV,İÇ PYS | C114: 1 | D114: ST-030-STD-09 | E114: IA-ST-030-STD-09 | F114: IA-ST-CFG-0055 | G114: 32.1024 | H114: 988-pack GENERATED
A115: 1009273 | B115: AKÜ,C-FLAT,DK,225AH,YUASA-CV,İÇ PYS | C115: 1 | D115: ST-021-STD-04 | E115: IA-ST-021-STD-04 | F115: IA-ST-CFG-0024 | G115: 31.5384 | H115: 988-pack GENERATED
A116: 1009285 | B116: AKÜ AGM,L5AGM,DK,92AH,HUGEL AGM S&S,NASA | C116: 1 | D116: ST-045-STD-08 | E116: IA-ST-045-STD-08 | F116: IA-ST-CFG-0096 | G116: 29.7192 | H116: 988-pack GENERATED
A117: 1009287 | B117: AKÜ,B-IGYASMF,DK,150AH,EAS ACTIVA,ATWAN | C117: 1 | D117: ST-030-STD-06 | E117: IA-ST-030-STD-06 | F117: IA-ST-CFG-0052 | G117: 32.3892 | H117: 988-pack GENERATED
... A122: 1009849 | B122: AKÜ,LB1,DK,50AH,IGYA SMF,STARTCRAFT | C122: 1 | D122: ST-096-EUR-05 | E122: IA-ST-096-EUR-05 | F122: IA-ST-CFG-0268 | G122: 28.0592 | H122: 988-pack GENERATED
A123: 1009868 | B123: AKÜ,B-FLAT,DK,180AH,FORD YP | C123: 1 | H123: NO MAPPING
A124: 1009869 | B124: AKÜ,C-FLAT,DK,225AH,FORD YP | C124: 1 | H124: NO MAPPING
A125: 1009874 | B125: AKÜ,L3,DK,80AH,IGYA SMF,BOOSTER PREMIUM | C125: 1 | D125: ST-068-EUR-03 | E125: IA-ST-068-EUR-03 | F125: IA-ST-CFG-0200 | G125: 30.0842 | H125: 988-pack GENERATED
A126: 1009878 | B126: AKÜ,C-FLAT,DK,225AH,İNCİ SUPRASENTOR,BMC | C126: 1 | H126: NO MAPPING
A127: 1009888 | B127: AKÜ AGM,L6,DK,105AH,İNCİ AGM LEO,CELLMAX | C127: 1 | D127: ST-042-STD-05 | E127: IA-ST-042-STD-05 | F127: IA-ST-CFG-0080 | G127: 29.5992 | H127: 988-pack GENERATED
A128: 1009892 | B128: AKÜ,TRACTORL,DK,115AH,OTOPRATİK,İÇ PYS | C128: 1 | D128: ST-045-STD-09 | E128: IA-ST-045-STD-09 | F128: IA-ST-CFG-0097 | G128: 33.063 | H128: 988-pack GENERATED
A129: 1009898 | B129: AKÜ,TRACTOR,DK,125AH,ISUZU OES | C129: 1 | D129: ST-045-STD-05 | E129: IA-ST-045-STD-05 | F129: IA-ST-CFG-0093 | G129: 33.3498 | H129: 988-pack GENERATED
A130: 1009899 | B130: AKÜ,TRACTORL,DK,105AH,ISUZU OES | C130: 1 | D130: ST-045-STD-05 | E130: IA-ST-045-STD-05 | F130: IA-ST-CFG-0093 | G130: 33.3498 | H130: 988-pack GENERATED
A131: 1009931 | B131: AKÜ,D23,DK,70AH,IGYA SMF,BOOSTER PREMIUM | C131: 1 | D131: ST-060-EUR-02 | E131: IA-ST-060-EUR-02 | F131: IA-ST-CFG-0171 | G131: 32.9834 | H131: 988-pack GENERATED
A132: 1009937 | B132: AKÜ AGM,L5,DK,92AH,VRLA,BOOSTER PREMIUM | C132: 1 | D132: ST-048-EUR-10 | E132: IA-ST-048-EUR-10 | F132: IA-ST-CFG-0116 | G132: 29.7592 | H132: 988-pack GENERATED
A133: 1009938 | B133: AKÜ,D31,TK,100AH,IGYASMF,BOOSTER PREMIUM | C133: 1 | D133: ST-048-EUR-09 | E133: IA-ST-048-EUR-09 | F133: IA-ST-CFG-0115 | G133: 32.8524 | H133: 988-pack GENERATED
A134: 1009939 | B134: AKÜ,D31,DK,100AH,IGYASMF,BOOSTER PREMIUM | C134: 1 | D134: ST-048-EUR-09 | E134: IA-ST-048-EUR-09 | F134: IA-ST-CFG-0115 | G134: 32.8524 | H134: 988-pack GENERATED
A135: 1009950 | B135: AKÜ,L4,DK,85AH,IGYA SMF,BOOSTER PREMIUM | C135: 1 | D135: ST-056-EUR-03 | E135: IA-ST-056-EUR-03 | F135: IA-ST-CFG-0152 | G135: 29.7432 | H135: 988-pack GENERATED
A136: 1009973 | B136: AKÜ,NS60,DK,45AH,IGYA SMF,NS60L MF,LUCAS | C136: 1 | D136: ST-096-STD-03 | E136: IA-ST-096-STD-03 | F136: IA-ST-CFG-0272 | G136: 35.3172 | H136: 988-pack GENERATED
A137: 1009975 | B137: AKÜ,D31,DK,70AH,IGYA SMF,N70ZL,LUCAS | C137: 1 | D137: ST-054-STD-07 | E137: IA-ST-054-STD-07 | F137: IA-ST-CFG-0143 | G137: 33.7838 | H137: 988-pack GENERATED
A138: 1009976 | B138: AKÜ,NS40,DK,35AH,IGYA SMFNS40ZL MF,LUCAS | C138: 1 | D138: ST-120-STD-01 | E138: IA-ST-120-STD-01 | F138: IA-ST-CFG-0284 | G138: 35.3676 | H138: 988-pack GENERATED
... A190: 1010399 | B190: AKÜ,B-IGYASMF,DK,170AH,SILVER,SCHNAPP | C190: 1 | D190: ST-030-STD-11 | E190: IA-ST-030-STD-11 | F190: IA-ST-CFG-0057 | G190: 31.157 | H190: 988-pack GENERATED
...

Sheet COMPONENT_MASTER
A1: ← HOME | B1: NAVIGATION | C1: SEARCH | D1: DOCUMENT CENTER | H1: REV.00
A2: COMPONENT MASTER
A3: Packaging component catalogue
A4: 112 · RECORDS | C4: 00 · REV | E4: READY · STATUS | G4: YES · LINKED
A6: ERP Component Code | B6: Description | C6: Component Type | D6: Material Family | E6: UOM | F6: Controlled Unit Weight (g) | G6: Supplier | H6: Evidence Status | I6: Configs Using Component
A7: 3503036 | B7: END OTO DOLUM SAF SU BIDONU 25L | C7: 14 | E7: ADT | F7: 1140 | H7: See evidence archive | I7: 1
A8: 3506099 | B8: END OTO DOLUM SAF SU BIDONU 20L | C8: 14 | E8: ADT | F8: 1140 | H8: See evidence archive | I8: 2
A9: 4000033 | B9: KARTON KÖŞEBENT,4cm*4cm*4*100cm,SEVPLT | C9: 14 | E9: ADT | F9: 210 | H9: See evidence archive | I9: 78
A10: 4000035 | B10: STRECH,23MC,50CM*300M | C10: 14 | E10: ADT | F10: 14.85 | H10: See evidence archive | I10: 3
A11: 4000037 | B11: PALET STANDART,1030*1110*152 | C11: 14 | E11: ADT | F11: 26000 | H11: See evidence archive | I11: 150
A12: 4000038 | B12: PALET EURO,800*1200*152 | C12: 14 | E12: ADT | F12: 26000 | H12: See evidence archive | I12: 88
A13: 4000130 | B13: KARTON SEPERATÖR,102*105,B DALGA | C13: 14 | E13: ADT | F13: 270 | H13: See evidence archive | I13: 154
A14: 4000300 | B14: STRECH,23MC,50CM*1500M,MAKİNA STRECH | C14: 14 | E14: ADT | F14: 18.32 | H14: See evidence archive | I14: 240
A15: 4000301 | B15: STRECH PED,80MC,140CM*170CM | C15: 14 | E15: ADT | F15: 1000 | H15: See evidence archive | I15: 221
A16: 4000350 | B16: PALET STANDART 100*90 CM | C16: 14 | E16: ADT | F16: 20000 | H16: See evidence archive | I16: 2
A17: 4000370 | B17: STRAFOR,1050*1000*40,TABAKA,STANDART | C17: 14 | E17: ADT | F17: 104 | H17: See evidence archive | I17: 10
A18: 4000440 | B18: D26,VAKUM PVC,ÜST KAPAK | C18: 14 | E18: ADT | F18: 64 | H18: See evidence archive | I18: 4
... A118: IND-LABELS | B118: Tüm Etiketler | C118: 14 | E118: ADT | F118: 5 | H118: See evidence archive | I118: 3

Sheet DOCUMENT_CENTER
A1: ← HOME | B1: NAVIGATION | C1: SEARCH | D1: DOCUMENT CENTER | H1: REV.00
A2: DOCUMENT CENTER
A3: Per-configuration document pack — Technical File, DoC, Label, Statement
A4: 247 · CONFIGURATIONS | C4: 988 · DOCUMENTS | E4: 988 · LINKED | G4: 0 · BLOCKING
A6: Packaging Set Code | B6: Configuration ID | C6: Variant Basis TR | D6: Variant Basis EN | E6: Source BOM ID | F6: Family | G6: Packaging Tare kg | H6: Product Count | I6: Technical File ID | J6: Open Technical File | K6: EU DoC ID | L6: Open EU DoC | M6: Label ID | N6: Open Label | O6: Statement ID | P6: Open Statement | Q6: Document Status | R6: Revision
A7: CNT-20-EUR-01 | B7: IA-CNT-20-EUR-01 | C7: Container loading | OSB (5501806): 11 adet | Separatör (4000130): 10 adet | D7: Container loading | OSB (5501806): 11 pcs | Separator (4000130): 10 pcs | E7: IA-CNT-20-EUR | F7: CONTAINER | G7: 83.06 | H7: 0 | I7: IA-PPWR-TF-CNT-20-EUR-01-R00 | J7: Open | K7: IA-PPWR-DOC-CNT-20-EUR-01-R00 | L7: Open | M7: IA-PPWR-LBL-CNT-20-EUR-01-R00 | N7: Open | O7: IA-PPWR-STM-CNT-20-EUR-01-R00 | P7: Open | Q7: GENERATED / LINKED | R7: Rev.00
A8: CNT-20-STD-01 | B8: IA-CNT-20-STD-01 | C8: Container loading | OSB (5501805): 10 adet | Separatör (4000130): 10 adet | D8: Container loading | OSB (5501805): 10 pcs | Separator (4000130): 10 pcs | E8: IA-CNT-20-STD | F8: CONTAINER | G8: 78.06 | H8: 0 | I8: IA-PPWR-TF-CNT-20-STD-01-R00 | J8: Open | K8: IA-PPWR-DOC-CNT-20-STD-01-R00 | L8: Open | M8: IA-PPWR-LBL-CNT-20-STD-01-R00 | N8: Open | O8: IA-PPWR-STM-CNT-20-STD-01-R00 | P8: Open | Q8: GENERATED / LINKED | R8: Rev.00
A9: CNT-40-IND-01 | B9: IA-CNT-40-IND-01 | C9: Container loading | Hava yastığı (5500759): 26 adet | Bağlama halatı (5500762): 12 m | D9: Container loading | Air dunnage (5500759): 26 pcs | Lashing rope (5500762): 12 m | E9: IA-CNT-40-IND | F9: CONTAINER | G9: 12.76 | H9: 0 | I9: IA-PPWR-TF-CNT-40-IND-01-R00 | J9: Open | K9: IA-PPWR-DOC-CNT-40-IND-01-R00 | L9: Open | M9: IA-PPWR-LBL-CNT-40-IND-01-R00 | N9: Open | O9: IA-PPWR-STM-CNT-40-IND-01-R00 | P9: Open | Q9: GENERATED / LINKED | R9: Rev.00
A10: CNT-DE-HAM-01 | B10: IA-CNT-DE-HAM-01 | C10: Container loading | Sabitleme Tahtası ( 206×9×9 ) (Hamburg): 2 adet | D10: Container loading | Sabitleme Tahtası ( 206×9×9 ) (Hamburg): 2 pcs | E10: IA-CNT-DE-HAMBURG | F10: CONTAINER | G10: 194 | H10: 0 | I10: IA-PPWR-TF-CNT-DE-HAM-01-R00 | J10: Open | K10: IA-PPWR-DOC-CNT-DE-HAM-01-R00 | L10: Open | M10: IA-PPWR-LBL-CNT-DE-HAM-01-R00 | N10: Open | O10: IA-PPWR-STM-CNT-DE-HAM-01-R00 | P10: Open | Q10: GENERATED / LINKED | R10: Rev.00
A11: IND-24V-01 | B11: IA-IND-24V-01 | C11: 24V | Palet (4001005): 1 adet | D11: 24V | Pallet (4001005): 1 pc | E11: IA-IND-24V | F11: INDUSTRIAL | G11: 27.388 | H11: 0 | I11: IA-PPWR-TF-IND-24V-01-R00 | J11: Open | K11: IA-PPWR-DOC-IND-24V-01-R00 | L11: Open | M11: IA-PPWR-LBL-IND-24V-01-R00 | N11: Open | O11: IA-PPWR-STM-IND-24V-01-R00 | P11: Open | Q11: GENERATED / LINKED | R11: Rev.00
A12: IND-48V-01 | B12: IA-IND-48V-01 | C12: 48V | Palet (4001005): 1 adet | D12: 48V | Pallet (4001005): 1 pc | E12: IA-IND-48V | F12: INDUSTRIAL | G12: 27.5767 | H12: 0 | I12: IA-PPWR-TF-IND-48V-01-R00 | J12: Open | K12: IA-PPWR-DOC-IND-48V-01-R00 | L12: Open | M12: IA-PPWR-LBL-IND-48V-01-R00 | N12: Open | O12: IA-PPWR-STM-IND-48V-01-R00 | P12: Open | Q12: GENERATED / LINKED | R12: Rev.00
A13: IND-80V-01 | B13: IA-IND-80V-01 | C13: 80V | Palet (4000973): 1 adet | D13: 80V | Pallet (4000973): 1 pc | E13: IA-IND-80V | F13: INDUSTRIAL | G13: 32.63147 | H13: 0 | I13: IA-PPWR-TF-IND-80V-01-R00 | J13: Open | K13: IA-PPWR-DOC-IND-80V-01-R00 | L13: Open | M13: IA-PPWR-LBL-IND-80V-01-R00 | N13: Open | O13: IA-PPWR-STM-IND-80V-01-R00 | P13: Open | Q13: GENERATED / LINKED | R13: Rev.00
A14: ST-012-EUR-01 | B14: IA-ST-012-EUR-01 | C14: C | Palet (4000038): 1 adet | Köşebent (4000590): 4 adet | D14: C | Pallet (4000038): 1 pc | Edge protector (4000590): 4 pcs | E14: IA-ST-CFG-0004 | F14: STARTER | G14: 29.326 | H14: 1 | I14: IA-PPWR-TF-ST-012-EUR-01-R00 | J14: Open | K14: IA-PPWR-DOC-ST-012-EUR-01-R00 | L14: Open | M14: IA-PPWR-LBL-ST-012-EUR-01-R00 | N14: Open | O14: IA-PPWR-STM-ST-012-EUR-01-R00 | P14: Open | Q14: GENERATED / LINKED | R14: Rev.00
A15: ST-012-EUR-02 | B15: IA-ST-012-EUR-02 | C15: L6 | Palet (4000038): 1 adet | Köşebent (4000590): 4 adet | D15: L6 | Pallet (4000038): 1 pc | Edge protector (4000590): 4 pcs | E15: IA-ST-CFG-0005 | F15: STARTER | G15: 27.526 | H15: 1 | I15: IA-PPWR-TF-ST-012-EUR-02-R00 | J15: Open | K15: IA-PPWR-DOC-ST-012-EUR-02-R00 | L15: Open | M15: IA-PPWR-LBL-ST-012-EUR-02-R00 | N15: Open | O15: IA-PPWR-STM-ST-012-EUR-02-R00 | P15: Open | Q15: GENERATED / LINKED | R15: Rev.00
A16: ST-012-EUR-03 | B16: IA-ST-012-EUR-03 | C16: C | Palet (4000038): 1 adet | Köşebent (4000590): 2 adet | D16: C | Pallet (4000038): 1 pc | Edge protector (4000590): 2 pcs | E16: IA-ST-CFG-0006 | F16: STARTER | G16: 29.0392 | H16: 2 | I16: IA-PPWR-TF-ST-012-EUR-03-R00 | J16: Open | K16: IA-PPWR-DOC-ST-012-EUR-03-R00 | L16: Open | M16: IA-PPWR-LBL-ST-012-EUR-03-R00 | N16: Open | O16: IA-PPWR-STM-ST-012-EUR-03-R00 | P16: Open | Q16: GENERATED / LINKED | R16: Rev.00
A17: ST-018-EUR-01 | B17: IA-ST-018-EUR-01 | C17: C | Palet (4000038): 1 adet | Köşebent (4001160): 4 adet | D17: C | Pallet (4000038): 1 pc | Edge protector (4001160): 4 pcs | E17: IA-ST-CFG-0012 | F17: STARTER | G17: 32.434 | H17: 1 | I17: IA-PPWR-TF-ST-018-EUR-01-R00 | J17: Open | K17: IA-PPWR-DOC-ST-018-EUR-01-R00 | L17: Open | M17: IA-PPWR-LBL-ST-018-EUR-01-R00 | N17: Open | O17: IA-PPWR-STM-ST-018-EUR-01-R00 | P17: Open | Q17: GENERATED / LINKED | R17: Rev.00
A18: ST-018-EUR-02 | B18: IA-ST-018-EUR-02 | C18: C | Palet (4000038): 1 adet | Köşebent (4000590): 4 adet | D18: C | Pallet (4000038): 1 pc | Edge protector (4000590): 4 pcs | E18: IA-ST-CFG-0013 | F18: STARTER | G18: 30.194 | H18: 4 | I18: IA-PPWR-TF-ST-018-EUR-02-R00 | J18: Open | K18: IA-PPWR-DOC-ST-018-EUR-02-R00 | L18: Open | M18: IA-PPWR-LBL-ST-018-EUR-02-R00 | N18: Open | O18: IA-PPWR-STM-ST-018-EUR-02-R00 | P18: Open | Q18: GENERATED / LINKED | R18: Rev.00
... A253: ST-120-STD-03 | B253: IA-ST-120-STD-03 | C253: NS40 | Palet (4000037): 1 adet | Shrink film (4001177): 0.597 kg | D253: NS40 | Pallet (4000037): 1 pc | Shrink film (4001177): 0.597 kg | E253: IA-ST-CFG-0286 | F253: STARTER | G253: 28.649 | H253: 4 | I253: IA-PPWR-TF-ST-120-STD-03-R00 | J253: Open | K253: IA-PPWR-DOC-ST-120-STD-03-R00 | L253: Open | M253: IA-PPWR-LBL-ST-120-STD-03-R00 | N253: Open | O253: IA-PPWR-STM-ST-120-STD-03-R00 | P253: Open | Q253: GENERATED / LINKED | R253: Rev.00

Sheet TECHNICAL_FILES
A1: ← HOME | B1: NAVIGATION | C1: SEARCH | D1: DOCUMENT CENTER | H1: REV.00
A2: TECHNICAL FILES
A3: PPWR technical file index — one per packaging configuration
A4: 247 · RECORDS | C4: 00 · REV | E4: READY · STATUS | G4: YES · LINKED
A6: Technical File Code | B6: Packaging Set Code | C6: Configuration ID | D6: Variant Basis | E6: Source BOM | F6: Product Count | G6: BOM Line Count | H6: Packaging Tare | I6: Article 5 Assessment Basis | J6: Drawing Status | K6: Photo Status | L6: Revision | M6: Open Technical File
A7: IA-PPWR-TF-CNT-20-EUR-01-R00 | B7: CNT-20-EUR-01 | C7: IA-CNT-20-EUR-01 | D7: Container loading | OSB (5501806): 11 adet | Separatör (4000130): 10 adet | E7: IA-CNT-20-EUR | F7: 0 | G7: 8 | H7: 83.06 | I7: REV00 CURRENT EVIDENCE BASIS — ARTICLE 5 ASSESSMENT BASIS | J7: PENDING - DRAWING | K7: PENDING - PHOTOGRAPHS | L7: Rev.00 | M7: Open
A8: IA-PPWR-TF-CNT-20-STD-01-R00 | B8: CNT-20-STD-01 | C8: IA-CNT-20-STD-01 | D8: Container loading | OSB (5501805): 10 adet | Separatör (4000130): 10 adet | E8: IA-CNT-20-STD | F8: 0 | G8: 8 | H8: 78.06 | I8: REV00 CURRENT EVIDENCE BASIS — ARTICLE 5 ASSESSMENT BASIS | J8: PENDING - DRAWING | K8: PENDING - PHOTOGRAPHS | L8: Rev.00 | M8: Open
A9: IA-PPWR-TF-CNT-40-IND-01-R00 | B9: CNT-40-IND-01 | C9: IA-CNT-40-IND-01 | D9: Container loading | Hava yastığı (5500759): 26 adet | Bağlama halatı (5500762): 12 m | E9: IA-CNT-40-IND | F9: 0 | G9: 5 | H9: 12.76 | I9: REV00 CURRENT EVIDENCE BASIS — ARTICLE 5 ASSESSMENT BASIS | J9: PENDING - DRAWING | K9: PENDING - PHOTOGRAPHS | L9: Rev.00 | M9: Open
A10: IA-PPWR-TF-CNT-DE-HAM-01-R00 | B10: CNT-DE-HAM-01 | C10: IA-CNT-DE-HAM-01 | D10: Container loading | Sabitleme Tahtası ( 206×9×9 ) (Hamburg): 2 adet | E10: IA-CNT-DE-HAMBURG | F10: 0 | G10: 3 | H10: 194 | I10: REV00 CURRENT EVIDENCE BASIS — ARTICLE 5 ASSESSMENT BASIS | J10: PENDING - DRAWING | K10: PENDING - PHOTOGRAPHS | L10: Rev.00 | M10: Open
A11: IA-PPWR-TF-IND-24V-01-R00 | B11: IND-24V-01 | C11: IA-IND-24V-01 | D11: 24V | Palet (4001005): 1 adet | E11: IA-IND-24V | F11: 0 | G11: 6 | H11: 27.388 | I11: REV00 CURRENT EVIDENCE BASIS — ARTICLE 5 ASSESSMENT BASIS | J11: PENDING - DRAWING | K11: PENDING - PHOTOGRAPHS | L11: Rev.00 | M11: Open
A12: IA-PPWR-TF-IND-48V-01-R00 | B12: IND-48V-01 | C12: IA-IND-48V-01 | D12: 48V | Palet (4001005): 1 adet | E12: IA-IND-48V | F12: 0 | G12: 6 | H12: 27.5767 | I12: REV00 CURRENT EVIDENCE BASIS — ARTICLE 5 ASSESSMENT BASIS | J12: PENDING - DRAWING | K12: PENDING - PHOTOGRAPHS | L12: Rev.00 | M12: Open
A13: IA-PPWR-TF-IND-80V-01-R00 | B13: IND-80V-01 | C13: IA-IND-80V-01 | D13: 80V | Palet (4000973): 1 adet | E13: IA-IND-80V | F13: 0 | G13: 6 | H13: 32.63147 | I13: REV00 CURRENT EVIDENCE BASIS — ARTICLE 5 ASSESSMENT BASIS | J13: PENDING - DRAWING | K13: PENDING - PHOTOGRAPHS | L13: Rev.00 | M13: Open
A14: IA-PPWR-TF-ST-012-EUR-01-R00 | B14: ST-012-EUR-01 | C14: IA-ST-012-EUR-01 | D14: C | Palet (4000038): 1 adet | Köşebent (4000590): 4 adet | E14: IA-ST-CFG-0004 | F14: 1 | G14: 7 | H14: 29.326 | I14: REV00 CURRENT EVIDENCE BASIS — ARTICLE 5 ASSESSMENT BASIS | J14: PENDING - DRAWING | K14: PENDING - PHOTOGRAPHS | L14: Rev.00 | M14: Open
A15: IA-PPWR-TF-ST-012-EUR-02-R00 | B15: ST-012-EUR-02 | C15: IA-ST-012-EUR-02 | D15: L6 | Palet (4000038): 1 adet | Köşebent (4000590): 4 adet | E15: IA-ST-CFG-0005 | F15: 1 | G15: 6 | H15: 27.526 | I15: REV00 CURRENT EVIDENCE BASIS — ARTICLE 5 ASSESSMENT BASIS | J15: PENDING - DRAWING | K15: PENDING - PHOTOGRAPHS | L15: Rev.00 | M15: Open
A16: IA-PPWR-TF-ST-012-EUR-03-R00 | B16: ST-012-EUR-03 | C16: IA-ST-012-EUR-03 | D16: C | Palet (4000038): 1 adet | Köşebent (4000590): 2 adet | E16: IA-ST-CFG-0006 | F16: 2 | G16: 7 | H16: 29.0392 | I16: REV00 CURRENT EVIDENCE BASIS — ARTICLE 5 ASSESSMENT BASIS | J16: PENDING - DRAWING | K16: PENDING - PHOTOGRAPHS | L16: Rev.00 | M16: Open
A17: IA-PPWR-TF-ST-018-EUR-01-R00 | B17: ST-018-EUR-01 | C17: IA-ST-018-EUR-01 | D17: C | Palet (4000038): 1 adet | Köşebent (4001160): 4 adet | E17: IA-ST-CFG-0012 | F17: 1 | G17: 9 | H17: 32.434 | I17: REV00 CURRENT EVIDENCE BASIS — ARTICLE 5 ASSESSMENT BASIS | J17: PENDING - DRAWING | K17: PENDING - PHOTOGRAPHS | L17: Rev.00 | M17: Open
A18: IA-PPWR-TF-ST-018-EUR-02-R00 | B18: ST-018-EUR-02 | C18: IA-ST-018-EUR-02 | D18: C | Palet (4000038): 1 adet | Köşebent (4000590): 4 adet | E18: IA-ST-CFG-0013 | F18: 4 | G18: 7 | H18: 30.194 | I18: REV00 CURRENT EVIDENCE BASIS — ARTICLE 5 ASSESSMENT BASIS | J18: PENDING - DRAWING | K18: PENDING - PHOTOGRAPHS | L18: Rev.00 | M18: Open
... A253: IA-PPWR-TF-ST-120-STD-03-R00 | B253: ST-120-STD-03 | C253: IA-ST-120-STD-03 | D253: NS40 | Palet (4000037): 1 adet | Shrink film (4001177): 0.597 kg | E253: IA-ST-CFG-0286 | F253: 4 | G253: 7 | H253: 28.649 | I253: REV00 CURRENT EVIDENCE BASIS — ARTICLE 5 ASSESSMENT BASIS | J253: PENDING - DRAWING | K253: PENDING - PHOTOGRAPHS | L253: Rev.00 | M253: Open

Sheet DECLARATIONS_OF_CONFORMITY
A1: ← HOME | B1: NAVIGATION | C1: SEARCH | D1: DOCUMENT CENTER | H1: REV.00
A2: DECLARATIONS OF CONFORMITY
A3: EU Declaration of Conformity index
A4: 247 · RECORDS | C4: 00 · REV | E4: READY · STATUS | G4: YES · LINKED
A6: DoC Number | B6: Packaging Set Code | C6: Configuration ID | D6: Packaging Description | E6: Variant Basis | F6: Source BOM ID | G6: Technical File ID | H6: Issue Date | I6: Revision | J6: Status | K6: Open DoC
A7: IA-PPWR-DOC-CNT-20-EUR-01-R00 | B7: CNT-20-EUR-01 | C7: IA-CNT-20-EUR-01 | D7: Container loading | OSB (5501806): 11 adet | Separatör (4000130): 10 adet | E7: Container loading | OSB (5501806): 11 adet | Separatör (4000130): 10 adet / Container loading | OSB (5501806): 11 pcs | Separator (4000130): 10 pcs | F7: IA-CNT-20-EUR | G7: IA-PPWR-TF-CNT-20-EUR-01-R00 | H7: 2026-08-08 | I7: Rev.00 | J7: ACTIVE — unsigned | K7: Open
A8: IA-PPWR-DOC-CNT-20-STD-01-R00 | B8: CNT-20-STD-01 | C8: IA-CNT-20-STD-01 | D8: Container loading | OSB (5501805): 10 adet | Separatör (4000130): 10 adet | E8: Container loading | OSB (5501805): 10 adet | Separatör (4000130): 10 adet / Container loading | OSB (5501805): 10 pcs | Separator (4000130): 10 pcs | F8: IA-CNT-20-STD | G8: IA-PPWR-TF-CNT-20-STD-01-R00 | H8: 2026-08-08 | I8: Rev.00 | J8: ACTIVE — unsigned | K8: Open
A9: IA-PPWR-DOC-CNT-40-IND-01-R00 | B9: CNT-40-IND-01 | C9: IA-CNT-40-IND-01 | D9: Container loading | Hava yastığı (5500759): 26 adet | Bağlama halatı (5500762): 12 m | E9: Container loading | Hava yastığı (5500759): 26 adet | Bağlama halatı (5500762): 12 m / Container loading | Air dunnage (5500759): 26 pcs | Lashing rope (5500762): 12 m | F9: IA-CNT-40-IND | G9: IA-PPWR-TF-CNT-40-IND-01-R00 | H9: 2026-08-08 | I9: Rev.00 | J9: ACTIVE — unsigned | K9: Open
A10: IA-PPWR-DOC-CNT-DE-HAM-01-R00 | B10: CNT-DE-HAM-01 | C10: IA-CNT-DE-HAM-01 | D10: Container loading | Sabitleme Tahtası ( 206×9×9 ) (Hamburg): 2 adet | E10: Container loading | Sabitleme Tahtası ( 206×9×9 ) (Hamburg): 2 adet / Container loading | Sabitleme Tahtası ( 206×9×9 ) (Hamburg): 2 pcs | F10: IA-CNT-DE-HAMBURG | G10: IA-PPWR-TF-CNT-DE-HAM-01-R00 | H10: 2026-08-08 | I10: Rev.00 | J10: ACTIVE — unsigned | K10: Open
A11: IA-PPWR-DOC-IND-24V-01-R00 | B11: IND-24V-01 | C11: IA-IND-24V-01 | D11: 24V | Palet (4001005): 1 adet | E11: 24V | Palet (4001005): 1 adet / 24V | Pallet (4001005): 1 pc | F11: IA-IND-24V | G11: IA-PPWR-TF-IND-24V-01-R00 | H11: 2026-08-08 | I11: Rev.00 | J11: ACTIVE — unsigned | K11: Open
A12: IA-PPWR-DOC-IND-48V-01-R00 | B12: IND-48V-01 | C12: IA-IND-48V-01 | D12: 48V | Palet (4001005): 1 adet | E12: 48V | Palet (4001005): 1 adet / 48V | Pallet (4001005): 1 pc | F12: IA-IND-48V | G12: IA-PPWR-TF-IND-48V-01-R00 | H12: 2026-08-08 | I12: Rev.00 | J12: ACTIVE — unsigned | K12: Open
A13: IA-PPWR-DOC-IND-80V-01-R00 | B13: IND-80V-01 | C13: IA-IND-80V-01 | D13: 80V | Palet (4000973): 1 adet | E13: 80V | Palet (4000973): 1 adet / 80V | Pallet (4000973): 1 pc | F13: IA-IND-80V | G13: IA-PPWR-TF-IND-80V-01-R00 | H13: 2026-08-08 | I13: Rev.00 | J13: ACTIVE — unsigned | K13: Open
A14: IA-PPWR-DOC-ST-012-EUR-01-R00 | B14: ST-012-EUR-01 | C14: IA-ST-012-EUR-01 | D14: C | Palet (4000038): 1 adet | Köşebent (4000590): 4 adet | E14: C | Palet (4000038): 1 adet | Köşebent (4000590): 4 adet / C | Pallet (4000038): 1 pc | Edge protector (4000590): 4 pcs | F14: IA-ST-CFG-0004 | G14: IA-PPWR-TF-ST-012-EUR-01-R00 | H14: 2026-08-08 | I14: Rev.00 | J14: ACTIVE — unsigned | K14: Open
A15: IA-PPWR-DOC-ST-012-EUR-02-R00 | B15: ST-012-EUR-02 | C15: IA-ST-012-EUR-02 | D15: L6 | Palet (4000038): 1 adet | Köşebent (4000590): 4 adet | E15: L6 | Palet (4000038): 1 adet | Köşebent (4000590): 4 adet / L6 | Pallet (4000038): 1 pc | Edge protector (4000590): 4 pcs | F15: IA-ST-CFG-0005 | G15: IA-PPWR-TF-ST-012-EUR-02-R00 | H15: 2026-08-08 | I15: Rev.00 | J15: ACTIVE — unsigned | K15: Open
A16: IA-PPWR-DOC-ST-012-EUR-03-R00 | B16: ST-012-EUR-03 | C16: IA-ST-012-EUR-03 | D16: C | Palet (4000038): 1 adet | Köşebent (4000590): 2 adet | E16: C | Palet (4000038): 1 adet | Köşebent (4000590): 2 adet / C | Pallet (4000038): 1 pc | Edge protector (4000590): 2 pcs | F16: IA-ST-CFG-0006 | G16: IA-PPWR-TF-ST-012-EUR-03-R00 | H16: 2026-08-08 | I16: Rev.00 | J16: ACTIVE — unsigned | K16: Open
A17: IA-PPWR-DOC-ST-018-EUR-01-R00 | B17: ST-018-EUR-01 | C17: IA-ST-018-EUR-01 | D17: C | Palet (4000038): 1 adet | Köşebent (4001160): 4 adet | E17: C | Palet (4000038): 1 adet | Köşebent (4001160): 4 adet / C | Pallet (4000038): 1 pc | Edge protector (4001160): 4 pcs | F17: IA-ST-CFG-0012 | G17: IA-PPWR-TF-ST-018-EUR-01-R00 | H17: 2026-08-08 | I17: Rev.00 | J17: ACTIVE — unsigned | K17: Open
... A253: IA-PPWR-DOC-ST-120-STD-03-R00 | B253: ST-120-STD-03 | C253: IA-ST-120-STD-03 | D253: NS40 | Palet (4000037): 1 adet | Shrink film (4001177): 0.597 kg | E253: NS40 | Palet (4000037): 1 adet | Shrink film (4001177): 0.597 kg / NS40 | Pallet (4000037): 1 pc | Shrink film (4001177): 0.597 kg | F253: IA-ST-CFG-0286 | G253: IA-PPWR-TF-ST-120-STD-03-R00 | H253: 2026-08-08 | I253: Rev.00 | J253: ACTIVE — unsigned | K253: Open

Sheet LABELS
A1: ← HOME | B1: NAVIGATION | C1: SEARCH | D1: DOCUMENT CENTER | H1: REV.00
A2: LABELS
A3: Packaging identification label index
A4: 247 · RECORDS | C4: 00 · REV | E4: READY · STATUS | G4: YES · LINKED
A6: Label ID | B6: Packaging Set Code | C6: Configuration ID | D6: Variant Basis | E6: Material Families | F6: TF ID | G6: DoC ID | H6: Revision | I6: Open Label
A7: IA-PPWR-LBL-CNT-20-EUR-01-R00 | B7: CNT-20-EUR-01 | C7: IA-CNT-20-EUR-01 | D7: Container loading | OSB (5501806): 11 adet | Separatör (4000130): 10 adet | E7: See Technical File material-family summary | F7: IA-PPWR-TF-CNT-20-EUR-01-R00 | G7: IA-PPWR-DOC-CNT-20-EUR-01-R00 | H7: Rev.00 | I7: Open
A8: IA-PPWR-LBL-CNT-20-STD-01-R00 | B8: CNT-20-STD-01 | C8: IA-CNT-20-STD-01 | D8: Container loading | OSB (5501805): 10 adet | Separatör (4000130): 10 adet | E8: See Technical File material-family summary | F8: IA-PPWR-TF-CNT-20-STD-01-R00 | G8: IA-PPWR-DOC-CNT-20-STD-01-R00 | H8: Rev.00 | I8: Open
A9: IA-PPWR-LBL-CNT-40-IND-01-R00 | B9: CNT-40-IND-01 | C9: IA-CNT-40-IND-01 | D9: Container loading | Hava yastığı (5500759): 26 adet | Bağlama halatı (5500762): 12 m | E9: See Technical File material-family summary | F9: IA-PPWR-TF-CNT-40-IND-01-R00 | G9: IA-PPWR-DOC-CNT-40-IND-01-R00 | H9: Rev.00 | I9: Open
A10: IA-PPWR-LBL-CNT-DE-HAM-01-R00 | B10: CNT-DE-HAM-01 | C10: IA-CNT-DE-HAM-01 | D10: Container loading | Sabitleme Tahtası ( 206×9×9 ) (Hamburg): 2 adet | E10: See Technical File material-family summary | F10: IA-PPWR-TF-CNT-DE-HAM-01-R00 | G10: IA-PPWR-DOC-CNT-DE-HAM-01-R00 | H10: Rev.00 | I10: Open
A11: IA-PPWR-LBL-IND-24V-01-R00 | B11: IND-24V-01 | C11: IA-IND-24V-01 | D11: 24V | Palet (4001005): 1 adet | E11: See Technical File material-family summary | F11: IA-PPWR-TF-IND-24V-01-R00 | G11: IA-PPWR-DOC-IND-24V-01-R00 | H11: Rev.00 | I11: Open
A12: IA-PPWR-LBL-IND-48V-01-R00 | B12: IND-48V-01 | C12: IA-IND-48V-01 | D12: 48V | Palet (4001005): 1 adet | E12: See Technical File material-family summary | F12: IA-PPWR-TF-IND-48V-01-R00 | G12: IA-PPWR-DOC-IND-48V-01-R00 | H12: Rev.00 | I12: Open
A13: IA-PPWR-LBL-IND-80V-01-R00 | B13: IND-80V-01 | C13: IA-IND-80V-01 | D13: 80V | Palet (4000973): 1 adet | E13: See Technical File material-family summary | F13: IA-PPWR-TF-IND-80V-01-R00 | G13: IA-PPWR-DOC-IND-80V-01-R00 | H13: Rev.00 | I13: Open
A14: IA-PPWR-LBL-ST-012-EUR-01-R00 | B14: ST-012-EUR-01 | C14: IA-ST-012-EUR-01 | D14: C | Palet (4000038): 1 adet | Köşebent (4000590): 4 adet | E14: See Technical File material-family summary | F14: IA-PPWR-TF-ST-012-EUR-01-R00 | G14: IA-PPWR-DOC-ST-012-EUR-01-R00 | H14: Rev.00 | I14: Open
A15: IA-PPWR-LBL-ST-012-EUR-02-R00 | B15: ST-012-EUR-02 | C15: IA-ST-012-EUR-02 | D15: L6 | Palet (4000038): 1 adet | Köşebent (4000590): 4 adet | E15: See Technical File material-family summary | F15: IA-PPWR-TF-ST-012-EUR-02-R00 | G15: IA-PPWR-DOC-ST-012-EUR-02-R00 | H15: Rev.00 | I15: Open
A16: IA-PPWR-LBL-ST-012-EUR-03-R00 | B16: ST-012-EUR-03 | C16: IA-ST-012-EUR-03 | D16: C | Palet (4000038): 1 adet | Köşebent (4000590): 2 adet | E16: See Technical File material-family summary | F16: IA-PPWR-TF-ST-012-EUR-03-R00 | G16: IA-PPWR-DOC-ST-012-EUR-03-R00 | H16: Rev.00 | I16: Open
A17: IA-PPWR-LBL-ST-018-EUR-01-R00 | B17: ST-018-EUR-01 | C17: IA-ST-018-EUR-01 | D17: C | Palet (4000038): 1 adet | Köşebent (4001160): 4 adet | E17: See Technical File material-family summary | F17: IA-PPWR-TF-ST-018-EUR-01-R00 | G17: IA-PPWR-DOC-ST-018-EUR-01-R00 | H17: Rev.00 | I17: Open
... A253: IA-PPWR-LBL-ST-120-STD-03-R00 | B253: ST-120-STD-03 | C253: IA-ST-120-STD-03 | D253: NS40 | Palet (4000037): 1 adet | Shrink film (4001177): 0.597 kg | E253: See Technical File material-family summary | F253: IA-PPWR-TF-ST-120-STD-03-R00 | G253: IA-PPWR-DOC-ST-120-STD-03-R00 | H253: Rev.00 | I253: Open

Sheet SHIPMENT_STATEMENTS
A1: ← HOME | B1: NAVIGATION | C1: SEARCH | D1: DOCUMENT CENTER | H1: REV.00
A2: SHIPMENT STATEMENTS
A3: Shipment statement index — one per packaging configuration
A4: 247 · RECORDS | C4: 00 · REV | E4: READY · STATUS | G4: YES · LINKED
A6: Statement ID | B6: Packaging Set Code | C6: Configuration ID | D6: Source BOM | E6: Variant Basis | F6: Packaging Tare | G6: BOM Line Count | H6: Revision | I6: Open Statement
A7: IA-PPWR-STM-CNT-20-EUR-01-R00 | B7: CNT-20-EUR-01 | C7: IA-CNT-20-EUR-01 | D7: IA-CNT-20-EUR | E7: Container loading | OSB (5501806): 11 adet | Separatör (4000130): 10 adet | F7: 83.06 | G7: 8 | H7: Rev.00 | I7: Open
A8: IA-PPWR-STM-CNT-20-STD-01-R00 | B8: CNT-20-STD-01 | C8: IA-CNT-20-STD-01 | D8: IA-CNT-20-STD | E8: Container loading | OSB (5501805): 10 adet | Separatör (4000130): 10 adet | F8: 78.06 | G8: 8 | H8: Rev.00 | I8: Open
A9: IA-PPWR-STM-CNT-40-IND-01-R00 | B9: CNT-40-IND-01 | C9: IA-CNT-40-IND-01 | D9: IA-CNT-40-IND | E9: Container loading | Hava yastığı (5500759): 26 adet | Bağlama halatı (5500762): 12 m | F9: 12.76 | G9: 5 | H9: Rev.00 | I9: Open
A10: IA-PPWR-STM-CNT-DE-HAM-01-R00 | B10: CNT-DE-HAM-01 | C10: IA-CNT-DE-HAM-01 | D10: IA-CNT-DE-HAMBURG | E10: Container loading | Sabitleme Tahtası ( 206×9×9 ) (Hamburg): 2 adet | F10: 194 | G10: 3 | H10: Rev.00 | I10: Open
A11: IA-PPWR-STM-IND-24V-01-R00 | B11: IND-24V-01 | C11: IA-IND-24V-01 | D11: IA-IND-24V | E11: 24V | Palet (4001005): 1 adet | F11: 27.388 | G11: 6 | H11: Rev.00 | I11: Open
A12: IA-PPWR-STM-IND-48V-01-R00 | B12: IND-48V-01 | C12: IA-IND-48V-01 | D12: IA-IND-48V | E12: 48V | Palet (4001005): 1 adet | F12: 27.5767 | G12: 6 | H12: Rev.00 | I12: Open
A13: IA-PPWR-STM-IND-80V-01-R00 | B13: IND-80V-01 | C13: IA-IND-80V-01 | D13: IA-IND-80V | E13: 80V | Palet (4000973): 1 adet | F13: 32.63147 | G13: 6 | H13: Rev.00 | I13: Open
A14: IA-PPWR-STM-ST-012-EUR-01-R00 | B14: ST-012-EUR-01 | C14: IA-ST-012-EUR-01 | D14: IA-ST-CFG-0004 | E14: C | Palet (4000038): 1 adet | Köşebent (4000590): 4 adet | F14: 29.326 | G14: 7 | H14: Rev.00 | I14: Open
A15: IA-PPWR-STM-ST-012-EUR-02-R00 | B15: ST-012-EUR-02 | C15: IA-ST-012-EUR-02 | D15: IA-ST-CFG-0005 | E15: L6 | Palet (4000038): 1 adet | Köşebent (4000590): 4 adet | F15: 27.526 | G15: 6 | H15: Rev.00 | I15: Open
A16: IA-PPWR-STM-ST-012-EUR-03-R00 | B16: ST-012-EUR-03 | C16: IA-ST-012-EUR-03 | D16: IA-ST-CFG-0006 | E16: C | Palet (4000038): 1 adet | Köşebent (4000590): 2 adet | F16: 29.0392 | G16: 7 | H16: Rev.00 | I16: Open
A17: IA-PPWR-STM-ST-018-EUR-01-R00 | B17: ST-018-EUR-01 | C17: IA-ST-018-EUR-01 | D17: IA-ST-CFG-0012 | E17: C | Palet (4000038): 1 adet | Köşebent (4001160): 4 adet | F17: 32.434 | G17: 9 | H17: Rev.00 | I17: Open
A18: IA-PPWR-STM-ST-018-EUR-02-R00 | B18: ST-018-EUR-02 | C18: IA-ST-018-EUR-02 | D18: IA-ST-CFG-0013 | E18: C | Palet (4000038): 1 adet | Köşebent (4000590): 4 adet | F18: 30.194 | G18: 7 | H18: Rev.00 | I18: Open
... A253: IA-PPWR-STM-ST-120-STD-03-R00 | B253: ST-120-STD-03 | C253: IA-ST-120-STD-03 | D253: IA-ST-CFG-0286 | E253: NS40 | Palet (4000037): 1 adet | Shrink film (4001177): 0.597 kg | F253: 28.649 | G253: 7 | H253: Rev.00 | I253: Open

Sheet SHIPMENTS
A1: ← HOME | B1: NAVIGATION | C1: SEARCH | D1: DOCUMENT CENTER | H1: REV.00
A2: SHIPMENTS
A3: Transactional shipment register
A4: EMPTY · STATUS | C4: 00 · REV | E4: 0 · RECORDS | G4: BASELINE · PHASE
A6: CURRENT STATUS
A7: No transactional shipment records are loaded in Rev.00 baseline.
A8: Shipment tracking will be activated for Rev.01 and the operational phase.
A10: QUICK LINKS
A11: → Open Shipment Database
A12: → Open Shipment Statements

Sheet DOC_ENGINE_MAP
A1: ← HOME | B1: NAVIGATION | C1: SEARCH | D1: DOCUMENT CENTER | F1: REV.00
A2: DOCUMENT ENGINE MAP
A3: Read-only mapping • Python remains document authority
A4: 9 · FIELDS | C4: READ-ONLY · MODE | E4: PYTHON · AUTHORITY
A6: Document Type | B6: Logical Field | C6: PIMS Source | D6: DocumentContext Field | E6: Runtime Token / Mapping | F6: Builder Module
A7: Technical File | B7: Packaging Set Code | C7: PACKAGING_CONFIGURATION.CONFIG_GROUP_CODE | D7: document_ids.packaging_set_code | E7: {{CONFIG_SET_CODE}} | F7: phase_g.merge_engine
A8: Technical File | B8: Configuration ID | C8: NOTES FINAL_CONFIGURATION_ID | D8: document_ids.final_configuration_id | E8: {{CONFIG_ID}} | F8: DocumentContextFactory
A9: Technical File | B9: Variant Basis TR/EN | C9: DESCRIPTION codec | D9: configuration.variant_basis_* | E9: {{VARIANT_BASIS_TR/EN}} | F9: VariantDescriptionCodec
A10: Technical File | B10: Exact BOM | C10: PACKAGING_CONFIGURATION_LINE | D10: configuration.lines | E10: {{BOM_TABLE}} | F10: merge_engine._fill_bom_table
A11: Technical File | B11: Tare | C11: WeightService | D11: total_tare_g | E11: {{TOTAL_TARE_KG}} | F11: WeightService
A12: EU DoC | B12: Declaration ID | C12: DECLARATION_OF_CONFORMITY.DOC_NUMBER | D12: document_ids.doc_id | E12: {{DOC_ID}} | F12: IdService
A13: Label | B13: Label ID | C13: DOCUMENT_LIBRARY DOCUMENT_CODE | D13: document_ids.label_id | E13: {{LABEL_ID}} | F13: IdService
A14: Statement | B14: Statement ID | C14: STATEMENT.STATEMENT_CODE | D14: document_ids.statement_id | E14: {{STM_ID}} | F14: IdService
A15: All | B15: FILE_URI | C15: DOCUMENT_LIBRARY | D15: n/a | E15: relative Phase I path | F15: phase_j.registry_sync

Sheet 00_README
A1: İnci Akü PPWR PIMS — Workbook Platform (Rev00)
A3: TR | EN
A4: Amaç / Purpose
A5: Bu çalışma kitabı, İnci Akü PPWR Ambalaj Bilgi Yönetim Sistemi’nin (PIMS) Wave-1 operasyonel ilişkisel veritabanıdır.
A6: This workbook is the Wave-1 operational relational database for the İnci Akü PPWR Packaging Information Management System (PIMS).
A8: Kaynak Gerçeği / Source of Truth
A9: Şema otoritesi: FINAL_DATABASE.md Schema 1.0.0 (FROZEN). Her ilişkisel tablo = bir sayfa. UI sayfaları (00–04) kaynak değildir.
A10: Schema authority: FINAL_DATABASE.md Schema 1.0.0 (FROZEN). One relational table = one sheet. UI sheets (00–04) are never source of truth.
A12: Sayfa Kategorileri / Sheet Categories
A13: 00–04: Arayüz / rehber. LKP_*: kontrollü lookup. SYSTEM: meta. Diğerleri: master / yapılandırma / sevkiyat / belge metadata.
A14: 00–04: UI / guides. LKP_*: controlled lookups. SYSTEM: metadata. Others: masters / configs / shipments / document metadata.
A16: Golden Variant
... A50: CIF ve CIP ayrı Incoterms 2020 kodlarıdır; ikisi de LKP_INCOTERM’de aktiftir. Alias değildir.

Sheet 01_DASHBOARD
A1: İnci Akü PPWR Packaging Information Management System — Rev.00
A2: Production Master Data: LOADED | Golden Variant Register: 247 / 247 | Document Pack: 988 / 988 GENERATED | Document Registry: 988 / 988 LINKED | Blocking QA Errors: 0
A4: KPI | B4: Count | C4: Status | D4: Notes
A5: Components | B5: =COUNTA(COMPONENT!A2:A5000) -> 112 | C5: LOADED | D5: Phase J — application layer + document registry sync
A6: Products | B6: =COUNTA(PRODUCT!A2:A5000) -> 2046 | C6: LOADED | D6: Phase J — application layer + document registry sync
A7: Final Packaging Configurations | B7: =COUNTA(PACKAGING_CONFIGURATION!A2:A5000) -> 247 | C7: LOADED | D7: Phase J — application layer + document registry sync
A8: Packaging BOM lines | B8: =COUNTA(PACKAGING_CONFIGURATION_LINE!A2:A5000) -> 1690 | C8: LOADED | D8: Phase J — application layer + document registry sync
A9: Transport Configurations | B9: =COUNTA(TRANSPORT_CONFIGURATION!A2:A5000) -> 247 | C9: LOADED | D9: Phase J — application layer + document registry sync
A10: Commercial Scenarios | B10: =COUNTA(COMMERCIAL_SCENARIO!A2:A5000) -> 1917 | C10: LOADED | D10: Phase J — application layer + document registry sync
A11: Shipments | B11: =COUNTA(SHIPMENT!A2:A5000) -> 0 | C11: LOADED | D11: Phase J — application layer + document registry sync
A12: Technical Files | B12: =COUNTA(TECHNICAL_FILE!A2:A5000) -> 247 | C12: LOADED | D12: Phase J — application layer + document registry sync
A13: DoCs | B13: =COUNTA(DECLARATION_OF_CONFORMITY!A2:A5000) -> 247 | C13: LOADED | D13: Phase J — application layer + document registry sync
A14: Statements | B14: =COUNTA(STATEMENT!A2:A5000) -> 247 | C14: LOADED | D14: Phase J — application layer + document registry sync
A15: Evidence / Document Library | B15: =COUNTA(DOCUMENT_LIBRARY!A2:A5000) -> 988 | C15: LOADED | D15: Phase J — application layer + document registry sync
A16: Validation errors (platform) | B16: 0 | C16: SEE 02_RELEASE_CONTROL | D16: Platform shell — Phase F loads production
A18: Category breakdown (future)
A19: Starter | B19: 240 | C19: LOADED
A20: Industrial | B20: 3 | C20: LOADED
A21: Container | B21: 4 | C21: LOADED
A22: Returnable / Pool (schema hooks only) | B22: 0 | C22: HOOKS ONLY
A24: Lookup seed count (controlled vocabulary only)
A25: =COUNTA(LKP_STATUS!A2:A5000) -> 8 | B25: LKP_STATUS sample (others on LKP_* sheets)

Sheet 02_RELEASE_CONTROL
A1: 02_RELEASE_CONTROL — Platform readiness (not packaging conformity)
A2: Statuses refer to SYSTEM / WORKBOOK readiness. Production conformity is NOT assessed in Phase E.
A4: Control Area | B4: Rule | C4: Error Count | D4: Warning Count | E4: Status | F4: Blocking? | G4: Responsible Role | H4: Notes
A5: Schema | B5: FINAL_DATABASE.md 1.0.0 frozen; 43 table sheets present | C5: 0 | D5: 0 | E5: READY | F5: Yes | G5: Architecture | H5: Workbook schema: READY
A6: Master data | B6: Production COMPONENT / PRODUCT / CONFIG not loaded | C6: 0 | D6: 0 | E6: LOADED | F6: Yes | G6: Packaging Engineering | H6: Production master data: LOADED
A7: BOM | B7: PACKAGING_CONFIGURATION_LINE empty until Phase F | C7: 0 | D7: 0 | E7: LOADED | F7: Yes | G7: Packaging Engineering | H7: Final configurations / exact BOM: LOADED
A8: Product mapping | B8: COMMERCIAL_SCENARIO links product→transport→packaging | C8: 0 | D8: 0 | E8: LOADED | F8: Yes | G8: Sales / Engineering | H8: Product mapping: LOADED
A9: Evidence | B9: DOCUMENT_LIBRARY / LINK architecture present | C9: 0 | D9: 0 | E9: PLATFORM READY | F9: No | G9: Compliance | H9: No production evidence records
A10: Drawing / photo | B10: Document types DRAWING/PHOTO/ARTWORK seeded | C10: 0 | D10: 0 | E10: PLATFORM READY | F10: No | G10: Engineering | H10: Files not imported in Phase E
A11: Document generation | B11: Word/PDF builders exist as stubs only | C11: 0 | D11: 0 | E11: NOT RUN – PHASE G | F11: Yes | G11: IT / Compliance | H11: Document generation: NOT RUN – PHASE G
A12: Lookup vocabulary | B12: LKP_* seeded; CIP and CIF both present as distinct Incoterms | C12: 0 | D12: 0 | E12: READY | F12: Yes | G12: MDM | H12: Controlled seed only
A13: PK integrity framework | B13: PK highlight + blank/duplicate checks via Python QA / future CF | C13: 0 | D13: 0 | E13: FRAMEWORK READY | F13: Yes | G13: IT | H13: Empty masters intentionally blank
A14: FK integrity framework | B14: Lookup FK dropdowns; high-volume FK via Python QA | C14: 0 | D14: 0 | E14: FRAMEWORK READY | F14: Yes | G14: IT | H14: Relational FK defined by schema
A15: Weight derivation | B15: Python WeightService authoritative; ZZ_QA_WEIGHT_FIXTURE visibility | C15: 0 | D15: 0 | E15: PASSED | F15: No | G15: Engineering | H15: Weight validation: PASSED (247/247 gate)
A16: Article 5 | B16: Assessment fields available on TF; no auto ≤100 mg/kg | C16: 0 | D16: 0 | E16: NOT ASSESSED | F16: No | G16: Compliance | H16: No production assessment records

Sheet 03_DATA_DICTIONARY
A1: 03_DATA_DICTIONARY — Generated from Schema 1.0.0 metadata
A2: Generated from Python TableDefinition registry — do not maintain as parallel SoT.
A4: Table | B4: Column | C4: Data Type | D4: Required | E4: PK | F4: FK | G4: FK Target | H4: Business Meaning | I4: Data Owner | J4: Update Frequency | K4: Validation Rule | L4: System / User Managed
A5: SYS_WORKBOOK_INFO | B5: INFO_KEY | C5: TEXT | D5: Y | E5: Y | F5: N | H5: Schema version and workbook metadata | I5: IT / Solution Architecture | J5: On schema release only | K5: PK unique; not blank when row used | L5: USER
A6: SYS_WORKBOOK_INFO | B6: INFO_VALUE | C6: TEXT | D6: Y | E6: N | F6: N | H6: Schema version and workbook metadata | I6: IT / Solution Architecture | J6: On schema release only | K6: Text | L6: USER
A7: SYS_WORKBOOK_INFO | B7: UPDATED_AT | C7: DATETIME | D7: Y | E7: N | F7: N | H7: Schema version and workbook metadata | I7: IT / Solution Architecture | J7: On schema release only | K7: Text | L7: SYSTEM
A8: SYS_PARAMETER | B8: PARAMETER_ID | C8: INT | D8: Y | E8: Y | F8: N | H8: System behavior parameters | I8: Compliance + Architecture | J8: Rare | K8: PK unique; not blank when row used | L8: USER
A9: SYS_PARAMETER | B9: PARAMETER_CODE | C9: TEXT | D9: Y | E9: N | F9: N | H9: System behavior parameters | I9: Compliance + Architecture | J9: Rare | K9: Text | L9: USER
A10: SYS_PARAMETER | B10: PARAMETER_VALUE | C10: TEXT | D10: Y | E10: N | F10: N | H10: System behavior parameters | I10: Compliance + Architecture | J10: Rare | K10: Text | L10: USER
A11: SYS_PARAMETER | B11: DESCRIPTION | C11: TEXT | D11: N | E11: N | F11: N | H11: System behavior parameters | I11: Compliance + Architecture | J11: Rare | K11: Text | L11: USER
A12: LKP_STATUS | B12: STATUS_ID | C12: INT | D12: Y | E12: Y | F12: N | H12: Lifecycle/approval statuses by domain | I12: Architecture | J12: Rare | K12: PK unique; not blank when row used | L12: USER
A13: LKP_STATUS | B13: STATUS_CODE | C13: TEXT | D13: Y | E13: N | F13: N | H13: Lifecycle/approval statuses by domain | I13: Architecture | J13: Rare | K13: Text | L13: USER
A14: LKP_STATUS | B14: STATUS_NAME | C14: TEXT | D14: Y | E14: N | F14: N | H14: Lifecycle/approval statuses by domain | I14: Architecture | J14: Rare | K14: Text | L14: USER
A15: LKP_STATUS | B15: STATUS_DOMAIN | C15: TEXT | D15: Y | E15: N | F15: N | H15: Lifecycle/approval statuses by domain | I15: Architecture | J15: Rare | K15: Text | L15: USER
A16: LKP_STATUS | B16: IS_EDITABLE | C16: BOOL | D16: Y | E16: N | F16: N | H16: Lifecycle/approval statuses by domain | I16: Architecture | J16: Rare | K16: TRUE/FALSE | L16: USER
... A31: LKP_COMPONENT_TYPE | B31: COMPONENT_TYPE_NAME | C31: TEXT | D31: Y | E31: N | F31: N | H31: Component type vocabulary incl. container materials | I31: MDM + Compliance | J31: Rare | K31: Text | L31: USER
A32: LKP_COMPONENT_TYPE | B32: DEFAULT_PACKAGING_LEVEL_ID | C32: INT | D32: N | E32: N | F32: Y | G32: LKP_PACKAGING_LEVEL | H32: Component type vocabulary incl. container materials | I32: MDM + Compliance | J32: Rare | K32: Lookup list → LKP_PACKAGING_LEVEL | L32: USER
A33: LKP_MATERIAL_FAMILY | B33: MATERIAL_FAMILY_ID | C33: INT | D33: Y | E33: Y | F33: N | H33: Material families | I33: MDM + Compliance | J33: Rare | K33: PK unique; not blank when row used | L33: USER
A34: LKP_MATERIAL_FAMILY | B34: MATERIAL_FAMILY_CODE | C34: TEXT | D34: Y | E34: N | F34: N | H34: Material families | I34: MDM + Compliance | J34: Rare | K34: Text | L34: USER
A35: LKP_MATERIAL_FAMILY | B35: MATERIAL_FAMILY_NAME | C35: TEXT | D35: Y | E35: N | F35: N | H35: Material families | I35: MDM + Compliance | J35: Rare | K35: Text | L35: USER
A36: LKP_PPWR_MATERIAL_CATEGORY | B36: PPWR_MATERIAL_CATEGORY_ID | C36: INT | D36: Y | E36: Y | F36: N | H36: PPWR material categories | I36: MDM + Compliance | J36: Rare | K36: PK unique; not blank when row used | L36: USER
A37: LKP_PPWR_MATERIAL_CATEGORY | B37: PPWR_MATERIAL_CATEGORY_CODE | C37: TEXT | D37: Y | E37: N | F37: N | H37: PPWR material categories | I37: MDM + Compliance | J37: Rare | K37: Text | L37: USER
A38: LKP_PPWR_MATERIAL_CATEGORY | B38: PPWR_MATERIAL_CATEGORY_NAME | C38: TEXT | D38: Y | E38: N | F38: N | H38: PPWR material categories | I38: MDM + Compliance | J38: Rare | K38: Text | L38: USER
A39: LKP_MATERIAL | B39: MATERIAL_ID | C39: INT | D39: Y | E39: Y | F39: N | H39: Controlled material vocabulary | I39: MDM + Compliance | J39: Rare | K39: PK unique; not blank when row used | L39: USER
A40: LKP_MATERIAL | B40: MATERIAL_CODE | C40: TEXT | D40: Y | E40: N | F40: N | H40: Controlled material vocabulary | I40: MDM + Compliance | J40: Rare | K40: Text | L40: USER
A41: LKP_MATERIAL | B41: MATERIAL_NAME | C41: TEXT | D41: Y | E41: N | F41: N | H41: Controlled material vocabulary | I41: MDM + Compliance | J41: Rare | K41: Text | L41: USER
A42: LKP_MATERIAL | B42: MATERIAL_FAMILY_ID | C42: INT | D42: Y | E42: N | F42: Y | G42: LKP_MATERIAL_FAMILY | H42: Controlled material vocabulary | I42: MDM + Compliance | J42: Rare | K42: Lookup list → LKP_MATERIAL_FAMILY | L42: USER
A43: LKP_MATERIAL | B43: PPWR_MATERIAL_CATEGORY_ID | C43: INT | D43: N | E43: N | F43: Y | G43: LKP_PPWR_MATERIAL_CATEGORY | H43: Controlled material vocabulary | I43: MDM + Compliance | J43: Rare | K43: Lookup list → LKP_PPWR_MATERIAL_CATEGORY | L43: USER
A44: LKP_MATERIAL | B44: IS_COMPOSITE | C44: BOOL | D44: Y | E44: N | F44: N | H44: Controlled material vocabulary | I44: MDM + Compliance | J44: Rare | K44: TRUE/FALSE | L44: USER
A45: LKP_MATERIAL | B45: NOTES | C45: TEXT | D45: N | E45: N | F45: N | H45: Controlled material vocabulary | I45: MDM + Compliance | J45: Rare | K45: Text | L45: USER
A46: LKP_RECYCLABILITY_CLASS | B46: RECYCLABILITY_CLASS_ID | C46: INT | D46: Y | E46: Y | F46: N | H46: Recyclability class | I46: MDM + Compliance | J46: Rare | K46: PK unique; not blank when row used | L46: USER
A47: LKP_RECYCLABILITY_CLASS | B47: RECYCLABILITY_CLASS_CODE | C47: TEXT | D47: Y | E47: N | F47: N | H47: Recyclability class | I47: MDM + Compliance | J47: Rare | K47: Text | L47: USER
A48: LKP_RECYCLABILITY_CLASS | B48: RECYCLABILITY_CLASS_NAME | C48: TEXT | D48: Y | E48: N | F48: N | H48: Recyclability class | I48: MDM + Compliance | J48: Rare | K48: Text | L48: USER
A49: LKP_OWNERSHIP_TYPE | B49: OWNERSHIP_TYPE_ID | C49: INT | D49: Y | E49: Y | F49: N | H49: Disposable / returnable / pool (returnable architecture hook) | I49: MDM + Compliance | J49: Rare | K49: PK unique; not blank when row used | L49: USER
A50: LKP_OWNERSHIP_TYPE | B50: OWNERSHIP_TYPE_CODE | C50: TEXT | D50: Y | E50: N | F50: N | H50: Disposable / returnable / pool (returnable architecture hook) | I50: MDM + Compliance | J50: Rare | K50: Text | L50: USER
A51: LKP_OWNERSHIP_TYPE | B51: OWNERSHIP_TYPE_NAME | C51: TEXT | D51: Y | E51: N | F51: N | H51: Disposable / returnable / pool (returnable architecture hook) | I51: MDM + Compliance | J51: Rare | K51: Text | L51: USER
A52: LKP_TRANSPORT_UNIT_TYPE | B52: TRANSPORT_UNIT_TYPE_ID | C52: INT | D52: Y | E52: Y | F52: N | H52: Pallet / container / truck / … | I52: MDM + Compliance | J52: Rare | K52: PK unique; not blank when row used | L52: USER
A53: LKP_TRANSPORT_UNIT_TYPE | B53: TRANSPORT_UNIT_TYPE_CODE | C53: TEXT | D53: Y | E53: N | F53: N | H53: Pallet / container / truck / … | I53: MDM + Compliance | J53: Rare | K53: Text | L53: USER
A54: LKP_TRANSPORT_UNIT_TYPE | B54: TRANSPORT_UNIT_TYPE_NAME | C54: TEXT | D54: Y | E54: N | F54: N | H54: Pallet / container / truck / … | I54: MDM + Compliance | J54: Rare | K54: Text | L54: USER
A55: LKP_LINE_ROLE | B55: LINE_ROLE_ID | C55: INT | D55: Y | E55: Y | F55: N | H55: Configuration line roles | I55: MDM + Compliance | J55: Rare | K55: PK unique; not blank when row used | L55: USER
... A83: LEGAL_ENTITY | B83: LEGAL_ENTITY_NAME | C83: TEXT | D83: Y | E83: N | F83: N | H83: Company / economic operator issuing DoCs | I83: Finance / Legal / MDM | J83: Rare | K83: Text | L83: USER
A84: LEGAL_ENTITY | B84: COUNTRY_ID | C84: INT | D84: Y | E84: N | F84: Y | G84: LKP_COUNTRY | H84: Company / economic operator issuing DoCs | I84: Finance / Legal / MDM | J84: Rare | K84: Lookup list → LKP_COUNTRY | L84: USER
A85: LEGAL_ENTITY | B85: STATUS_ID | C85: INT | D85: Y | E85: N | F85: Y | G85: LKP_STATUS | H85: Company / economic operator issuing DoCs | I85: Finance / Legal / MDM | J85: Rare | K85: Lookup list → LKP_STATUS | L85: USER
A86: LEGAL_ENTITY | B86: NOTES | C86: TEXT | D86: N | E86: N | F86: N | H86: Company / economic operator issuing DoCs | I86: Finance / Legal / MDM | J86: Rare | K86: Text | L86: USER
A87: PERSON | B87: PERSON_ID | C87: INT | D87: Y | E87: Y | F87: N | H87: Approvers and DoC responsible persons | I87: HR / Compliance | J87: Occasional | K87: PK unique; not blank when row used | L87: USER
A88: PERSON | B88: PERSON_CODE | C88: TEXT | D88: Y | E88: N | F88: N | H88: Approvers and DoC responsible persons | I88: HR / Compliance | J88: Occasional | K88: Text | L88: USER
A89: PERSON | B89: FULL_NAME | C89: TEXT | D89: Y | E89: N | F89: N | H89: Approvers and DoC responsible persons | I89: HR / Compliance | J89: Occasional | K89: Text | L89: USER
A90: PERSON | B90: EMAIL | C90: TEXT | D90: N | E90: N | F90: N | H90: Approvers and DoC responsible persons | I90: HR / Compliance | J90: Occasional | K90: Text | L90: USER
A91: PERSON | B91: JOB_TITLE | C91: TEXT | D91: N | E91: N | F91: N | H91: Approvers and DoC responsible persons | I91: HR / Compliance | J91: Occasional | K91: Text | L91: USER
A92: PERSON | B92: STATUS_ID | C92: INT | D92: Y | E92: N | F92: Y | G92: LKP_STATUS | H92: Approvers and DoC responsible persons | I92: HR / Compliance | J92: Occasional | K92: Lookup list → LKP_STATUS | L92: USER
A93: SUPPLIER | B93: SUPPLIER_ID | C93: INT | D93: Y | E93: Y | F93: N | H93: Packaging suppliers | I93: Procurement | J93: Occasional | K93: PK unique; not blank when row used | L93: USER
A94: SUPPLIER | B94: SUPPLIER_CODE | C94: TEXT | D94: Y | E94: N | F94: N | H94: Packaging suppliers | I94: Procurement | J94: Occasional | K94: Text | L94: USER
A95: SUPPLIER | B95: SUPPLIER_NAME | C95: TEXT | D95: Y | E95: N | F95: N | H95: Packaging suppliers | I95: Procurement | J95: Occasional | K95: Text | L95: USER
A96: SUPPLIER | B96: COUNTRY_ID | C96: INT | D96: N | E96: N | F96: Y | G96: LKP_COUNTRY | H96: Packaging suppliers | I96: Procurement | J96: Occasional | K96: Lookup list → LKP_COUNTRY | L96: USER
A97: SUPPLIER | B97: STATUS_ID | C97: INT | D97: Y | E97: N | F97: Y | G97: LKP_STATUS | H97: Packaging suppliers | I97: Procurement | J97: Occasional | K97: Lookup list → LKP_STATUS | L97: USER
A98: SUPPLIER | B98: EXTERNAL_REF | C98: TEXT | D98: N | E98: N | F98: N | H98: Packaging suppliers | I98: Procurement | J98: Occasional | K98: Text | L98: USER
A99: SUPPLIER | B99: NOTES | C99: TEXT | D99: N | E99: N | F99: N | H99: Packaging suppliers | I99: Procurement | J99: Occasional | K99: Text | L99: USER
A100: CUSTOMER | B100: CUSTOMER_ID | C100: INT | D100: Y | E100: Y | F100: N | H100: Sold-to party for commercial scenarios | I100: Sales MDM | J100: Occasional | K100: PK unique; not blank when row used | L100: USER
A101: CUSTOMER | B101: CUSTOMER_CODE | C101: TEXT | D101: Y | E101: N | F101: N | H101: Sold-to party for commercial scenarios | I101: Sales MDM | J101: Occasional | K101: Text | L101: USER
A102: CUSTOMER | B102: CUSTOMER_NAME | C102: TEXT | D102: Y | E102: N | F102: N | H102: Sold-to party for commercial scenarios | I102: Sales MDM | J102: Occasional | K102: Text | L102: USER
A103: CUSTOMER | B103: COUNTRY_ID | C103: INT | D103: N | E103: N | F103: Y | G103: LKP_COUNTRY | H103: Sold-to party for commercial scenarios | I103: Sales MDM | J103: Occasional | K103: Lookup list → LKP_COUNTRY | L103: USER
A104: CUSTOMER | B104: STATUS_ID | C104: INT | D104: Y | E104: N | F104: Y | G104: LKP_STATUS | H104: Sold-to party for commercial scenarios | I104: Sales MDM | J104: Occasional | K104: Lookup list → LKP_STATUS | L104: USER
A105: CUSTOMER | B105: EXTERNAL_REF | C105: TEXT | D105: N | E105: N | F105: N | H105: Sold-to party for commercial scenarios | I105: Sales MDM | J105: Occasional | K105: Text | L105: USER
A106: CUSTOMER | B106: NOTES | C106: TEXT | D106: N | E106: N | F106: N | H106: Sold-to party for commercial scenarios | I106: Sales MDM | J106: Occasional | K106: Text | L106: USER
A107: PLANT | B107: PLANT_ID | C107: INT | D107: Y | E107: Y | F107: N | H107: Ship-from / producing location | I107: Operations MDM | J107: Rare | K107: PK unique; not blank when row used | L107: USER
A108: PLANT | B108: PLANT_CODE | C108: TEXT | D108: Y | E108: N | F108: N | H108: Ship-from / producing location | I108: Operations MDM | J108: Rare | K108: Text | L108: USER
A109: PLANT | B109: PLANT_NAME | C109: TEXT | D109: Y | E109: N | F109: N | H109: Ship-from / producing location | I109: Operations MDM | J109: Rare | K109: Text | L109: USER
A110: PLANT | B110: LEGAL_ENTITY_ID | C110: INT | D110: Y | E110: N | F110: Y | G110: LEGAL_ENTITY | H110: Ship-from / producing location | I110: Operations MDM | J110: Rare | K110: FK → LEGAL_ENTITY (Python QA; no huge dropdown) | L110: USER
A111: PLANT | B111: COUNTRY_ID | C111: INT | D111: Y | E111: N | F111: Y | G111: LKP_COUNTRY | H111: Ship-from / producing location | I111: Operations MDM | J111: Rare | K111: Lookup list → LKP_COUNTRY | L111: USER
A112: PLANT | B112: STATUS_ID | C112: INT | D112: Y | E112: N | F112: Y | G112: LKP_STATUS | H112: Ship-from / producing location | I112: Operations MDM | J112: Rare | K112: Lookup list → LKP_STATUS | L112: USER
A113: PLANT | B113: EXTERNAL_REF | C113: TEXT | D113: N | E113: N | F113: N | H113: Ship-from / producing location | I113: Operations MDM | J113: Rare | K113: Text | L113: USER
A114: PRODUCT | B114: PRODUCT_ID | C114: INT | D114: Y | E114: Y | F114: N | H114: Battery SKU master; product net weight only | I114: Product MDM / Engineering | J114: Occasional | K114: PK unique; not blank when row used | L114: USER
A115: PRODUCT | B115: PRODUCT_CODE | C115: TEXT | D115: Y | E115: N | F115: N | H115: Battery SKU master; product net weight only | I115: Product MDM / Engineering | J115: Occasional | K115: Text | L115: USER
A116: PRODUCT | B116: PRODUCT_NAME | C116: TEXT | D116: Y | E116: N | F116: N | H116: Battery SKU master; product net weight only | I116: Product MDM / Engineering | J116: Occasional | K116: Text | L116: USER
A117: PRODUCT | B117: PRODUCT_CATEGORY_ID | C117: INT | D117: Y | E117: N | F117: Y | G117: LKP_PRODUCT_CATEGORY | H117: Battery SKU master; product net weight only | I117: Product MDM / Engineering | J117: Occasional | K117: Lookup list → LKP_PRODUCT_CATEGORY | L117: USER
A118: PRODUCT | B118: NET_WEIGHT_G | C118: DECIMAL | D118: Y | E118: N | F118: N | H118: Battery net weight, not packaging | I118: Product MDM / Engineering | J118: Occasional | K118: Decimal number | L118: USER
A119: PRODUCT | B119: LENGTH_MM | C119: DECIMAL | D119: N | E119: N | F119: N | H119: Battery SKU master; product net weight only | I119: Product MDM / Engineering | J119: Occasional | K119: Decimal number | L119: USER
A120: PRODUCT | B120: WIDTH_MM | C120: DECIMAL | D120: N | E120: N | F120: N | H120: Battery SKU master; product net weight only | I120: Product MDM / Engineering | J120: Occasional | K120: Decimal number | L120: USER
A121: PRODUCT | B121: HEIGHT_MM | C121: DECIMAL | D121: N | E121: N | F121: N | H121: Battery SKU master; product net weight only | I121: Product MDM / Engineering | J121: Occasional | K121: Decimal number | L121: USER
A122: PRODUCT | B122: STATUS_ID | C122: INT | D122: Y | E122: N | F122: Y | G122: LKP_STATUS | H122: Battery SKU master; product net weight only | I122: Product MDM / Engineering | J122: Occasional | K122: Lookup list → LKP_STATUS | L122: USER
A123: PRODUCT | B123: EFFECTIVE_FROM | C123: DATE | D123: Y | E123: N | F123: N | H123: Battery SKU master; product net weight only | I123: Product MDM / Engineering | J123: Occasional | K123: Date DD.MM.YYYY | L123: USER
A124: PRODUCT | B124: EFFECTIVE_TO | C124: DATE | D124: N | E124: N | F124: N | H124: Battery SKU master; product net weight only | I124: Product MDM / Engineering | J124: Occasional | K124: Date DD.MM.YYYY | L124: USER
A125: PRODUCT | B125: EXTERNAL_REF | C125: TEXT | D125: N | E125: N | F125: N | H125: Battery SKU master; product net weight only | I125: Product MDM / Engineering | J125: Occasional | K125: Text | L125: USER
A126: PRODUCT | B126: NOTES | C126: TEXT | D126: N | E126: N | F126: N | H126: Battery SKU master; product net weight only | I126: Product MDM / Engineering | J126: Occasional | K126: Text | L126: USER
A127: PRODUCT | B127: CREATED_AT | C127: DATETIME | D127: Y | E127: N | F127: N | H127: Battery SKU master; product net weight only | I127: Product MDM / Engineering | J127: Occasional | K127: Text | L127: SYSTEM
A128: PRODUCT | B128: UPDATED_AT | C128: DATETIME | D128: Y | E128: N | F128: N | H128: Battery SKU master; product net weight only | I128: Product MDM / Engineering | J128: Occasional | K128: Text | L128: SYSTEM
A129: COMPONENT | B129: COMPONENT_ID | C129: INT | D129: Y | E129: Y | F129: N | H129: Atomic packaging item; owns unit weight | I129: Packaging Engineering | J129: Frequent | K129: PK unique; not blank when row used | L129: USER
A130: COMPONENT | B130: COMPONENT_CODE | C130: TEXT | D130: Y | E130: N | F130: N | H130: Atomic packaging item; owns unit weight | I130: Packaging Engineering | J130: Frequent | K130: Text | L130: USER
A131: COMPONENT | B131: COMPONENT_NAME | C131: TEXT | D131: Y | E131: N | F131: N | H131: Atomic packaging item; owns unit weight | I131: Packaging Engineering | J131: Frequent | K131: Text | L131: USER
A132: COMPONENT | B132: COMPONENT_TYPE_ID | C132: INT | D132: Y | E132: N | F132: Y | G132: LKP_COMPONENT_TYPE | H132: Atomic packaging item; owns unit weight | I132: Packaging Engineering | J132: Frequent | K132: Lookup list → LKP_COMPONENT_TYPE | L132: USER
A133: COMPONENT | B133: PACKAGING_LEVEL_ID | C133: INT | D133: Y | E133: N | F133: Y | G133: LKP_PACKAGING_LEVEL | H133: Atomic packaging item; owns unit weight | I133: Packaging Engineering | J133: Frequent | K133: Lookup list → LKP_PACKAGING_LEVEL | L133: USER
A134: COMPONENT | B134: PACKAGING_FUNCTION_ID | C134: INT | D134: Y | E134: N | F134: Y | G134: LKP_PACKAGING_FUNCTION | H134: Atomic packaging item; owns unit weight | I134: Packaging Engineering | J134: Frequent | K134: Lookup list → LKP_PACKAGING_FUNCTION | L134: USER
A135: COMPONENT | B135: OWNERSHIP_TYPE_ID | C135: INT | D135: Y | E135: N | F135: Y | G135: LKP_OWNERSHIP_TYPE | H135: Atomic packaging item; owns unit weight | I135: Packaging Engineering | J135: Frequent | K135: Lookup list → LKP_OWNERSHIP_TYPE | L135: USER
A136: COMPONENT | B136: SUPPLIER_ID | C136: INT | D136: N | E136: N | F136: Y | G136: SUPPLIER | H136: Atomic packaging item; owns unit weight | I136: Packaging Engineering | J136: Frequent | K136: FK → SUPPLIER (Python QA; no huge dropdown) | L136: USER
A137: COMPONENT | B137: WEIGHT_G | C137: DECIMAL | D137: Y | E137: N | F137: N | H137: Unit weight source of truth | I137: Packaging Engineering | J137: Frequent | K137: Decimal number | L137: USER
A138: COMPONENT | B138: LENGTH_MM | C138: DECIMAL | D138: N | E138: N | F138: N | H138: Atomic packaging item; owns unit weight | I138: Packaging Engineering | J138: Frequent | K138: Decimal number | L138: USER
A139: COMPONENT | B139: WIDTH_MM | C139: DECIMAL | D139: N | E139: N | F139: N | H139: Atomic packaging item; owns unit weight | I139: Packaging Engineering | J139: Frequent | K139: Decimal number | L139: USER
A140: COMPONENT | B140: HEIGHT_MM | C140: DECIMAL | D140: N | E140: N | F140: N | H140: Atomic packaging item; owns unit weight | I140: Packaging Engineering | J140: Frequent | K140: Decimal number | L140: USER
A141: COMPONENT | B141: RECYCLED_CONTENT_PCT | C141: DECIMAL | D141: N | E141: N | F141: N | H141: Atomic packaging item; owns unit weight | I141: Packaging Engineering | J141: Frequent | K141: Decimal number | L141: USER
A142: COMPONENT | B142: RECYCLABILITY_CLASS_ID | C142: INT | D142: N | E142: N | F142: Y | G142: LKP_RECYCLABILITY_CLASS | H142: Atomic packaging item; owns unit weight | I142: Packaging Engineering | J142: Frequent | K142: Lookup list → LKP_RECYCLABILITY_CLASS | L142: USER
...

Sheet 04_IMPORT_GUIDE
A1: 04_IMPORT_GUIDE — Phase F migration order (do not import yet)
A3: Phase E does NOT import production data. Follow this order in Phase F:
A5: 1. Lookup tables (LKP_*) — already seeded in Phase E; extend codes if needed
A6: 2. Legal entities / external IDs (LEGAL_ENTITY, PERSON, SUPPLIER, CUSTOMER, PLANT)
A7: 3. Components (COMPONENT)
A8: 4. Component materials (COMPONENT_MATERIAL) — shares ≈ 100%
A9: 5. Products (PRODUCT)
A10: 6. Packaging configurations (PACKAGING_CONFIGURATION) — Golden Variant CONFIG_GROUP_CODE
A11: 7. Packaging configuration lines (PACKAGING_CONFIGURATION_LINE) — exact BOM
A12: 8. Transport configurations (+ lines)
A13: 9. Commercial scenarios (product → transport → packaging mapping)
A14: 10. Document / evidence metadata (DOCUMENT_LIBRARY, DOCUMENT_LINK, TF, DoC)
... A27: Article 5: do not auto-populate ≤100 mg/kg without evidence.

Sheet SYS_WORKBOOK_INFO
A1: INFO_KEY | B1: INFO_VALUE | C1: UPDATED_AT
A2: SCHEMA_VERSION | B2: 1.0.0 | C2: 2026-08-10T19:29:54Z
A3: WORKBOOK_NAME | B3: INCI_AKU_PPWR_PIMS_Rev00.xlsx | C3: 2026-08-10T19:29:54Z
A4: PROJECT_NAME | B4: INCI_AKU_PPWR_PIMS | C4: 2026-08-10T19:29:54Z
A5: REVISION | B5: Rev00 | C5: 2026-08-10T19:29:54Z
A6: PHASE | B6: F — Production Migration | C6: 2026-08-10T19:29:54Z
A7: PRODUCTION_DATA | B7: LOADED | C7: 2026-08-10T19:29:54Z
A8: WORD_GENERATION | B8: DISABLED | C8: 2026-08-10T19:29:54Z
A9: GENERATED_AT_UTC | B9: 2026-08-10T19:29:54Z | C9: 2026-08-10T19:29:54Z
A10: EXCEL_ENGINE | B10: openpyxl | C10: 2026-08-10T19:29:54Z
A11: CIP_CIF_NOTE | B11: CIF and CIP are distinct Incoterms; both active in LKP_INCOTERM | C11: 2026-08-10T19:29:54Z
A12: FINAL_CONFIG_COUNT | B12: 247 | C12: 247
A13: PHASE | B13: J — Application Layer + Document Registry Sync
A14: DOCUMENT_REGISTRY | B14: 988/988 LINKED

Sheet SYS_PARAMETER
A1: PARAMETER_ID | B1: PARAMETER_CODE | C1: PARAMETER_VALUE | D1: DESCRIPTION
A2: 1 | B2: WEIGHT_UOM | C2: G | D2: Mass unit for COMPONENT.WEIGHT_G
A3: 2 | B3: TRANSPORT_ALLOCATION_METHOD | C3: PER_PRODUCT_UNIT | D3: Transport-line weight allocation method
A4: 3 | B4: MATERIAL_SHARE_TOLERANCE_PCT | C4: 0.5 | D4: Allowed deviation from 100% material shares
A5: 4 | B5: ENABLE_WORD_GENERATION | C5: FALSE | D5: Document generation disabled in Phase E
A6: 5 | B6: PRODUCTION_DATA_LOADED | C6: FALSE | D6: Phase F loads production masters
A7: 6 | B7: ARTICLE5_BASIS_LABEL | C7: REV00 CURRENT EVIDENCE BASIS — ARTICLE 5 ASSESSMENT BASIS | D7: Controlled customer language — do not auto-fill numerical compliance

Sheet LKP_STATUS
A1: STATUS_ID | B1: STATUS_CODE | C1: STATUS_NAME | D1: STATUS_DOMAIN | E1: IS_EDITABLE | F1: SORT_ORDER
A2: 1 | B2: DRAFT | C2: Draft | D2: MASTER | E2: TRUE | F2: 1
A3: 2 | B3: ACTIVE | C3: Active | D3: MASTER | E3: TRUE | F3: 2
A4: 3 | B4: OBSOLETE | C4: Obsolete | D4: MASTER | E4: FALSE | F4: 3
A5: 4 | B5: CONFIRMED | C5: Confirmed | D5: SHIPMENT | E5: FALSE | F5: 4
A6: 5 | B6: CANCELLED | C6: Cancelled | D6: SHIPMENT | E6: FALSE | F6: 5
A7: 6 | B7: APPROVED_DOC | C7: Approved (Document) | D7: DOCUMENT | E7: FALSE | F7: 6
A8: 7 | B8: REVOKED | C8: Revoked | D8: DOCUMENT | E8: FALSE | F8: 7
A9: 8 | B9: APPROVED_STM | C9: Approved (Statement) | D9: STATEMENT | E9: FALSE | F9: 8

Sheet LKP_UOM
A1: UOM_ID | B1: UOM_CODE | C1: UOM_NAME | D1: UOM_DIMENSION
A2: 1 | B2: G | C2: Gram | D2: MASS
A3: 2 | B3: KG | C3: Kilogram | D3: MASS
A4: 3 | B4: MM | C4: Millimeter | D4: LENGTH
A5: 4 | B5: PCS | C5: Pieces | D5: COUNT
A6: 5 | B6: PAL | C6: Pallet | D6: COUNT
A7: 6 | B7: TEU | C7: TEU | D7: VOLUME
A8: 7 | B8: M | C8: Meter | D8: LENGTH
A9: 8 | B9: SET | C9: Set | D9: COUNT

Sheet LKP_PACKAGING_LEVEL
A1: PACKAGING_LEVEL_ID | B1: PACKAGING_LEVEL_CODE | C1: PACKAGING_LEVEL_NAME | D1: SORT_ORDER
A2: 1 | B2: PRIMARY | C2: Primary | D2: 1
A3: 2 | B3: SECONDARY | C3: Secondary | D3: 2
A4: 3 | B4: TERTIARY | C4: Tertiary | D4: 3

Sheet LKP_PACKAGING_FUNCTION
A1: PACKAGING_FUNCTION_ID | B1: PACKAGING_FUNCTION_CODE | C1: PACKAGING_FUNCTION_NAME
A2: 1 | B2: SALES | C2: Sales Packaging
A3: 2 | B3: GROUPED | C3: Grouped Packaging
A4: 3 | B4: TRANSPORT | C4: Transport Packaging

Sheet LKP_COMPONENT_TYPE
A1: COMPONENT_TYPE_ID | B1: COMPONENT_TYPE_CODE | C1: COMPONENT_TYPE_NAME | D1: DEFAULT_PACKAGING_LEVEL_ID
A2: 1 | B2: CARTON | C2: Carton | D2: 2
A3: 2 | B3: DIVIDER | C3: Divider | D3: 2
A4: 3 | B4: FILM | C4: Film | D4: 3
A5: 4 | B5: STRAP | C5: Strap | D5: 3
A6: 5 | B6: LABEL | C6: Label | D6: 1
A7: 6 | B7: PALLET | C7: Pallet | D7: 3
A8: 7 | B8: BAG | C8: Bag | D8: 1
A9: 8 | B9: CAP | C9: Cap | D9: 1
A10: 9 | B10: DUNNAGE | C10: Dunnage | D10: 3
A11: 10 | B11: AIRBAG | C11: Airbag | D11: 3
A12: 11 | B12: DESICCANT | C12: Desiccant | D12: 3
... A14: 13 | B14: LASHING | C14: Lashing | D14: 3
A15: 14 | B15: OTHER | C15: Other

Sheet LKP_MATERIAL_FAMILY
A1: MATERIAL_FAMILY_ID | B1: MATERIAL_FAMILY_CODE | C1: MATERIAL_FAMILY_NAME
A2: 1 | B2: PLASTIC | C2: Plastic
A3: 2 | B3: PAPER | C3: Paper / Board
A4: 3 | B4: WOOD | C4: Wood
A5: 4 | B5: METAL | C5: Metal
A6: 5 | B6: COMPOSITE | C6: Composite
A7: 6 | B7: OTHER | C7: Other

Sheet LKP_PPWR_MATERIAL_CATEGORY
A1: PPWR_MATERIAL_CATEGORY_ID | B1: PPWR_MATERIAL_CATEGORY_CODE | C1: PPWR_MATERIAL_CATEGORY_NAME
A2: 1 | B2: PLASTIC | C2: Plastic
A3: 2 | B3: PAPER_CARDBOARD | C3: Paper and cardboard
A4: 3 | B4: WOOD | C4: Wood
A5: 4 | B5: FERROUS | C5: Ferrous metals
A6: 5 | B6: ALUMINIUM | C6: Aluminium
A7: 6 | B7: GLASS | C7: Glass
A8: 7 | B8: OTHER | C8: Other

Sheet LKP_MATERIAL
A1: MATERIAL_ID | B1: MATERIAL_CODE | C1: MATERIAL_NAME | D1: MATERIAL_FAMILY_ID | E1: PPWR_MATERIAL_CATEGORY_ID | F1: IS_COMPOSITE | G1: NOTES
A2: 1 | B2: LDPE | C2: LDPE | D2: 1 | E2: 1 | F2: FALSE
A3: 2 | B3: HDPE | C3: HDPE | D3: 1 | E3: 1 | F3: FALSE
A4: 3 | B4: PP | C4: Polypropylene | D4: 1 | E4: 1 | F4: FALSE
A5: 4 | B5: PET | C5: PET | D5: 1 | E5: 1 | F5: FALSE
A6: 5 | B6: PAPER_BOARD | C6: Paperboard | D6: 2 | E6: 2 | F6: FALSE
A7: 6 | B7: CORRUGATED | C7: Corrugated board | D7: 2 | E7: 2 | F7: FALSE
A8: 7 | B8: WOOD | C8: Wood | D8: 3 | E8: 3 | F8: FALSE
A9: 8 | B9: STEEL | C9: Steel | D9: 4 | E9: 4 | F9: FALSE
A10: 9 | B10: ALUMINIUM | C10: Aluminium | D10: 4 | E10: 5 | F10: FALSE
A11: 10 | B11: COMPOSITE | C11: Composite | D11: 5 | E11: 7 | F11: TRUE

Sheet LKP_RECYCLABILITY_CLASS
A1: RECYCLABILITY_CLASS_ID | B1: RECYCLABILITY_CLASS_CODE | C1: RECYCLABILITY_CLASS_NAME
A2: 1 | B2: A | C2: Class A
A3: 2 | B3: B | C3: Class B
A4: 3 | B4: C | C4: Class C
A5: 4 | B5: NOT_ASSESSED | C5: Not assessed

Sheet LKP_OWNERSHIP_TYPE
A1: OWNERSHIP_TYPE_ID | B1: OWNERSHIP_TYPE_CODE | C1: OWNERSHIP_TYPE_NAME
A2: 1 | B2: DISPOSABLE | C2: Disposable
A3: 2 | B3: COMPANY_RETURNABLE | C3: Company returnable
A4: 3 | B4: CUSTOMER_RETURNABLE | C4: Customer returnable
A5: 4 | B5: POOL | C5: Pool packaging

Sheet LKP_TRANSPORT_UNIT_TYPE
A1: TRANSPORT_UNIT_TYPE_ID | B1: TRANSPORT_UNIT_TYPE_CODE | C1: TRANSPORT_UNIT_TYPE_NAME
A2: 1 | B2: PIECE_PACK | C2: Piece pack
A3: 2 | B3: PALLET | C3: Pallet
A4: 3 | B4: CONTAINER | C4: Container
A5: 4 | B5: TRUCK | C5: Truck
A6: 5 | B6: STILLAGE | C6: Stillage

Sheet LKP_LINE_ROLE
A1: LINE_ROLE_ID | B1: LINE_ROLE_CODE | C1: LINE_ROLE_NAME
A2: 1 | B2: BASE | C2: Base
A3: 2 | B3: PALLET | C3: Pallet
A4: 3 | B4: WRAP | C4: Wrap
A5: 4 | B5: CORNER | C5: Corner
A6: 5 | B6: LAYER_PAD | C6: Layer pad
A7: 6 | B7: LABEL | C7: Label
A8: 7 | B8: DUNNAGE | C8: Dunnage
A9: 8 | B9: AIRBAG | C9: Airbag
A10: 9 | B10: LINER | C10: Liner
A11: 10 | B11: LASHING | C11: Lashing
A12: 11 | B12: OUTER_CARTON | C12: Outer carton
... A19: 18 | B19: OTHER | C19: Other

Sheet LKP_PRODUCT_CATEGORY
A1: PRODUCT_CATEGORY_ID | B1: PRODUCT_CATEGORY_CODE | C1: PRODUCT_CATEGORY_NAME
A2: 1 | B2: STARTER_BATTERY | C2: Starter Battery
A3: 2 | B3: INDUSTRIAL_BATTERY | C3: Industrial Battery
A4: 3 | B4: OTHER | C4: Other

Sheet LKP_COUNTRY
A1: COUNTRY_ID | B1: ISO2 | C1: ISO3 | D1: COUNTRY_NAME | E1: IS_EU_MARKET
A2: 1 | B2: TR | C2: TUR | D2: Türkiye | E2: FALSE
A3: 2 | B3: DE | C3: DEU | D3: Germany | E3: TRUE
A4: 3 | B4: FR | C4: FRA | D4: France | E4: TRUE
A5: 4 | B5: IT | C5: ITA | D5: Italy | E5: TRUE
A6: 5 | B6: ES | C6: ESP | D6: Spain | E6: TRUE
A7: 6 | B7: NL | C7: NLD | D7: Netherlands | E7: TRUE
A8: 7 | B8: BE | C8: BEL | D8: Belgium | E8: TRUE
A9: 8 | B9: AT | C9: AUT | D9: Austria | E9: TRUE
A10: 9 | B10: PL | C10: POL | D10: Poland | E10: TRUE
A11: 10 | B11: GB | C11: GBR | D11: United Kingdom | E11: FALSE

Sheet LKP_TRANSPORT_MODE
A1: TRANSPORT_MODE_ID | B1: TRANSPORT_MODE_CODE | C1: TRANSPORT_MODE_NAME
A2: 1 | B2: ROAD | C2: Road
A3: 2 | B3: SEA | C3: Sea
A4: 3 | B4: AIR | C4: Air
A5: 4 | B5: RAIL | C5: Rail
A6: 5 | B6: MULTI | C6: Multimodal

Sheet LKP_INCOTERM
A1: INCOTERM_ID | B1: INCOTERM_CODE | C1: INCOTERM_NAME
A2: 1 | B2: EXW | C2: Ex Works
A3: 2 | B3: FCA | C3: Free Carrier
A4: 3 | B4: FAS | C4: Free Alongside Ship
A5: 4 | B5: FOB | C5: Free On Board
A6: 5 | B6: CFR | C6: Cost and Freight
A7: 6 | B7: CIF | C7: Cost Insurance and Freight
A8: 7 | B8: CPT | C8: Carriage Paid To
A9: 8 | B9: CIP | C9: Carriage and Insurance Paid To
A10: 9 | B10: DAP | C10: Delivered At Place
A11: 10 | B11: DPU | C11: Delivered at Place Unloaded
A12: 11 | B12: DDP | C12: Delivered Duty Paid

Sheet LKP_STATEMENT_TYPE
A1: STATEMENT_TYPE_ID | B1: STATEMENT_TYPE_CODE | C1: STATEMENT_TYPE_NAME
A2: 1 | B2: ANNUAL_MARKET | C2: Annual market statement
A3: 2 | B3: QUARTERLY | C3: Quarterly statement
A4: 3 | B4: INTERNAL_AUDIT | C4: Internal audit

Sheet LKP_DOCUMENT_TYPE
A1: DOCUMENT_TYPE_ID | B1: DOCUMENT_TYPE_CODE | C1: DOCUMENT_TYPE_NAME
A2: 1 | B2: TECH_FILE | C2: Technical File
A3: 2 | B3: TEST_REPORT | C3: Test Report
A4: 3 | B4: SPEC | C4: Technical Specification
A5: 4 | B5: DOC_PDF | C5: Declaration PDF
A6: 5 | B6: CERTIFICATE | C6: Certificate
A7: 6 | B7: DRAWING | C7: Drawing
A8: 7 | B8: PHOTO | C8: Photograph
A9: 8 | B9: ARTWORK | C9: Artwork
A10: 9 | B10: EVIDENCE | C10: Evidence
A11: 10 | B11: SUPPLIER_DECLARATION | C11: Supplier Declaration
A12: 11 | B12: LABEL | C12: Label
... A14: 13 | B14: OTHER | C14: Other

Sheet LKP_SCENARIO_TYPE
A1: SCENARIO_TYPE_ID | B1: SCENARIO_TYPE_CODE | C1: SCENARIO_TYPE_NAME
A2: 1 | B2: ENGINEERING_DEFAULT | C2: Engineering default
A3: 2 | B3: CUSTOMER | C3: Customer scenario
A4: 3 | B4: EXPORT | C4: Export scenario
A5: 4 | B5: INTERNAL | C5: Internal
A6: 5 | B6: SAMPLE | C6: Sample

Sheet LEGAL_ENTITY
A1: LEGAL_ENTITY_ID | B1: LEGAL_ENTITY_CODE | C1: LEGAL_ENTITY_NAME | D1: COUNTRY_ID | E1: STATUS_ID | F1: NOTES
A2: 1 | B2: INCI_AKU | C2: İnci Akü Sanayi ve Ticaret A.Ş. | D2: 1 | E2: 2 | F2: Platform manufacturer seed — Phase F

Sheet PERSON
A1: PERSON_ID | B1: PERSON_CODE | C1: FULL_NAME | D1: EMAIL | E1: JOB_TITLE | F1: STATUS_ID
A2: 1 | B2: P-COMPLIANCE | C2: PPWR Compliance Officer | D2: compliance@inciaku.com | E2: Compliance Officer | F2: 2

Sheet SUPPLIER
A1: SUPPLIER_ID | B1: SUPPLIER_CODE | C1: SUPPLIER_NAME | D1: COUNTRY_ID | E1: STATUS_ID | F1: EXTERNAL_REF | G1: NOTES

Sheet CUSTOMER
A1: CUSTOMER_ID | B1: CUSTOMER_CODE | C1: CUSTOMER_NAME | D1: COUNTRY_ID | E1: STATUS_ID | F1: EXTERNAL_REF | G1: NOTES

Sheet PLANT
A1: PLANT_ID | B1: PLANT_CODE | C1: PLANT_NAME | D1: LEGAL_ENTITY_ID | E1: COUNTRY_ID | F1: STATUS_ID | G1: EXTERNAL_REF
A2: 1 | B2: MANISA | C2: Manisa Plant | D2: 1 | E2: 1 | F2: 2 | G2: PLANT-01

Sheet PRODUCT
A1: PRODUCT_ID | B1: PRODUCT_CODE | C1: PRODUCT_NAME | D1: PRODUCT_CATEGORY_ID | E1: NET_WEIGHT_G | F1: LENGTH_MM | G1: WIDTH_MM | H1: HEIGHT_MM | I1: STATUS_ID | J1: EFFECTIVE_FROM | K1: EFFECTIVE_TO | L1: EXTERNAL_REF | M1: NOTES | N1: CREATED_AT | O1: UPDATED_AT
A2: 1 | B2: 1000069 | C2: AKÜ,C-FLAT,DK,200AH,İNCİ SUPRA SENTOR | D2: 1 | E2: 0 | I2: 2 | J2: 2026-08-08 | L2: 1000069 | M2: STATUS=IN OEM / EU PACKAGE; SOURCE_CFG=IA-ST-CFG-0023; MARKET=None | N2: 2026-08-10T19:29:54Z | O2: 2026-08-10T19:29:54Z
A3: 2 | B3: 1000441 | C3: AKÜ,A-FLAT,DK,120AH,EAS PRIDE,İÇ PYS | D3: 1 | E3: 0 | I3: 2 | J3: 2026-08-08 | L3: 1000441 | M3: STATUS=IN OEM / EU PACKAGE; SOURCE_CFG=IA-ST-CFG-0054; MARKET=YURT İÇİ AFM | N3: 2026-08-10T19:29:54Z | O3: 2026-08-10T19:29:54Z
A4: 3 | B4: 1000442 | C4: AKÜ,A-FLAT,DK,135AH,EAS PRIDE,İÇ PYS | D4: 1 | E4: 0 | I4: 2 | J4: 2026-08-08 | L4: 1000442 | M4: STATUS=IN OEM / EU PACKAGE; SOURCE_CFG=IA-ST-CFG-0054; MARKET=YURT İÇİ AFM | N4: 2026-08-10T19:29:54Z | O4: 2026-08-10T19:29:54Z
A5: 4 | B5: 1000445 | C5: AKÜ,B-FLAT,DK,180AH,EAS PRIDE,İÇ PYS | D5: 1 | E5: 0 | I5: 2 | J5: 2026-08-08 | L5: 1000445 | M5: STATUS=IN OEM / EU PACKAGE; SOURCE_CFG=IA-ST-CFG-0055; MARKET=YURT İÇİ AFM | N5: 2026-08-10T19:29:54Z | O5: 2026-08-10T19:29:54Z
A6: 5 | B6: 1000448 | C6: AKÜ,C-FLAT,DK,200AH,EAS PRIDE,İÇ PYS | D6: 1 | E6: 0 | I6: 2 | J6: 2026-08-08 | L6: 1000448 | M6: STATUS=IN OEM / EU PACKAGE; SOURCE_CFG=IA-ST-CFG-0024; MARKET=YURT İÇİ AFM | N6: 2026-08-10T19:29:54Z | O6: 2026-08-10T19:29:54Z
A7: 6 | B7: 1000890 | C7: AKÜ,A-FLAT,DK,120AH,İNCİ SUPRA SENTOR | D7: 1 | E7: 0 | I7: 2 | J7: 2026-08-08 | L7: 1000890 | M7: STATUS=IN OEM / EU PACKAGE; SOURCE_CFG=IA-ST-CFG-0051; MARKET=None | N7: 2026-08-10T19:29:54Z | O7: 2026-08-10T19:29:54Z
A8: 7 | B8: 1001102 | C8: AKÜ,C-FLAT,DK,225AH,EAS PRIDE,İÇ PYS | D8: 1 | E8: 0 | I8: 2 | J8: 2026-08-08 | L8: 1001102 | M8: STATUS=IN OEM / EU PACKAGE; SOURCE_CFG=IA-ST-CFG-0024; MARKET=YURT İÇİ AFM | N8: 2026-08-10T19:29:54Z | O8: 2026-08-10T19:29:54Z
A9: 8 | B9: 1002103 | C9: AKÜ,TRAKTÖRL,DK,115AH,EAS PRIDE,İÇ PYS | D9: 1 | E9: 0 | I9: 2 | J9: 2026-08-08 | L9: 1002103 | M9: STATUS=IN OEM / EU PACKAGE; SOURCE_CFG=IA-ST-CFG-0097; MARKET=YURT İÇİ AFM | N9: 2026-08-10T19:29:54Z | O9: 2026-08-10T19:29:54Z
A10: 9 | B10: 1002104 | C10: AKÜ,TRAKTÖR,DK,125AH,EAS PRIDE,İÇ PYS | D10: 1 | E10: 0 | I10: 2 | J10: 2026-08-08 | L10: 1002104 | M10: STATUS=IN OEM / EU PACKAGE; SOURCE_CFG=IA-ST-CFG-0097; MARKET=YURT İÇİ AFM | N10: 2026-08-10T19:29:54Z | O10: 2026-08-10T19:29:54Z
A11: 10 | B11: 1002216 | C11: AKÜ,B-FLAT,DK,180AH,İNCİ SUPRA,EEC MISIR | D11: 1 | E11: 0 | I11: 2 | J11: 2026-08-08 | L11: 1002216 | M11: STATUS=IN OEM / EU PACKAGE; SOURCE_CFG=IA-ST-CFG-0052; MARKET=MISIR EEC | N11: 2026-08-10T19:29:54Z | O11: 2026-08-10T19:29:54Z
A12: 11 | B12: 1002422 | C12: AKÜ,B-FLAT,DK,170AH,HUGEL ACTION | D12: 1 | E12: 0 | I12: 2 | J12: 2026-08-08 | L12: 1002422 | M12: STATUS=IN OEM / EU PACKAGE; SOURCE_CFG=IA-ST-CFG-0052; MARKET=None | N12: 2026-08-10T19:29:54Z | O12: 2026-08-10T19:29:54Z
A13: 12 | B13: 1002873 | C13: AKÜ,A-FLAT,DK,135AH,HUGEL ACTION | D13: 1 | E13: 0 | I13: 2 | J13: 2026-08-08 | L13: 1002873 | M13: STATUS=IN OEM / EU PACKAGE; SOURCE_CFG=IA-ST-CFG-0051; MARKET=None | N13: 2026-08-10T19:29:54Z | O13: 2026-08-10T19:29:54Z
... A2047: 2046 | B2047: 1015327 | C2047: AKÜ,C-IGYA,DK,250AH,BLIZZ.GOLDLINE,MISIR | D2047: 1 | E2047: 0 | I2047: 2 | J2047: 2026-08-08 | L2047: 1015327 | M2047: STATUS=IN OEM / EU PACKAGE; SOURCE_CFG=IA-ST-CFG-0023; MARKET=MISIR AL AMAN | N2047: 2026-08-10T19:29:54Z | O2047: 2026-08-10T19:29:54Z

Sheet COMPONENT
A1: COMPONENT_ID | B1: COMPONENT_CODE | C1: COMPONENT_NAME | D1: COMPONENT_TYPE_ID | E1: PACKAGING_LEVEL_ID | F1: PACKAGING_FUNCTION_ID | G1: OWNERSHIP_TYPE_ID | H1: SUPPLIER_ID | I1: WEIGHT_G | J1: LENGTH_MM | K1: WIDTH_MM | L1: HEIGHT_MM | M1: RECYCLED_CONTENT_PCT | N1: RECYCLABILITY_CLASS_ID | O1: REUSE_CYCLE_TARGET | P1: SPEC_REF | Q1: STATUS_ID | R1: EFFECTIVE_FROM | S1: EFFECTIVE_TO | T1: EXTERNAL_REF | U1: NOTES | V1: CREATED_AT | W1: UPDATED_AT
A2: 1 | B2: 3503036 | C2: END OTO DOLUM SAF SU BIDONU 25L | D2: 14 | E2: 3 | F2: 3 | G2: 1 | I2: 1140 | Q2: 2 | R2: 2026-08-08 | T2: 3503036 | U2: SOURCE_ERP=3503036 | SRC=Endüstriyel Ambalaj Miktarı Çalışması(5).xlsx | V2: 2026-08-10T19:29:54Z | W2: 2026-08-10T19:29:54Z
A3: 2 | B3: 3506099 | C3: END OTO DOLUM SAF SU BIDONU 20L | D3: 14 | E3: 3 | F3: 3 | G3: 1 | I3: 1140 | Q3: 2 | R3: 2026-08-08 | T3: 3506099 | U3: SOURCE_ERP=3506099 | SRC=Endüstriyel Ambalaj Miktarı Çalışması(5).xlsx | V3: 2026-08-10T19:29:54Z | W3: 2026-08-10T19:29:54Z
A4: 3 | B4: 4000033 | C4: KARTON KÖŞEBENT,4cm*4cm*4*100cm,SEVPLT | D4: 14 | E4: 3 | F4: 3 | G4: 1 | I4: 210 | Q4: 2 | R4: 2026-08-08 | T4: 4000033 | U4: SOURCE_ERP=4000033 | SRC=Mamul Ambalaj Bileşen Listesi-30.07.2026(3).xlsx | V4: 2026-08-10T19:29:54Z | W4: 2026-08-10T19:29:54Z
A5: 4 | B5: 4000035 | C5: STRECH,23MC,50CM*300M | D5: 14 | E5: 3 | F5: 3 | G5: 1 | I5: 14.85 | Q5: 2 | R5: 2026-08-08 | T5: 4000035 | U5: SOURCE_ERP=4000035 | SRC=Endüstriyel Ambalaj Miktarı Çalışması(5).xlsx | V5: 2026-08-10T19:29:54Z | W5: 2026-08-10T19:29:54Z
A6: 5 | B6: 4000037 | C6: PALET STANDART,1030*1110*152 | D6: 14 | E6: 3 | F6: 3 | G6: 1 | I6: 26000 | Q6: 2 | R6: 2026-08-08 | T6: 4000037 | U6: SOURCE_ERP=4000037 | SRC=Mamul Ambalaj Bileşen Listesi-30.07.2026(3).xlsx | V6: 2026-08-10T19:29:54Z | W6: 2026-08-10T19:29:54Z
A7: 6 | B7: 4000038 | C7: PALET EURO,800*1200*152 | D7: 14 | E7: 3 | F7: 3 | G7: 1 | I7: 26000 | Q7: 2 | R7: 2026-08-08 | T7: 4000038 | U7: SOURCE_ERP=4000038 | SRC=Mamul Ambalaj Bileşen Listesi-30.07.2026(3).xlsx | V7: 2026-08-10T19:29:54Z | W7: 2026-08-10T19:29:54Z
A8: 7 | B8: 4000130 | C8: KARTON SEPERATÖR,102*105,B DALGA | D8: 14 | E8: 3 | F8: 3 | G8: 1 | I8: 270 | Q8: 2 | R8: 2026-08-08 | T8: 4000130 | U8: SOURCE_ERP=4000130 | ALIASES=Karton Seperatör | SRC=Mamul Ambalaj Bileşen Listesi-30.07.2026(3).xlsx | V8: 2026-08-10T19:29:54Z | W8: 2026-08-10T19:29:54Z
A9: 8 | B9: 4000300 | C9: STRECH,23MC,50CM*1500M,MAKİNA STRECH | D9: 14 | E9: 3 | F9: 3 | G9: 1 | I9: 18.32 | Q9: 2 | R9: 2026-08-08 | T9: 4000300 | U9: SOURCE_ERP=4000300 | SRC=Mamul Ambalaj Bileşen Listesi-30.07.2026(3).xlsx | V9: 2026-08-10T19:29:54Z | W9: 2026-08-10T19:29:54Z
A10: 9 | B10: 4000301 | C10: STRECH PED,80MC,140CM*170CM | D10: 14 | E10: 3 | F10: 3 | G10: 1 | I10: 1000 | Q10: 2 | R10: 2026-08-08 | T10: 4000301 | U10: SOURCE_ERP=4000301 | SRC=Mamul Ambalaj Bileşen Listesi-30.07.2026(3).xlsx | V10: 2026-08-10T19:29:54Z | W10: 2026-08-10T19:29:54Z
A11: 10 | B11: 4000350 | C11: PALET STANDART 100*90 CM | D11: 14 | E11: 3 | F11: 3 | G11: 1 | I11: 20000 | Q11: 2 | R11: 2026-08-08 | T11: 4000350 | U11: SOURCE_ERP=4000350 | SRC=Mamul Ambalaj Bileşen Listesi-30.07.2026(3).xlsx | V11: 2026-08-10T19:29:54Z | W11: 2026-08-10T19:29:54Z
A12: 11 | B12: 4000370 | C12: STRAFOR,1050*1000*40,TABAKA,STANDART | D12: 14 | E12: 3 | F12: 3 | G12: 1 | I12: 104 | Q12: 2 | R12: 2026-08-08 | T12: 4000370 | U12: SOURCE_ERP=4000370 | SRC=Mamul Ambalaj Bileşen Listesi-30.07.2026(3).xlsx | V12: 2026-08-10T19:29:54Z | W12: 2026-08-10T19:29:54Z
A13: 12 | B13: 4000440 | C13: D26,VAKUM PVC,ÜST KAPAK | D13: 14 | E13: 3 | F13: 3 | G13: 1 | I13: 64 | Q13: 2 | R13: 2026-08-08 | T13: 4000440 | U13: SOURCE_ERP=4000440 | SRC=Mamul Ambalaj Bileşen Listesi-30.07.2026(3).xlsx | V13: 2026-08-10T19:29:54Z | W13: 2026-08-10T19:29:54Z
... A113: 112 | B113: IND-LABELS | C113: Tüm Etiketler | D113: 14 | E113: 3 | F113: 3 | G113: 1 | I113: 5 | Q113: 2 | R113: 2026-08-08 | T113: IND-LABELS | U113: SOURCE_ERP=IND-LABELS | SRC=Endüstriyel Ambalaj Miktarı Çalışması(5).xlsx | V113: 2026-08-10T19:29:54Z | W113: 2026-08-10T19:29:54Z

Sheet COMPONENT_MATERIAL
A1: COMPONENT_MATERIAL_ID | B1: COMPONENT_ID | C1: MATERIAL_ID | D1: SHARE_PCT | E1: SORT_ORDER | F1: NOTES
A2: 1 | B2: 3 | C2: 5 | D2: 100 | E2: 1 | F2: Family-level only from Level-2 (Paper/Cardboard); not invented grade
A3: 2 | B3: 4 | C3: 1 | D3: 100 | E3: 1 | F3: Family-level only from Level-2 (Plastic - polymer family); not invented grade
A4: 3 | B4: 5 | C4: 7 | D4: 100 | E4: 1 | F4: Family-level only from Level-2 (Wood); not invented grade
A5: 4 | B5: 6 | C5: 7 | D5: 100 | E5: 1 | F5: Family-level only from Level-2 (Wood); not invented grade
A6: 5 | B6: 7 | C6: 5 | D6: 100 | E6: 1 | F6: Family-level only from Level-2 (Paper/Cardboard); not invented grade
A7: 6 | B7: 8 | C7: 1 | D7: 100 | E7: 1 | F7: Family-level only from Level-2 (Plastic - polymer family); not invented grade
A8: 7 | B8: 9 | C8: 1 | D8: 100 | E8: 1 | F8: Family-level only from Level-2 (Plastic - polymer family); not invented grade
A9: 8 | B9: 10 | C9: 7 | D9: 100 | E9: 1 | F9: Family-level only from Level-2 (Wood); not invented grade
A10: 9 | B10: 11 | C10: 1 | D10: 100 | E10: 1 | F10: Family-level only from Level-2 (Plastic - EPS); not invented grade
A11: 10 | B11: 12 | C11: 1 | D11: 100 | E11: 1 | F11: Family-level only from Level-2 (Plastic - polymer family); not invented grade
A12: 11 | B12: 13 | C12: 1 | D12: 100 | E12: 1 | F12: Family-level only from Level-2 (Plastic/metal strap - material controlled source classification); not invented grade
A13: 12 | B13: 14 | C13: 1 | D13: 100 | E13: 1 | F13: Family-level only from Level-2 (Plastic - polymer family); not invented grade
... A52: 51 | B52: 110 | C52: 7 | D52: 100 | E52: 1 | F52: Family-level only from Level-2 (Wood); not invented grade

Sheet PACKAGING_CONFIGURATION
A1: PACKAGING_CONFIGURATION_ID | B1: CONFIG_GROUP_CODE | C1: REVISION_NO | D1: PACKAGING_CONFIGURATION_NAME | E1: DESCRIPTION | F1: SUPERSEDES_ID | G1: STATUS_ID | H1: EFFECTIVE_FROM | I1: EFFECTIVE_TO | J1: NOTES | K1: CREATED_AT | L1: UPDATED_AT
A2: 1 | B2: ST-012-EUR-01 | C2: 0 | D2: Starter 12-unit | Euro Pallet 800×1200×152 mm | Variant 01 | E2: TR: C | Palet (4000038): 1 adet | Köşebent (4000590): 4 adet | EN: C | Pallet (4000038): 1 pc | Edge protector (4000590): 4 pcs | G2: 2 | H2: 2026-08-08 | J2: FINAL_CONFIGURATION_ID=IA-ST-012-EUR-01;SOURCE_CONFIGURATION_ID=IA-ST-CFG-0004;FAMILY=STARTER;PACKAGING_MASS_KG=29.326;EVIDENCE_BASIS=REV00 CURRENT EVIDENCE BASIS — ARTICLE 5 ASSESSMENT BASIS;SOURCE_REF=INCI_AKU_PPWR_Final_Configuration_Register_Rev00_GOLDEN_VARIANTS_FINAL.xlsx!01_FINAL_CONFIG_MASTER!R2 | K2: 2026-08-10T19:29:54Z | L2: 2026-08-10T19:29:54Z
A3: 2 | B3: ST-012-EUR-02 | C3: 0 | D3: Starter 12-unit | Euro Pallet 800×1200×152 mm | Variant 02 | E3: TR: L6 | Palet (4000038): 1 adet | Köşebent (4000590): 4 adet | EN: L6 | Pallet (4000038): 1 pc | Edge protector (4000590): 4 pcs | G3: 2 | H3: 2026-08-08 | J3: FINAL_CONFIGURATION_ID=IA-ST-012-EUR-02;SOURCE_CONFIGURATION_ID=IA-ST-CFG-0005;FAMILY=STARTER;PACKAGING_MASS_KG=27.526;EVIDENCE_BASIS=REV00 CURRENT EVIDENCE BASIS — ARTICLE 5 ASSESSMENT BASIS;SOURCE_REF=INCI_AKU_PPWR_Final_Configuration_Register_Rev00_GOLDEN_VARIANTS_FINAL.xlsx!01_FINAL_CONFIG_MASTER!R3 | K3: 2026-08-10T19:29:54Z | L3: 2026-08-10T19:29:54Z
A4: 3 | B4: ST-012-EUR-03 | C4: 0 | D4: Starter 12-unit | Euro Pallet 800×1200×152 mm | Variant 03 | E4: TR: C | Palet (4000038): 1 adet | Köşebent (4000590): 2 adet | EN: C | Pallet (4000038): 1 pc | Edge protector (4000590): 2 pcs | G4: 2 | H4: 2026-08-08 | J4: FINAL_CONFIGURATION_ID=IA-ST-012-EUR-03;SOURCE_CONFIGURATION_ID=IA-ST-CFG-0006;FAMILY=STARTER;PACKAGING_MASS_KG=29.0392;EVIDENCE_BASIS=REV00 CURRENT EVIDENCE BASIS — ARTICLE 5 ASSESSMENT BASIS;SOURCE_REF=INCI_AKU_PPWR_Final_Configuration_Register_Rev00_GOLDEN_VARIANTS_FINAL.xlsx!01_FINAL_CONFIG_MASTER!R4 | K4: 2026-08-10T19:29:54Z | L4: 2026-08-10T19:29:54Z
A5: 4 | B5: ST-018-EUR-01 | C5: 0 | D5: Starter 18-unit | Euro Pallet 800×1200×152 mm | Variant 01 | E5: TR: C | Palet (4000038): 1 adet | Köşebent (4001160): 4 adet | EN: C | Pallet (4000038): 1 pc | Edge protector (4001160): 4 pcs | G5: 2 | H5: 2026-08-08 | J5: FINAL_CONFIGURATION_ID=IA-ST-018-EUR-01;SOURCE_CONFIGURATION_ID=IA-ST-CFG-0012;FAMILY=STARTER;PACKAGING_MASS_KG=32.434;EVIDENCE_BASIS=REV00 CURRENT EVIDENCE BASIS — ARTICLE 5 ASSESSMENT BASIS;SOURCE_REF=INCI_AKU_PPWR_Final_Configuration_Register_Rev00_GOLDEN_VARIANTS_FINAL.xlsx!01_FINAL_CONFIG_MASTER!R5 | K5: 2026-08-10T19:29:54Z | L5: 2026-08-10T19:29:54Z
A6: 5 | B6: ST-018-EUR-02 | C6: 0 | D6: Starter 18-unit | Euro Pallet 800×1200×152 mm | Variant 02 | E6: TR: C | Palet (4000038): 1 adet | Köşebent (4000590): 4 adet | EN: C | Pallet (4000038): 1 pc | Edge protector (4000590): 4 pcs | G6: 2 | H6: 2026-08-08 | J6: FINAL_CONFIGURATION_ID=IA-ST-018-EUR-02;SOURCE_CONFIGURATION_ID=IA-ST-CFG-0013;FAMILY=STARTER;PACKAGING_MASS_KG=30.194;EVIDENCE_BASIS=REV00 CURRENT EVIDENCE BASIS — ARTICLE 5 ASSESSMENT BASIS;SOURCE_REF=INCI_AKU_PPWR_Final_Configuration_Register_Rev00_GOLDEN_VARIANTS_FINAL.xlsx!01_FINAL_CONFIG_MASTER!R6 | K6: 2026-08-10T19:29:54Z | L6: 2026-08-10T19:29:54Z
A7: 6 | B7: ST-018-EUR-03 | C7: 0 | D7: Starter 18-unit | Euro Pallet 800×1200×152 mm | Variant 03 | E7: TR: C | Palet (4000038): 1 adet | Shrink film (4000557): 1.08 kg | Köşebent (4000590): 2 adet | EN: C | Pallet (4000038): 1 pc | Shrink film (4000557): 1.08 kg | Edge protector (4000590): 2 pcs | G7: 2 | H7: 2026-08-08 | J7: FINAL_CONFIGURATION_ID=IA-ST-018-EUR-03;SOURCE_CONFIGURATION_ID=IA-ST-CFG-0014;FAMILY=STARTER;PACKAGING_MASS_KG=30.9872;EVIDENCE_BASIS=REV00 CURRENT EVIDENCE BASIS — ARTICLE 5 ASSESSMENT BASIS;SOURCE_REF=INCI_AKU_PPWR_Final_Configuration_Register_Rev00_GOLDEN_VARIANTS_FINAL.xlsx!01_FINAL_CONFIG_MASTER!R7 | K7: 2026-08-10T19:29:54Z | L7: 2026-08-10T19:29:54Z
A8: 7 | B8: ST-018-EUR-04 | C8: 0 | D8: Starter 18-unit | Euro Pallet 800×1200×152 mm | Variant 04 | E8: TR: C | Palet (4000038): 1 adet | Honeycomb (4001186): 3 adet | EN: C | Pallet (4000038): 1 pc | Honeycomb (4001186): 3 pcs | G8: 2 | H8: 2026-08-08 | J8: FINAL_CONFIGURATION_ID=IA-ST-018-EUR-04;SOURCE_CONFIGURATION_ID=IA-ST-CFG-0015;FAMILY=STARTER;PACKAGING_MASS_KG=30.0392;EVIDENCE_BASIS=REV00 CURRENT EVIDENCE BASIS — ARTICLE 5 ASSESSMENT BASIS;SOURCE_REF=INCI_AKU_PPWR_Final_Configuration_Register_Rev00_GOLDEN_VARIANTS_FINAL.xlsx!01_FINAL_CONFIG_MASTER!R8 | K8: 2026-08-10T19:29:54Z | L8: 2026-08-10T19:29:54Z
A9: 8 | B9: ST-018-EUR-05 | C9: 0 | D9: Starter 18-unit | Euro Pallet 800×1200×152 mm | Variant 05 | E9: TR: C | Palet (4000038): 1 adet | Çember (4000450): kullanılmaz | EN: C | Pallet (4000038): 1 pc | Strap (4000450): not used | G9: 2 | H9: 2026-08-08 | J9: FINAL_CONFIGURATION_ID=IA-ST-018-EUR-05;SOURCE_CONFIGURATION_ID=IA-ST-CFG-0016;FAMILY=STARTER;PACKAGING_MASS_KG=30.7004;EVIDENCE_BASIS=REV00 CURRENT EVIDENCE BASIS — ARTICLE 5 ASSESSMENT BASIS;SOURCE_REF=INCI_AKU_PPWR_Final_Configuration_Register_Rev00_GOLDEN_VARIANTS_FINAL.xlsx!01_FINAL_CONFIG_MASTER!R9 | K9: 2026-08-10T19:29:54Z | L9: 2026-08-10T19:29:54Z
A10: 9 | B10: ST-021-EUR-01 | C10: 0 | D10: Starter 21-unit | Euro Pallet 800×1200×152 mm | Variant 01 | E10: TR: B | B TİPİ PVC üst kapak (4000591): 21 adet | EN: B | B TİPİ PVC upper cover (4000591): 21 pcs | G10: 2 | H10: 2026-08-08 | J10: FINAL_CONFIGURATION_ID=IA-ST-021-EUR-01;SOURCE_CONFIGURATION_ID=IA-ST-CFG-0027;FAMILY=STARTER;PACKAGING_MASS_KG=32.37481;EVIDENCE_BASIS=REV00 CURRENT EVIDENCE BASIS — ARTICLE 5 ASSESSMENT BASIS;SOURCE_REF=INCI_AKU_PPWR_Final_Configuration_Register_Rev00_GOLDEN_VARIANTS_FINAL.xlsx!01_FINAL_CONFIG_MASTER!R10 | K10: 2026-08-10T19:29:54Z | L10: 2026-08-10T19:29:54Z
A11: 10 | B11: ST-021-EUR-02 | C11: 0 | D11: Starter 21-unit | Euro Pallet 800×1200×152 mm | Variant 02 | E11: TR: B | Palet (4000038): 1 adet | Köşebent (4000590): 4 adet | EN: B | Pallet (4000038): 1 pc | Edge protector (4000590): 4 pcs | G11: 2 | H11: 2026-08-08 | J11: FINAL_CONFIGURATION_ID=IA-ST-021-EUR-02;SOURCE_CONFIGURATION_ID=IA-ST-CFG-0028;FAMILY=STARTER;PACKAGING_MASS_KG=29.9;EVIDENCE_BASIS=REV00 CURRENT EVIDENCE BASIS — ARTICLE 5 ASSESSMENT BASIS;SOURCE_REF=INCI_AKU_PPWR_Final_Configuration_Register_Rev00_GOLDEN_VARIANTS_FINAL.xlsx!01_FINAL_CONFIG_MASTER!R11 | K11: 2026-08-10T19:29:54Z | L11: 2026-08-10T19:29:54Z
A12: 11 | B12: ST-021-EUR-03 | C12: 0 | D12: Starter 21-unit | Euro Pallet 800×1200×152 mm | Variant 03 | E12: TR: B | Palet (4000038): 1 adet | Shrink film (4000557): 1.155 kg | EPS (4001290): 21 adet | EN: B | Pallet (4000038): 1 pc | Shrink film (4000557): 1.155 kg | EPS (4001290): 21 pcs | G12: 2 | H12: 2026-08-08 | J12: FINAL_CONFIGURATION_ID=IA-ST-021-EUR-03;SOURCE_CONFIGURATION_ID=IA-ST-CFG-0029;FAMILY=STARTER;PACKAGING_MASS_KG=30.7682;EVIDENCE_BASIS=REV00 CURRENT EVIDENCE BASIS — ARTICLE 5 ASSESSMENT BASIS;SOURCE_REF=INCI_AKU_PPWR_Final_Configuration_Register_Rev00_GOLDEN_VARIANTS_FINAL.xlsx!01_FINAL_CONFIG_MASTER!R12 | K12: 2026-08-10T19:29:54Z | L12: 2026-08-10T19:29:54Z
A13: 12 | B13: ST-021-EUR-04 | C13: 0 | D13: Starter 21-unit | Euro Pallet 800×1200×152 mm | Variant 04 | E13: TR: B | Palet (4000038): 1 adet | Honeycomb (4001186): 3 adet | EN: B | Pallet (4000038): 1 pc | Honeycomb (4001186): 3 pcs | G13: 2 | H13: 2026-08-08 | J13: FINAL_CONFIGURATION_ID=IA-ST-021-EUR-04;SOURCE_CONFIGURATION_ID=IA-ST-CFG-0030;FAMILY=STARTER;PACKAGING_MASS_KG=30.0392;EVIDENCE_BASIS=REV00 CURRENT EVIDENCE BASIS — ARTICLE 5 ASSESSMENT BASIS;SOURCE_REF=INCI_AKU_PPWR_Final_Configuration_Register_Rev00_GOLDEN_VARIANTS_FINAL.xlsx!01_FINAL_CONFIG_MASTER!R13 | K13: 2026-08-10T19:29:54Z | L13: 2026-08-10T19:29:54Z
... A248: 247 | B248: CNT-DE-HAM-01 | C248: 0 | D248: Germany / Hamburg loading add-on | E248: TR: Container loading | Sabitleme Tahtası ( 206×9×9 ) (Hamburg): 2 adet | EN: Container loading | Sabitleme Tahtası ( 206×9×9 ) (Hamburg): 2 pcs | G248: 2 | H248: 2026-08-08 | J248: FINAL_CONFIGURATION_ID=IA-CNT-DE-HAM-01;SOURCE_CONFIGURATION_ID=IA-CNT-DE-HAMBURG;FAMILY=CONTAINER;PACKAGING_MASS_KG=194.0;EVIDENCE_BASIS=REV00 CURRENT EVIDENCE BASIS — ARTICLE 5 ASSESSMENT BASIS;SOURCE_REF=INCI_AKU_PPWR_Final_Configuration_Register_Rev00_GOLDEN_VARIANTS_FINAL.xlsx!01_FINAL_CONFIG_MASTER!R248 | K248: 2026-08-10T19:29:54Z | L248: 2026-08-10T19:29:54Z

Sheet PACKAGING_CONFIGURATION_LINE
A1: PACKAGING_CONFIGURATION_LINE_ID | B1: PACKAGING_CONFIGURATION_ID | C1: COMPONENT_ID | D1: QUANTITY | E1: LINE_ROLE_ID | F1: SORT_ORDER | G1: IS_OPTIONAL | H1: NOTES
A2: 1 | B2: 1 | C2: 13 | D2: 14 | E2: 18 | F2: 1 | G2: FALSE | H2: UOM=M;WEIGHT_BASIS=PROCESSED_SOURCE_UNIT_WEIGHT;LINE_WEIGHT_KG=0.1736;SOURCE_CFG=IA-ST-CFG-0004;SRC_REF=Row 1916, Slot 1;SRC_FILE=Mamul Ambalaj Bileşen Listesi-30.07.2026(3).xlsx
A3: 2 | B3: 1 | C3: 6 | D3: 1 | E3: 18 | F3: 2 | G3: FALSE | H3: UOM=ADT;WEIGHT_BASIS=PROCESSED_SOURCE_UNIT_WEIGHT;LINE_WEIGHT_KG=26.0;SOURCE_CFG=IA-ST-CFG-0004;SRC_REF=Row 1916, Slot 3;SRC_FILE=Mamul Ambalaj Bileşen Listesi-30.07.2026(3).xlsx
A4: 3 | B4: 1 | C4: 8 | D4: 20 | E4: 18 | F4: 3 | G4: FALSE | H4: UOM=M;WEIGHT_BASIS=PROCESSED_SOURCE_UNIT_WEIGHT;LINE_WEIGHT_KG=0.3664;SOURCE_CFG=IA-ST-CFG-0004;SRC_REF=Row 1916, Slot 5;SRC_FILE=Mamul Ambalaj Bileşen Listesi-30.07.2026(3).xlsx
A5: 4 | B5: 1 | C5: 9 | D5: 0.186 | E5: 18 | F5: 4 | G5: FALSE | H5: UOM=KG;WEIGHT_BASIS=RECIPE_QUANTITY_IS_KG;LINE_WEIGHT_KG=0.186;SOURCE_CFG=IA-ST-CFG-0004;SRC_REF=Row 1916, Slot 6;SRC_FILE=Mamul Ambalaj Bileşen Listesi-30.07.2026(3).xlsx
A6: 5 | B6: 1 | C6: 25 | D6: 4 | E6: 18 | F6: 5 | G6: FALSE | H6: UOM=ADT;WEIGHT_BASIS=PROCESSED_SOURCE_UNIT_WEIGHT;LINE_WEIGHT_KG=0.4;SOURCE_CFG=IA-ST-CFG-0004;SRC_REF=Row 1916, Slot 8;SRC_FILE=Mamul Ambalaj Bileşen Listesi-30.07.2026(3).xlsx
A7: 6 | B7: 1 | C7: 30 | D7: 1 | E7: 18 | F7: 6 | G7: FALSE | H7: UOM=ADT;WEIGHT_BASIS=PROCESSED_SOURCE_UNIT_WEIGHT;LINE_WEIGHT_KG=0.2;SOURCE_CFG=IA-ST-CFG-0004;SRC_REF=Row 1916, Slot 9;SRC_FILE=Mamul Ambalaj Bileşen Listesi-30.07.2026(3).xlsx
A8: 7 | B8: 1 | C8: 56 | D8: 2 | E8: 18 | F8: 7 | G8: FALSE | H8: UOM=ADT;WEIGHT_BASIS=PROCESSED_SOURCE_UNIT_WEIGHT;LINE_WEIGHT_KG=2.0;SOURCE_CFG=IA-ST-CFG-0004;SRC_REF=Row 1916, Slot 10;SRC_FILE=Mamul Ambalaj Bileşen Listesi-30.07.2026(3).xlsx
A9: 8 | B9: 2 | C9: 13 | D9: 14 | E9: 18 | F9: 1 | G9: FALSE | H9: UOM=M;WEIGHT_BASIS=PROCESSED_SOURCE_UNIT_WEIGHT;LINE_WEIGHT_KG=0.1736;SOURCE_CFG=IA-ST-CFG-0005;SRC_REF=Row 96, Slot 1;SRC_FILE=Mamul Ambalaj Bileşen Listesi-30.07.2026(3).xlsx
A10: 9 | B10: 2 | C10: 6 | D10: 1 | E10: 18 | F10: 2 | G10: FALSE | H10: UOM=ADT;WEIGHT_BASIS=PROCESSED_SOURCE_UNIT_WEIGHT;LINE_WEIGHT_KG=26.0;SOURCE_CFG=IA-ST-CFG-0005;SRC_REF=Row 96, Slot 3;SRC_FILE=Mamul Ambalaj Bileşen Listesi-30.07.2026(3).xlsx
A11: 10 | B11: 2 | C11: 8 | D11: 20 | E11: 18 | F11: 3 | G11: FALSE | H11: UOM=M;WEIGHT_BASIS=PROCESSED_SOURCE_UNIT_WEIGHT;LINE_WEIGHT_KG=0.3664;SOURCE_CFG=IA-ST-CFG-0005;SRC_REF=Row 96, Slot 5;SRC_FILE=Mamul Ambalaj Bileşen Listesi-30.07.2026(3).xlsx
A12: 11 | B12: 2 | C12: 9 | D12: 0.186 | E12: 18 | F12: 4 | G12: FALSE | H12: UOM=KG;WEIGHT_BASIS=RECIPE_QUANTITY_IS_KG;LINE_WEIGHT_KG=0.186;SOURCE_CFG=IA-ST-CFG-0005;SRC_REF=Row 96, Slot 6;SRC_FILE=Mamul Ambalaj Bileşen Listesi-30.07.2026(3).xlsx
A13: 12 | B13: 2 | C13: 25 | D13: 4 | E13: 18 | F13: 5 | G13: FALSE | H13: UOM=ADT;WEIGHT_BASIS=PROCESSED_SOURCE_UNIT_WEIGHT;LINE_WEIGHT_KG=0.4;SOURCE_CFG=IA-ST-CFG-0005;SRC_REF=Row 96, Slot 8;SRC_FILE=Mamul Ambalaj Bileşen Listesi-30.07.2026(3).xlsx
... A1691: 1690 | B1691: 247 | C1691: 111 | D1691: 2 | E1691: 18 | F1691: 3 | G1691: FALSE | H1691: UOM=ADT;WEIGHT_BASIS=SOURCE_UNIT_WEIGHT;LINE_WEIGHT_KG=15.0;SOURCE_CFG=IA-CNT-DE-HAMBURG;SRC_REF=Row 28;SRC_FILE=Yüklemede Kullanılan Malzeme Ağırlıkları-2(4).xlsx

Sheet TRANSPORT_CONFIGURATION
A1: TRANSPORT_CONFIGURATION_ID | B1: CONFIG_GROUP_CODE | C1: REVISION_NO | D1: TRANSPORT_CONFIGURATION_NAME | E1: PACKAGING_CONFIGURATION_ID | F1: TRANSPORT_UNIT_TYPE_ID | G1: UNITS_PER_LAYER | H1: LAYERS_PER_UNIT | I1: CONTAINER_PAYLOAD_UNITS | J1: MAX_GROSS_WEIGHT_KG | K1: SUPERSEDES_ID | L1: STATUS_ID | M1: EFFECTIVE_FROM | N1: EFFECTIVE_TO | O1: NOTES | P1: CREATED_AT | Q1: UPDATED_AT
A2: 1 | B2: IND-24V-01 | C2: 0 | D2: Industrial Battery 24V | 1 pallet = 1 battery | E2: 241 | F2: 2 | L2: 2 | M2: 2026-08-08 | O2: SOURCE_CONFIGURATION_ID=IA-IND-24V;FAMILY=INDUSTRIAL | P2: 2026-08-10T19:29:54Z | Q2: 2026-08-10T19:29:54Z
A3: 2 | B3: IND-48V-01 | C3: 0 | D3: Industrial Battery 48V | 1 pallet = 1 battery | E3: 242 | F3: 2 | L3: 2 | M3: 2026-08-08 | O3: SOURCE_CONFIGURATION_ID=IA-IND-48V;FAMILY=INDUSTRIAL | P3: 2026-08-10T19:29:54Z | Q3: 2026-08-10T19:29:54Z
A4: 3 | B4: IND-80V-01 | C4: 0 | D4: Industrial Battery 80V | 1 pallet = 1 battery | E4: 243 | F4: 2 | L4: 2 | M4: 2026-08-08 | O4: SOURCE_CONFIGURATION_ID=IA-IND-80V;FAMILY=INDUSTRIAL | P4: 2026-08-10T19:29:54Z | Q4: 2026-08-10T19:29:54Z
A5: 4 | B5: CNT-20-STD-01 | C5: 0 | D5: 20 ft Container | Standard pallet loading | E5: 244 | F5: 3 | L5: 2 | M5: 2026-08-08 | O5: SOURCE_CONFIGURATION_ID=IA-CNT-20-STD;FAMILY=CONTAINER | P5: 2026-08-10T19:29:54Z | Q5: 2026-08-10T19:29:54Z
A6: 5 | B6: CNT-20-EUR-01 | C6: 0 | D6: 20 ft Container | Euro pallet loading | E6: 245 | F6: 3 | L6: 2 | M6: 2026-08-08 | O6: SOURCE_CONFIGURATION_ID=IA-CNT-20-EUR;FAMILY=CONTAINER | P6: 2026-08-10T19:29:54Z | Q6: 2026-08-10T19:29:54Z
A7: 6 | B7: CNT-40-IND-01 | C7: 0 | D7: 40 ft Container | Industrial loading | E7: 246 | F7: 3 | L7: 2 | M7: 2026-08-08 | O7: SOURCE_CONFIGURATION_ID=IA-CNT-40-IND;FAMILY=CONTAINER | P7: 2026-08-10T19:29:54Z | Q7: 2026-08-10T19:29:54Z
A8: 7 | B8: CNT-DE-HAM-01 | C8: 0 | D8: Germany / Hamburg loading add-on | E8: 247 | F8: 3 | L8: 2 | M8: 2026-08-08 | O8: SOURCE_CONFIGURATION_ID=IA-CNT-DE-HAMBURG;FAMILY=CONTAINER | P8: 2026-08-10T19:29:54Z | Q8: 2026-08-10T19:29:54Z
A9: 8 | B9: ST-012-EUR-01 | C9: 0 | D9: Default transport — ST-012-EUR-01 | E9: 1 | F9: 2 | L9: 2 | M9: 2026-08-08 | O9: Engineering default transport for commercial mapping FK | P9: 2026-08-10T19:29:54Z | Q9: 2026-08-10T19:29:54Z
A10: 9 | B10: ST-012-EUR-02 | C10: 0 | D10: Default transport — ST-012-EUR-02 | E10: 2 | F10: 2 | L10: 2 | M10: 2026-08-08 | O10: Engineering default transport for commercial mapping FK | P10: 2026-08-10T19:29:54Z | Q10: 2026-08-10T19:29:54Z
A11: 10 | B11: ST-012-EUR-03 | C11: 0 | D11: Default transport — ST-012-EUR-03 | E11: 3 | F11: 2 | L11: 2 | M11: 2026-08-08 | O11: Engineering default transport for commercial mapping FK | P11: 2026-08-10T19:29:54Z | Q11: 2026-08-10T19:29:54Z
A12: 11 | B12: ST-018-EUR-01 | C12: 0 | D12: Default transport — ST-018-EUR-01 | E12: 4 | F12: 2 | L12: 2 | M12: 2026-08-08 | O12: Engineering default transport for commercial mapping FK | P12: 2026-08-10T19:29:54Z | Q12: 2026-08-10T19:29:54Z
A13: 12 | B13: ST-018-EUR-02 | C13: 0 | D13: Default transport — ST-018-EUR-02 | E13: 5 | F13: 2 | L13: 2 | M13: 2026-08-08 | O13: Engineering default transport for commercial mapping FK | P13: 2026-08-10T19:29:54Z | Q13: 2026-08-10T19:29:54Z
... A248: 247 | B248: ST-120-STD-03 | C248: 0 | D248: Default transport — ST-120-STD-03 | E248: 240 | F248: 2 | L248: 2 | M248: 2026-08-08 | O248: Engineering default transport for commercial mapping FK | P248: 2026-08-10T19:29:54Z | Q248: 2026-08-10T19:29:54Z

Sheet TRANSPORT_CONFIGURATION_LINE
A1: TRANSPORT_CONFIGURATION_LINE_ID | B1: TRANSPORT_CONFIGURATION_ID | C1: COMPONENT_ID | D1: QUANTITY_PER_TRANSPORT_UNIT | E1: LINE_ROLE_ID | F1: SORT_ORDER | G1: NOTES
A2: 1 | B2: 1 | C2: 4 | D2: 10 | E2: 18 | F2: 1 | G2: UOM=M;LINE_WEIGHT_KG=0.1165
A3: 2 | B3: 1 | C3: 9 | D3: 0.0509 | E3: 18 | F3: 2 | G3: UOM=KG;LINE_WEIGHT_KG=0.0509
A4: 3 | B4: 1 | C4: 86 | D4: 8 | E4: 18 | F4: 3 | G4: UOM=M;LINE_WEIGHT_KG=0.0756
A5: 4 | B5: 1 | C5: 2 | D5: 1 | E5: 18 | F5: 4 | G5: UOM=ADT;LINE_WEIGHT_KG=1.14
A6: 5 | B6: 1 | C6: 42 | D6: 1 | E6: 18 | F6: 5 | G6: UOM=ADT;LINE_WEIGHT_KG=26.0
A7: 6 | B7: 1 | C7: 112 | D7: 1 | E7: 18 | F7: 6 | G7: UOM=SET;LINE_WEIGHT_KG=0.005
A8: 7 | B8: 2 | C8: 4 | D8: 10 | E8: 18 | F8: 1 | G8: UOM=M;LINE_WEIGHT_KG=0.1485
A9: 8 | B9: 2 | C9: 9 | D9: 0.1919 | E9: 18 | F9: 2 | G9: UOM=KG;LINE_WEIGHT_KG=0.1919
A10: 9 | B10: 2 | C10: 86 | D10: 8 | E10: 18 | F10: 3 | G10: UOM=M;LINE_WEIGHT_KG=0.0913
A11: 10 | B11: 2 | C11: 2 | D11: 1 | E11: 18 | F11: 4 | G11: UOM=ADT;LINE_WEIGHT_KG=1.14
A12: 11 | B12: 2 | C12: 42 | D12: 1 | E12: 18 | F12: 5 | G12: UOM=ADT;LINE_WEIGHT_KG=26.0
A13: 12 | B13: 2 | C13: 112 | D13: 1 | E13: 18 | F13: 6 | G13: UOM=SET;LINE_WEIGHT_KG=0.005
... A43: 42 | B43: 7 | C43: 111 | D43: 2 | E43: 18 | F43: 3 | G43: UOM=ADT;LINE_WEIGHT_KG=15.0

Sheet COMMERCIAL_SCENARIO
A1: COMMERCIAL_SCENARIO_ID | B1: COMMERCIAL_SCENARIO_CODE | C1: COMMERCIAL_SCENARIO_NAME | D1: SCENARIO_TYPE_ID | E1: PRODUCT_ID | F1: TRANSPORT_CONFIGURATION_ID | G1: CUSTOMER_ID | H1: DESTINATION_COUNTRY_ID | I1: INCOTERM_ID | J1: TRANSPORT_MODE_ID | K1: STATUS_ID | L1: VALID_FROM | M1: VALID_TO | N1: NOTES | O1: CREATED_AT | P1: UPDATED_AT
A2: 1 | B2: SC-1015169-ST-012-EUR-01 | C2: 1015169 → ST-012-EUR-01 | D2: 2 | E2: 1915 | F2: 8 | H2: 2 | K2: 2 | L2: 2026-08-08 | N2: IN_SCOPE_FINAL; SOURCE_CFG=IA-ST-CFG-0004; MARKET=GY EUR; STATUS=IN OEM / EU PACKAGE | O2: 2026-08-10T19:29:54Z | P2: 2026-08-10T19:29:54Z
A3: 2 | B3: SC-1008854-ST-012-EUR-02 | C3: 1008854 → ST-012-EUR-02 | D3: 2 | E3: 95 | F3: 9 | H3: 2 | K3: 2 | L3: 2026-08-08 | N3: IN_SCOPE_FINAL; SOURCE_CFG=IA-ST-CFG-0005; MARKET=PSA (Yurt Dışı); STATUS=IN OEM / EU PACKAGE | O3: 2026-08-10T19:29:54Z | P3: 2026-08-10T19:29:54Z
A4: 3 | B4: SC-1014904-ST-012-EUR-03 | C4: 1014904 → ST-012-EUR-03 | D4: 2 | E4: 1673 | F4: 10 | H4: 2 | K4: 2 | L4: 2026-08-08 | N4: IN_SCOPE_FINAL; SOURCE_CFG=IA-ST-CFG-0006; MARKET=GY ITALY; STATUS=IN OEM / EU PACKAGE | O4: 2026-08-10T19:29:54Z | P4: 2026-08-10T19:29:54Z
A5: 4 | B5: SC-1014912-ST-012-EUR-03 | C5: 1014912 → ST-012-EUR-03 | D5: 2 | E5: 1681 | F5: 10 | H5: 2 | K5: 2 | L5: 2026-08-08 | N5: IN_SCOPE_FINAL; SOURCE_CFG=IA-ST-CFG-0006; MARKET=GY ITALY; STATUS=IN OEM / EU PACKAGE | O5: 2026-08-10T19:29:54Z | P5: 2026-08-10T19:29:54Z
A6: 5 | B6: SC-1015105-ST-018-EUR-01 | C6: 1015105 → ST-018-EUR-01 | D6: 2 | E6: 1858 | F6: 11 | H6: 2 | K6: 2 | L6: 2026-08-08 | N6: IN_SCOPE_FINAL; SOURCE_CFG=IA-ST-CFG-0012; MARKET=MERCEDES FRANSA; STATUS=IN OEM / EU PACKAGE | O6: 2026-08-10T19:29:54Z | P6: 2026-08-10T19:29:54Z
A7: 6 | B7: SC-1013644-ST-018-EUR-02 | C7: 1013644 → ST-018-EUR-02 | D7: 2 | E7: 1059 | F7: 12 | H7: 2 | K7: 2 | L7: 2026-08-08 | N7: IN_SCOPE_FINAL; SOURCE_CFG=IA-ST-CFG-0013; MARKET=CAR PARTS DISTRIBUZIONE İTALYA; STATUS=IN OEM / EU PACKAGE | O7: 2026-08-10T19:29:54Z | P7: 2026-08-10T19:29:54Z
A8: 7 | B8: SC-1014048-ST-018-EUR-02 | C8: 1014048 → ST-018-EUR-02 | D8: 2 | E8: 1196 | F8: 12 | H8: 2 | K8: 2 | L8: 2026-08-08 | N8: IN_SCOPE_FINAL; SOURCE_CFG=IA-ST-CFG-0013; MARKET=CARANDA ROMANYA; STATUS=IN OEM / EU PACKAGE | O8: 2026-08-10T19:29:54Z | P8: 2026-08-10T19:29:54Z
A9: 8 | B9: SC-1014710-ST-018-EUR-02 | C9: 1014710 → ST-018-EUR-02 | D9: 2 | E9: 1556 | F9: 12 | H9: 2 | K9: 2 | L9: 2026-08-08 | N9: IN_SCOPE_FINAL; SOURCE_CFG=IA-ST-CFG-0013; MARKET=BATERIE PRZEMYSLOWE POLONYA; STATUS=IN OEM / EU PACKAGE | O9: 2026-08-10T19:29:54Z | P9: 2026-08-10T19:29:54Z
A10: 9 | B10: SC-1014775-ST-018-EUR-02 | C10: 1014775 → ST-018-EUR-02 | D10: 2 | E10: 1600 | F10: 12 | H10: 2 | K10: 2 | L10: 2026-08-08 | N10: IN_SCOPE_FINAL; SOURCE_CFG=IA-ST-CFG-0013; MARKET=SKG İTALYA; STATUS=IN OEM / EU PACKAGE | O10: 2026-08-10T19:29:54Z | P10: 2026-08-10T19:29:54Z
A11: 10 | B11: SC-1005176-ST-018-EUR-03 | C11: 1005176 → ST-018-EUR-03 | D11: 2 | E11: 39 | F11: 13 | H11: 2 | K11: 2 | L11: 2026-08-08 | N11: IN_SCOPE_FINAL; SOURCE_CFG=IA-ST-CFG-0014; MARKET=None; STATUS=IN OEM / EU PACKAGE | O11: 2026-08-10T19:29:54Z | P11: 2026-08-10T19:29:54Z
A12: 11 | B12: SC-1008110-ST-018-EUR-03 | C12: 1008110 → ST-018-EUR-03 | D12: 2 | E12: 79 | F12: 13 | H12: 2 | K12: 2 | L12: 2026-08-08 | N12: IN_SCOPE_FINAL; SOURCE_CFG=IA-ST-CFG-0014; MARKET=None; STATUS=IN OEM / EU PACKAGE | O12: 2026-08-10T19:29:54Z | P12: 2026-08-10T19:29:54Z
A13: 12 | B13: SC-1013067-ST-018-EUR-03 | C13: 1013067 → ST-018-EUR-03 | D13: 2 | E13: 910 | F13: 13 | H13: 2 | K13: 2 | L13: 2026-08-08 | N13: IN_SCOPE_FINAL; SOURCE_CFG=IA-ST-CFG-0014; MARKET=None; STATUS=IN OEM / EU PACKAGE | O13: 2026-08-10T19:29:54Z | P13: 2026-08-10T19:29:54Z
... A1918: 1917 | B1918: SC-1012449-ST-120-STD-03 | C1918: 1012449 → ST-120-STD-03 | D1918: 2 | E1918: 650 | F1918: 247 | H1918: 2 | K1918: 2 | L1918: 2026-08-08 | N1918: IN_SCOPE_FINAL; SOURCE_CFG=IA-ST-CFG-0286; MARKET=SCHNAPP; STATUS=IN OEM / EU PACKAGE | O1918: 2026-08-10T19:29:54Z | P1918: 2026-08-10T19:29:54Z

Sheet SHIPMENT
A1: SHIPMENT_ID | B1: SHIPMENT_NUMBER | C1: COMMERCIAL_SCENARIO_ID | D1: PLANT_ID | E1: SHIP_DATE | F1: QTY_PRODUCT_UNITS | G1: PACKAGING_CONFIGURATION_ID | H1: TRANSPORT_CONFIGURATION_ID | I1: DESTINATION_COUNTRY_ID | J1: TRANSPORT_MODE_ID | K1: STATUS_ID | L1: EXTERNAL_REF | M1: NOTES | N1: CONFIRMED_AT | O1: CREATED_AT | P1: UPDATED_AT

Sheet SHIPMENT_LINE
A1: SHIPMENT_LINE_ID | B1: SHIPMENT_ID | C1: COMPONENT_ID | D1: MATERIAL_ID | E1: PACKAGING_LEVEL_ID | F1: PACKAGING_FUNCTION_ID | G1: OWNERSHIP_TYPE_ID | H1: COMPONENT_QTY | I1: WEIGHT_G | J1: RECYCLED_CONTENT_PCT | K1: SOURCE_LAYER | L1: NOTES

Sheet TECHNICAL_FILE
A1: TECHNICAL_FILE_ID | B1: TECHNICAL_FILE_CODE | C1: TITLE | D1: COMPONENT_ID | E1: PACKAGING_CONFIGURATION_ID | F1: TRANSPORT_CONFIGURATION_ID | G1: REVISION_NO | H1: ASSESSMENT_DATE | I1: RECYCLABILITY_SUMMARY | J1: SUBSTANCE_OF_CONCERN_NOTES | K1: DESIGN_FOR_RECYCLING_NOTES | L1: OWNER_PERSON_ID | M1: STATUS_ID | N1: EFFECTIVE_FROM | O1: EFFECTIVE_TO | P1: NOTES | Q1: CREATED_AT | R1: UPDATED_AT
A2: 1 | B2: IA-PPWR-TF-ST-012-EUR-01-R00 | C2: Technical File — ST-012-EUR-01 | E2: 1 | G2: 0 | J2: REV00 CURRENT EVIDENCE BASIS — ARTICLE 5 ASSESSMENT BASIS | K2: PENDING – DRAWINGS / PHOTOGRAPHS | L2: 1 | M2: 2 | N2: 2026-08-08 | P2: Rev.00 Word technical file generated — see DOCUMENT_LIBRARY.FILE_URI; drawings/photos may remain PENDING | Q2: 2026-08-10T19:29:54Z | R2: 2026-08-10T19:29:54Z
A3: 2 | B3: IA-PPWR-TF-ST-012-EUR-02-R00 | C3: Technical File — ST-012-EUR-02 | E3: 2 | G3: 0 | J3: REV00 CURRENT EVIDENCE BASIS — ARTICLE 5 ASSESSMENT BASIS | K3: PENDING – DRAWINGS / PHOTOGRAPHS | L3: 1 | M3: 2 | N3: 2026-08-08 | P3: Rev.00 Word technical file generated — see DOCUMENT_LIBRARY.FILE_URI; drawings/photos may remain PENDING | Q3: 2026-08-10T19:29:54Z | R3: 2026-08-10T19:29:54Z
A4: 3 | B4: IA-PPWR-TF-ST-012-EUR-03-R00 | C4: Technical File — ST-012-EUR-03 | E4: 3 | G4: 0 | J4: REV00 CURRENT EVIDENCE BASIS — ARTICLE 5 ASSESSMENT BASIS | K4: PENDING – DRAWINGS / PHOTOGRAPHS | L4: 1 | M4: 2 | N4: 2026-08-08 | P4: Rev.00 Word technical file generated — see DOCUMENT_LIBRARY.FILE_URI; drawings/photos may remain PENDING | Q4: 2026-08-10T19:29:54Z | R4: 2026-08-10T19:29:54Z
A5: 4 | B5: IA-PPWR-TF-ST-018-EUR-01-R00 | C5: Technical File — ST-018-EUR-01 | E5: 4 | G5: 0 | J5: REV00 CURRENT EVIDENCE BASIS — ARTICLE 5 ASSESSMENT BASIS | K5: PENDING – DRAWINGS / PHOTOGRAPHS | L5: 1 | M5: 2 | N5: 2026-08-08 | P5: Rev.00 Word technical file generated — see DOCUMENT_LIBRARY.FILE_URI; drawings/photos may remain PENDING | Q5: 2026-08-10T19:29:54Z | R5: 2026-08-10T19:29:54Z
A6: 5 | B6: IA-PPWR-TF-ST-018-EUR-02-R00 | C6: Technical File — ST-018-EUR-02 | E6: 5 | G6: 0 | J6: REV00 CURRENT EVIDENCE BASIS — ARTICLE 5 ASSESSMENT BASIS | K6: PENDING – DRAWINGS / PHOTOGRAPHS | L6: 1 | M6: 2 | N6: 2026-08-08 | P6: Rev.00 Word technical file generated — see DOCUMENT_LIBRARY.FILE_URI; drawings/photos may remain PENDING | Q6: 2026-08-10T19:29:54Z | R6: 2026-08-10T19:29:54Z
A7: 6 | B7: IA-PPWR-TF-ST-018-EUR-03-R00 | C7: Technical File — ST-018-EUR-03 | E7: 6 | G7: 0 | J7: REV00 CURRENT EVIDENCE BASIS — ARTICLE 5 ASSESSMENT BASIS | K7: PENDING – DRAWINGS / PHOTOGRAPHS | L7: 1 | M7: 2 | N7: 2026-08-08 | P7: Rev.00 Word technical file generated — see DOCUMENT_LIBRARY.FILE_URI; drawings/photos may remain PENDING | Q7: 2026-08-10T19:29:54Z | R7: 2026-08-10T19:29:54Z
A8: 7 | B8: IA-PPWR-TF-ST-018-EUR-04-R00 | C8: Technical File — ST-018-EUR-04 | E8: 7 | G8: 0 | J8: REV00 CURRENT EVIDENCE BASIS — ARTICLE 5 ASSESSMENT BASIS | K8: PENDING – DRAWINGS / PHOTOGRAPHS | L8: 1 | M8: 2 | N8: 2026-08-08 | P8: Rev.00 Word technical file generated — see DOCUMENT_LIBRARY.FILE_URI; drawings/photos may remain PENDING | Q8: 2026-08-10T19:29:54Z | R8: 2026-08-10T19:29:54Z
A9: 8 | B9: IA-PPWR-TF-ST-018-EUR-05-R00 | C9: Technical File — ST-018-EUR-05 | E9: 8 | G9: 0 | J9: REV00 CURRENT EVIDENCE BASIS — ARTICLE 5 ASSESSMENT BASIS | K9: PENDING – DRAWINGS / PHOTOGRAPHS | L9: 1 | M9: 2 | N9: 2026-08-08 | P9: Rev.00 Word technical file generated — see DOCUMENT_LIBRARY.FILE_URI; drawings/photos may remain PENDING | Q9: 2026-08-10T19:29:54Z | R9: 2026-08-10T19:29:54Z
A10: 9 | B10: IA-PPWR-TF-ST-021-EUR-01-R00 | C10: Technical File — ST-021-EUR-01 | E10: 9 | G10: 0 | J10: REV00 CURRENT EVIDENCE BASIS — ARTICLE 5 ASSESSMENT BASIS | K10: PENDING – DRAWINGS / PHOTOGRAPHS | L10: 1 | M10: 2 | N10: 2026-08-08 | P10: Rev.00 Word technical file generated — see DOCUMENT_LIBRARY.FILE_URI; drawings/photos may remain PENDING | Q10: 2026-08-10T19:29:54Z | R10: 2026-08-10T19:29:54Z
A11: 10 | B11: IA-PPWR-TF-ST-021-EUR-02-R00 | C11: Technical File — ST-021-EUR-02 | E11: 10 | G11: 0 | J11: REV00 CURRENT EVIDENCE BASIS — ARTICLE 5 ASSESSMENT BASIS | K11: PENDING – DRAWINGS / PHOTOGRAPHS | L11: 1 | M11: 2 | N11: 2026-08-08 | P11: Rev.00 Word technical file generated — see DOCUMENT_LIBRARY.FILE_URI; drawings/photos may remain PENDING | Q11: 2026-08-10T19:29:54Z | R11: 2026-08-10T19:29:54Z
A12: 11 | B12: IA-PPWR-TF-ST-021-EUR-03-R00 | C12: Technical File — ST-021-EUR-03 | E12: 11 | G12: 0 | J12: REV00 CURRENT EVIDENCE BASIS — ARTICLE 5 ASSESSMENT BASIS | K12: PENDING – DRAWINGS / PHOTOGRAPHS | L12: 1 | M12: 2 | N12: 2026-08-08 | P12: Rev.00 Word technical file generated — see DOCUMENT_LIBRARY.FILE_URI; drawings/photos may remain PENDING | Q12: 2026-08-10T19:29:54Z | R12: 2026-08-10T19:29:54Z
A13: 12 | B13: IA-PPWR-TF-ST-021-EUR-04-R00 | C13: Technical File — ST-021-EUR-04 | E13: 12 | G13: 0 | J13: REV00 CURRENT EVIDENCE BASIS — ARTICLE 5 ASSESSMENT BASIS | K13: PENDING – DRAWINGS / PHOTOGRAPHS | L13: 1 | M13: 2 | N13: 2026-08-08 | P13: Rev.00 Word technical file generated — see DOCUMENT_LIBRARY.FILE_URI; drawings/photos may remain PENDING | Q13: 2026-08-10T19:29:54Z | R13: 2026-08-10T19:29:54Z
... A248: 247 | B248: IA-PPWR-TF-CNT-DE-HAM-01-R00 | C248: Technical File — CNT-DE-HAM-01 | E248: 247 | G248: 0 | J248: REV00 CURRENT EVIDENCE BASIS — ARTICLE 5 ASSESSMENT BASIS | K248: PENDING – DRAWINGS / PHOTOGRAPHS | L248: 1 | M248: 2 | N248: 2026-08-08 | P248: Rev.00 Word technical file generated — see DOCUMENT_LIBRARY.FILE_URI; drawings/photos may remain PENDING | Q248: 2026-08-10T19:29:54Z | R248: 2026-08-10T19:29:54Z

Sheet DECLARATION_OF_CONFORMITY
A1: DECLARATION_OF_CONFORMITY_ID | B1: DOC_NUMBER | C1: TITLE | D1: LEGAL_ENTITY_ID | E1: PRODUCT_ID | F1: PACKAGING_CONFIGURATION_ID | G1: TRANSPORT_CONFIGURATION_ID | H1: TECHNICAL_FILE_ID | I1: RESPONSIBLE_PERSON_ID | J1: REGULATION_REFERENCE | K1: CONFORMITY_STATEMENT | L1: ISSUE_DATE | M1: VALID_UNTIL | N1: REVISION_NO | O1: STATUS_ID | P1: APPROVED_AT | Q1: NOTES | R1: CREATED_AT | S1: UPDATED_AT
A2: 1 | B2: IA-PPWR-DOC-ST-012-EUR-01-R00 | C2: EU DoC — ST-012-EUR-01 | D2: 1 | F2: 1 | H2: 1 | I2: 1 | J2: EU PPWR | K2: REV00 CURRENT EVIDENCE BASIS — ARTICLE 5 ASSESSMENT BASIS | L2: 2026-08-08 | N2: 0 | O2: 2 | Q2: Rev.00 Word EU DoC generated — see DOCUMENT_LIBRARY.FILE_URI; signature fields blank / not legally signed | R2: 2026-08-10T19:29:54Z | S2: 2026-08-10T19:29:54Z
A3: 2 | B3: IA-PPWR-DOC-ST-012-EUR-02-R00 | C3: EU DoC — ST-012-EUR-02 | D3: 1 | F3: 2 | H3: 2 | I3: 1 | J3: EU PPWR | K3: REV00 CURRENT EVIDENCE BASIS — ARTICLE 5 ASSESSMENT BASIS | L3: 2026-08-08 | N3: 0 | O3: 2 | Q3: Rev.00 Word EU DoC generated — see DOCUMENT_LIBRARY.FILE_URI; signature fields blank / not legally signed | R3: 2026-08-10T19:29:54Z | S3: 2026-08-10T19:29:54Z
A4: 3 | B4: IA-PPWR-DOC-ST-012-EUR-03-R00 | C4: EU DoC — ST-012-EUR-03 | D4: 1 | F4: 3 | H4: 3 | I4: 1 | J4: EU PPWR | K4: REV00 CURRENT EVIDENCE BASIS — ARTICLE 5 ASSESSMENT BASIS | L4: 2026-08-08 | N4: 0 | O4: 2 | Q4: Rev.00 Word EU DoC generated — see DOCUMENT_LIBRARY.FILE_URI; signature fields blank / not legally signed | R4: 2026-08-10T19:29:54Z | S4: 2026-08-10T19:29:54Z
A5: 4 | B5: IA-PPWR-DOC-ST-018-EUR-01-R00 | C5: EU DoC — ST-018-EUR-01 | D5: 1 | F5: 4 | H5: 4 | I5: 1 | J5: EU PPWR | K5: REV00 CURRENT EVIDENCE BASIS — ARTICLE 5 ASSESSMENT BASIS | L5: 2026-08-08 | N5: 0 | O5: 2 | Q5: Rev.00 Word EU DoC generated — see DOCUMENT_LIBRARY.FILE_URI; signature fields blank / not legally signed | R5: 2026-08-10T19:29:54Z | S5: 2026-08-10T19:29:54Z
A6: 5 | B6: IA-PPWR-DOC-ST-018-EUR-02-R00 | C6: EU DoC — ST-018-EUR-02 | D6: 1 | F6: 5 | H6: 5 | I6: 1 | J6: EU PPWR | K6: REV00 CURRENT EVIDENCE BASIS — ARTICLE 5 ASSESSMENT BASIS | L6: 2026-08-08 | N6: 0 | O6: 2 | Q6: Rev.00 Word EU DoC generated — see DOCUMENT_LIBRARY.FILE_URI; signature fields blank / not legally signed | R6: 2026-08-10T19:29:54Z | S6: 2026-08-10T19:29:54Z
A7: 6 | B7: IA-PPWR-DOC-ST-018-EUR-03-R00 | C7: EU DoC — ST-018-EUR-03 | D7: 1 | F7: 6 | H7: 6 | I7: 1 | J7: EU PPWR | K7: REV00 CURRENT EVIDENCE BASIS — ARTICLE 5 ASSESSMENT BASIS | L7: 2026-08-08 | N7: 0 | O7: 2 | Q7: Rev.00 Word EU DoC generated — see DOCUMENT_LIBRARY.FILE_URI; signature fields blank / not legally signed | R7: 2026-08-10T19:29:54Z | S7: 2026-08-10T19:29:54Z
A8: 7 | B8: IA-PPWR-DOC-ST-018-EUR-04-R00 | C8: EU DoC — ST-018-EUR-04 | D8: 1 | F8: 7 | H8: 7 | I8: 1 | J8: EU PPWR | K8: REV00 CURRENT EVIDENCE BASIS — ARTICLE 5 ASSESSMENT BASIS | L8: 2026-08-08 | N8: 0 | O8: 2 | Q8: Rev.00 Word EU DoC generated — see DOCUMENT_LIBRARY.FILE_URI; signature fields blank / not legally signed | R8: 2026-08-10T19:29:54Z | S8: 2026-08-10T19:29:54Z
A9: 8 | B9: IA-PPWR-DOC-ST-018-EUR-05-R00 | C9: EU DoC — ST-018-EUR-05 | D9: 1 | F9: 8 | H9: 8 | I9: 1 | J9: EU PPWR | K9: REV00 CURRENT EVIDENCE BASIS — ARTICLE 5 ASSESSMENT BASIS | L9: 2026-08-08 | N9: 0 | O9: 2 | Q9: Rev.00 Word EU DoC generated — see DOCUMENT_LIBRARY.FILE_URI; signature fields blank / not legally signed | R9: 2026-08-10T19:29:54Z | S9: 2026-08-10T19:29:54Z
A10: 9 | B10: IA-PPWR-DOC-ST-021-EUR-01-R00 | C10: EU DoC — ST-021-EUR-01 | D10: 1 | F10: 9 | H10: 9 | I10: 1 | J10: EU PPWR | K10: REV00 CURRENT EVIDENCE BASIS — ARTICLE 5 ASSESSMENT BASIS | L10: 2026-08-08 | N10: 0 | O10: 2 | Q10: Rev.00 Word EU DoC generated — see DOCUMENT_LIBRARY.FILE_URI; signature fields blank / not legally signed | R10: 2026-08-10T19:29:54Z | S10: 2026-08-10T19:29:54Z
A11: 10 | B11: IA-PPWR-DOC-ST-021-EUR-02-R00 | C11: EU DoC — ST-021-EUR-02 | D11: 1 | F11: 10 | H11: 10 | I11: 1 | J11: EU PPWR | K11: REV00 CURRENT EVIDENCE BASIS — ARTICLE 5 ASSESSMENT BASIS | L11: 2026-08-08 | N11: 0 | O11: 2 | Q11: Rev.00 Word EU DoC generated — see DOCUMENT_LIBRARY.FILE_URI; signature fields blank / not legally signed | R11: 2026-08-10T19:29:54Z | S11: 2026-08-10T19:29:54Z
A12: 11 | B12: IA-PPWR-DOC-ST-021-EUR-03-R00 | C12: EU DoC — ST-021-EUR-03 | D12: 1 | F12: 11 | H12: 11 | I12: 1 | J12: EU PPWR | K12: REV00 CURRENT EVIDENCE BASIS — ARTICLE 5 ASSESSMENT BASIS | L12: 2026-08-08 | N12: 0 | O12: 2 | Q12: Rev.00 Word EU DoC generated — see DOCUMENT_LIBRARY.FILE_URI; signature fields blank / not legally signed | R12: 2026-08-10T19:29:54Z | S12: 2026-08-10T19:29:54Z
A13: 12 | B13: IA-PPWR-DOC-ST-021-EUR-04-R00 | C13: EU DoC — ST-021-EUR-04 | D13: 1 | F13: 12 | H13: 12 | I13: 1 | J13: EU PPWR | K13: REV00 CURRENT EVIDENCE BASIS — ARTICLE 5 ASSESSMENT BASIS | L13: 2026-08-08 | N13: 0 | O13: 2 | Q13: Rev.00 Word EU DoC generated — see DOCUMENT_LIBRARY.FILE_URI; signature fields blank / not legally signed | R13: 2026-08-10T19:29:54Z | S13: 2026-08-10T19:29:54Z
... A248: 247 | B248: IA-PPWR-DOC-CNT-DE-HAM-01-R00 | C248: EU DoC — CNT-DE-HAM-01 | D248: 1 | F248: 247 | H248: 247 | I248: 1 | J248: EU PPWR | K248: REV00 CURRENT EVIDENCE BASIS — ARTICLE 5 ASSESSMENT BASIS | L248: 2026-08-08 | N248: 0 | O248: 2 | Q248: Rev.00 Word EU DoC generated — see DOCUMENT_LIBRARY.FILE_URI; signature fields blank / not legally signed | R248: 2026-08-10T19:29:54Z | S248: 2026-08-10T19:29:54Z

Sheet STATEMENT
A1: STATEMENT_ID | B1: STATEMENT_CODE | C1: STATEMENT_TYPE_ID | D1: LEGAL_ENTITY_ID | E1: COUNTRY_ID | F1: PERIOD_YEAR | G1: PERIOD_MONTH | H1: PERIOD_FROM | I1: PERIOD_TO | J1: STATUS_ID | K1: GENERATED_AT | L1: APPROVED_BY_PERSON_ID | M1: APPROVED_AT | N1: NOTES
A2: 1 | B2: IA-PPWR-STM-ST-012-EUR-01-R00 | C2: 1 | D2: 1 | E2: 2 | F2: 2026 | H2: 2026-08-08 | I2: 2026-08-08 | J2: 2 | N2: Rev.00 Word shipment statement generated — see DOCUMENT_LIBRARY.FILE_URI
A3: 2 | B3: IA-PPWR-STM-ST-012-EUR-02-R00 | C3: 1 | D3: 1 | E3: 2 | F3: 2026 | H3: 2026-08-08 | I3: 2026-08-08 | J3: 2 | N3: Rev.00 Word shipment statement generated — see DOCUMENT_LIBRARY.FILE_URI
A4: 3 | B4: IA-PPWR-STM-ST-012-EUR-03-R00 | C4: 1 | D4: 1 | E4: 2 | F4: 2026 | H4: 2026-08-08 | I4: 2026-08-08 | J4: 2 | N4: Rev.00 Word shipment statement generated — see DOCUMENT_LIBRARY.FILE_URI
A5: 4 | B5: IA-PPWR-STM-ST-018-EUR-01-R00 | C5: 1 | D5: 1 | E5: 2 | F5: 2026 | H5: 2026-08-08 | I5: 2026-08-08 | J5: 2 | N5: Rev.00 Word shipment statement generated — see DOCUMENT_LIBRARY.FILE_URI
A6: 5 | B6: IA-PPWR-STM-ST-018-EUR-02-R00 | C6: 1 | D6: 1 | E6: 2 | F6: 2026 | H6: 2026-08-08 | I6: 2026-08-08 | J6: 2 | N6: Rev.00 Word shipment statement generated — see DOCUMENT_LIBRARY.FILE_URI
A7: 6 | B7: IA-PPWR-STM-ST-018-EUR-03-R00 | C7: 1 | D7: 1 | E7: 2 | F7: 2026 | H7: 2026-08-08 | I7: 2026-08-08 | J7: 2 | N7: Rev.00 Word shipment statement generated — see DOCUMENT_LIBRARY.FILE_URI
A8: 7 | B8: IA-PPWR-STM-ST-018-EUR-04-R00 | C8: 1 | D8: 1 | E8: 2 | F8: 2026 | H8: 2026-08-08 | I8: 2026-08-08 | J8: 2 | N8: Rev.00 Word shipment statement generated — see DOCUMENT_LIBRARY.FILE_URI
A9: 8 | B9: IA-PPWR-STM-ST-018-EUR-05-R00 | C9: 1 | D9: 1 | E9: 2 | F9: 2026 | H9: 2026-08-08 | I9: 2026-08-08 | J9: 2 | N9: Rev.00 Word shipment statement generated — see DOCUMENT_LIBRARY.FILE_URI
A10: 9 | B10: IA-PPWR-STM-ST-021-EUR-01-R00 | C10: 1 | D10: 1 | E10: 2 | F10: 2026 | H10: 2026-08-08 | I10: 2026-08-08 | J10: 2 | N10: Rev.00 Word shipment statement generated — see DOCUMENT_LIBRARY.FILE_URI
A11: 10 | B11: IA-PPWR-STM-ST-021-EUR-02-R00 | C11: 1 | D11: 1 | E11: 2 | F11: 2026 | H11: 2026-08-08 | I11: 2026-08-08 | J11: 2 | N11: Rev.00 Word shipment statement generated — see DOCUMENT_LIBRARY.FILE_URI
A12: 11 | B12: IA-PPWR-STM-ST-021-EUR-03-R00 | C12: 1 | D12: 1 | E12: 2 | F12: 2026 | H12: 2026-08-08 | I12: 2026-08-08 | J12: 2 | N12: Rev.00 Word shipment statement generated — see DOCUMENT_LIBRARY.FILE_URI
A13: 12 | B13: IA-PPWR-STM-ST-021-EUR-04-R00 | C13: 1 | D13: 1 | E13: 2 | F13: 2026 | H13: 2026-08-08 | I13: 2026-08-08 | J13: 2 | N13: Rev.00 Word shipment statement generated — see DOCUMENT_LIBRARY.FILE_URI
... A248: 247 | B248: IA-PPWR-STM-CNT-DE-HAM-01-R00 | C248: 1 | D248: 1 | E248: 2 | F248: 2026 | H248: 2026-08-08 | I248: 2026-08-08 | J248: 2 | N248: Rev.00 Word shipment statement generated — see DOCUMENT_LIBRARY.FILE_URI

Sheet STATEMENT_SHIPMENT
A1: STATEMENT_SHIPMENT_ID | B1: STATEMENT_ID | C1: SHIPMENT_ID | D1: INCLUDED_AT

Sheet STATEMENT_LINE
A1: STATEMENT_LINE_ID | B1: STATEMENT_ID | C1: MATERIAL_ID | D1: PACKAGING_LEVEL_ID | E1: OWNERSHIP_TYPE_ID | F1: TOTAL_WEIGHT_KG | G1: RECYCLED_CONTENT_WEIGHT_KG | H1: SOURCE_SHIPMENT_COUNT | I1: NOTES

Sheet DOCUMENT_LIBRARY
A1: DOCUMENT_ID | B1: DOCUMENT_CODE | C1: DOCUMENT_TITLE | D1: DOCUMENT_TYPE_ID | E1: FILE_URI | F1: FILE_HASH | G1: ISSUE_DATE | H1: STATUS_ID | I1: NOTES | J1: CREATED_AT | K1: UPDATED_AT
A2: 1 | B2: IA-PPWR-TF-ST-012-EUR-01-R00 | C2: IA-PPWR-TF-ST-012-EUR-01-R00 | D2: 1 | E2: 01_STARTER/ST-012-EUR-01/01_Technical_File.docx | F2: 4ca75bb27d87eb6b2822b5ffd3d5640eb778c98e40c96abbe6325008f8f6ff88 | G2: 2026-08-08 | H2: 2 | I2: Phase I generated Rev.00 Word file — linked; signatures not completed | J2: 2026-08-10T19:29:54Z | K2: 2026-08-10T19:49:40Z
A3: 2 | B3: IA-PPWR-DOC-ST-012-EUR-01-R00 | C3: IA-PPWR-DOC-ST-012-EUR-01-R00 | D3: 4 | E3: 01_STARTER/ST-012-EUR-01/02_EU_DoC.docx | F3: 58927d6c2cbd207e2dd4fe5859d41e005241f3acbd14123f3eeeda40dee575ed | G3: 2026-08-08 | H3: 2 | I3: Phase I generated Rev.00 Word file — linked; signatures not completed | J3: 2026-08-10T19:29:54Z | K3: 2026-08-10T19:49:40Z
A4: 3 | B4: IA-PPWR-LBL-ST-012-EUR-01-R00 | C4: IA-PPWR-LBL-ST-012-EUR-01-R00 | D4: 11 | E4: 01_STARTER/ST-012-EUR-01/03_Label.docx | F4: ea6ac6238892b16e0c45a44ecb645838c3e81a26b01d7bacd59da035c7d03c87 | G4: 2026-08-08 | H4: 2 | I4: Phase I generated Rev.00 Word file — linked; signatures not completed | J4: 2026-08-10T19:29:54Z | K4: 2026-08-10T19:49:40Z
A5: 4 | B5: IA-PPWR-STM-ST-012-EUR-01-R00 | C5: IA-PPWR-STM-ST-012-EUR-01-R00 | D5: 12 | E5: 01_STARTER/ST-012-EUR-01/04_Shipment_Statement.docx | F5: 94c22c42821d51514b9f568a3b23e5764e55a0855005d60ba1dab165e97e0d6e | G5: 2026-08-08 | H5: 2 | I5: Phase I generated Rev.00 Word file — linked; signatures not completed | J5: 2026-08-10T19:29:54Z | K5: 2026-08-10T19:49:40Z
A6: 5 | B6: IA-PPWR-TF-ST-012-EUR-02-R00 | C6: IA-PPWR-TF-ST-012-EUR-02-R00 | D6: 1 | E6: 01_STARTER/ST-012-EUR-02/01_Technical_File.docx | F6: d17faf433df34f8c8fa4ae729a5b7425fa7c6a43330950ec63c68bc621d1086f | G6: 2026-08-08 | H6: 2 | I6: Phase I generated Rev.00 Word file — linked; signatures not completed | J6: 2026-08-10T19:29:54Z | K6: 2026-08-10T19:49:40Z
A7: 6 | B7: IA-PPWR-DOC-ST-012-EUR-02-R00 | C7: IA-PPWR-DOC-ST-012-EUR-02-R00 | D7: 4 | E7: 01_STARTER/ST-012-EUR-02/02_EU_DoC.docx | F7: 595be39782beca3e681a590ca771e1d02951b35d98e4eefc13b91caae98ff32e | G7: 2026-08-08 | H7: 2 | I7: Phase I generated Rev.00 Word file — linked; signatures not completed | J7: 2026-08-10T19:29:54Z | K7: 2026-08-10T19:49:40Z
A8: 7 | B8: IA-PPWR-LBL-ST-012-EUR-02-R00 | C8: IA-PPWR-LBL-ST-012-EUR-02-R00 | D8: 11 | E8: 01_STARTER/ST-012-EUR-02/03_Label.docx | F8: 1a5ed11515e99079dff4b658ebda18783dd4ce526bb691d8daae24ccf8a2a65e | G8: 2026-08-08 | H8: 2 | I8: Phase I generated Rev.00 Word file — linked; signatures not completed | J8: 2026-08-10T19:29:54Z | K8: 2026-08-10T19:49:40Z
A9: 8 | B9: IA-PPWR-STM-ST-012-EUR-02-R00 | C9: IA-PPWR-STM-ST-012-EUR-02-R00 | D9: 12 | E9: 01_STARTER/ST-012-EUR-02/04_Shipment_Statement.docx | F9: b86928bb98d325a5f004f48ddd4dfa655d14714b78aeff922866f7092733e2d1 | G9: 2026-08-08 | H9: 2 | I9: Phase I generated Rev.00 Word file — linked; signatures not completed | J9: 2026-08-10T19:29:54Z | K9: 2026-08-10T19:49:40Z
A10: 9 | B10: IA-PPWR-TF-ST-012-EUR-03-R00 | C10: IA-PPWR-TF-ST-012-EUR-03-R00 | D10: 1 | E10: 01_STARTER/ST-012-EUR-03/01_Technical_File.docx | F10: f19b5a4bbdea3b4ae033f2ee8dffa2f0697667be18cbf2f9475b35cc94f2e38c | G10: 2026-08-08 | H10: 2 | I10: Phase I generated Rev.00 Word file — linked; signatures not completed | J10: 2026-08-10T19:29:54Z | K10: 2026-08-10T19:49:40Z
A11: 10 | B11: IA-PPWR-DOC-ST-012-EUR-03-R00 | C11: IA-PPWR-DOC-ST-012-EUR-03-R00 | D11: 4 | E11: 01_STARTER/ST-012-EUR-03/02_EU_DoC.docx | F11: d7c3a77f20a064dce3df65951825f2626cd32011bb864c89026364505dba7a4f | G11: 2026-08-08 | H11: 2 | I11: Phase I generated Rev.00 Word file — linked; signatures not completed | J11: 2026-08-10T19:29:54Z | K11: 2026-08-10T19:49:40Z
A12: 11 | B12: IA-PPWR-LBL-ST-012-EUR-03-R00 | C12: IA-PPWR-LBL-ST-012-EUR-03-R00 | D12: 11 | E12: 01_STARTER/ST-012-EUR-03/03_Label.docx | F12: 1e4373d6a43e76efde6a9f943c3c359b0a1b40a9d6a1d9461af375a2e8f3ed6d | G12: 2026-08-08 | H12: 2 | I12: Phase I generated Rev.00 Word file — linked; signatures not completed | J12: 2026-08-10T19:29:54Z | K12: 2026-08-10T19:49:40Z
... A989: 988 | B989: IA-PPWR-STM-CNT-DE-HAM-01-R00 | C989: IA-PPWR-STM-CNT-DE-HAM-01-R00 | D989: 12 | E989: 03_CONTAINER/CNT-DE-HAM-01/04_Shipment_Statement.docx | F989: c603a2c6ca7a20fdf162514eaef1e6d84e8c4fec292dddfcf842b914aeb5c16a | G989: 2026-08-08 | H989: 2 | I989: Phase I generated Rev.00 Word file — linked; signatures not completed | J989: 2026-08-10T19:29:54Z | K989: 2026-08-10T19:49:41Z

Sheet DOCUMENT_LINK
A1: DOCUMENT_LINK_ID | B1: DOCUMENT_ID | C1: COMPONENT_ID | D1: PRODUCT_ID | E1: PACKAGING_CONFIGURATION_ID | F1: TRANSPORT_CONFIGURATION_ID | G1: TECHNICAL_FILE_ID | H1: DECLARATION_OF_CONFORMITY_ID | I1: STATEMENT_ID | J1: SORT_ORDER | K1: NOTES
A2: 1 | B2: 1 | G2: 1 | J2: 1 | K2: Phase J registry sync
A3: 2 | B3: 2 | H3: 1 | J3: 2 | K3: Phase J registry sync
A4: 3 | B4: 3 | E4: 1 | J4: 3 | K4: Phase J registry sync
A5: 4 | B5: 4 | I5: 1 | J5: 4 | K5: Phase J registry sync
A6: 5 | B6: 5 | G6: 2 | J6: 5 | K6: Phase J registry sync
A7: 6 | B7: 6 | H7: 2 | J7: 6 | K7: Phase J registry sync
A8: 7 | B8: 7 | E8: 2 | J8: 7 | K8: Phase J registry sync
A9: 8 | B9: 8 | I9: 2 | J9: 8 | K9: Phase J registry sync
A10: 9 | B10: 9 | G10: 3 | J10: 9 | K10: Phase J registry sync
A11: 10 | B11: 10 | H11: 3 | J11: 10 | K11: Phase J registry sync
A12: 11 | B12: 11 | E12: 3 | J12: 11 | K12: Phase J registry sync
A13: 12 | B13: 12 | I13: 3 | J13: 12 | K13: Phase J registry sync
A14: 13 | B14: 13 | G14: 4 | J14: 13 | K14: Phase J registry sync
A15: 14 | B15: 14 | H15: 4 | J15: 14 | K15: Phase J registry sync
A16: 15 | B16: 15 | E16: 4 | J16: 15 | K16: Phase J registry sync
A17: 16 | B17: 16 | I17: 4 | J17: 16 | K17: Phase J registry sync
A18: 17 | B18: 17 | G18: 5 | J18: 17 | K18: Phase J registry sync
A19: 18 | B19: 18 | H19: 5 | J19: 18 | K19: Phase J registry sync
A20: 19 | B20: 19 | E20: 5 | J20: 19 | K20: Phase J registry sync
A21: 20 | B21: 20 | I21: 5 | J21: 20 | K21: Phase J registry sync
A22: 21 | B22: 21 | G22: 6 | J22: 21 | K22: Phase J registry sync
A23: 22 | B23: 22 | H23: 6 | J23: 22 | K23: Phase J registry sync
A24: 23 | B24: 23 | E24: 6 | J24: 23 | K24: Phase J registry sync
A25: 24 | B25: 24 | I25: 6 | J25: 24 | K25: Phase J registry sync
A26: 25 | B26: 25 | G26: 7 | J26: 25 | K26: Phase J registry sync
A27: 26 | B27: 26 | H27: 7 | J27: 26 | K27: Phase J registry sync
A28: 27 | B28: 27 | E28: 7 | J28: 27 | K28: Phase J registry sync
A29: 28 | B29: 28 | I29: 7 | J29: 28 | K29: Phase J registry sync
A30: 29 | B30: 29 | G30: 8 | J30: 29 | K30: Phase J registry sync
A31: 30 | B31: 30 | H31: 8 | J31: 30 | K31: Phase J registry sync
A32: 31 | B32: 31 | E32: 8 | J32: 31 | K32: Phase J registry sync
A33: 32 | B33: 32 | I33: 8 | J33: 32 | K33: Phase J registry sync
A34: 33 | B34: 33 | G34: 9 | J34: 33 | K34: Phase J registry sync
A35: 34 | B35: 34 | H35: 9 | J35: 34 | K35: Phase J registry sync
A36: 35 | B36: 35 | E36: 9 | J36: 35 | K36: Phase J registry sync
A37: 36 | B37: 36 | I37: 9 | J37: 36 | K37: Phase J registry sync
A38: 37 | B38: 37 | G38: 10 | J38: 37 | K38: Phase J registry sync
A39: 38 | B39: 38 | H39: 10 | J39: 38 | K39: Phase J registry sync
A40: 39 | B40: 39 | E40: 10 | J40: 39 | K40: Phase J registry sync
A41: 40 | B41: 40 | I41: 10 | J41: 40 | K41: Phase J registry sync
A42: 41 | B42: 41 | G42: 11 | J42: 41 | K42: Phase J registry sync
A43: 42 | B43: 42 | H43: 11 | J43: 42 | K43: Phase J registry sync
A44: 43 | B44: 43 | E44: 11 | J44: 43 | K44: Phase J registry sync
A45: 44 | B45: 44 | I45: 11 | J45: 44 | K45: Phase J registry sync
A46: 45 | B46: 45 | G46: 12 | J46: 45 | K46: Phase J registry sync
A47: 46 | B47: 46 | H47: 12 | J47: 46 | K47: Phase J registry sync
A48: 47 | B48: 47 | E48: 12 | J48: 47 | K48: Phase J registry sync
A49: 48 | B49: 48 | I49: 12 | J49: 48 | K49: Phase J registry sync
A50: 49 | B50: 49 | G50: 13 | J50: 49 | K50: Phase J registry sync
A51: 50 | B51: 50 | H51: 13 | J51: 50 | K51: Phase J registry sync
A52: 51 | B52: 51 | E52: 13 | J52: 51 | K52: Phase J registry sync
A53: 52 | B53: 52 | I53: 13 | J53: 52 | K53: Phase J registry sync
A54: 53 | B54: 53 | G54: 14 | J54: 53 | K54: Phase J registry sync
A55: 54 | B55: 54 | H55: 14 | J55: 54 | K55: Phase J registry sync
A56: 55 | B56: 55 | E56: 14 | J56: 55 | K56: Phase J registry sync
A57: 56 | B57: 56 | I57: 14 | J57: 56 | K57: Phase J registry sync
A58: 57 | B58: 57 | G58: 15 | J58: 57 | K58: Phase J registry sync
A59: 58 | B59: 58 | H59: 15 | J59: 58 | K59: Phase J registry sync
A60: 59 | B60: 59 | E60: 15 | J60: 59 | K60: Phase J registry sync
A61: 60 | B61: 60 | I61: 15 | J61: 60 | K61: Phase J registry sync
A62: 61 | B62: 61 | G62: 16 | J62: 61 | K62: Phase J registry sync
A63: 62 | B63: 62 | H63: 16 | J63: 62 | K63: Phase J registry sync
A64: 63 | B64: 63 | E64: 16 | J64: 63 | K64: Phase J registry sync
A65: 64 | B65: 64 | I65: 16 | J65: 64 | K65: Phase J registry sync
A66: 65 | B66: 65 | G66: 17 | J66: 65 | K66: Phase J registry sync
A67: 66 | B67: 66 | H67: 17 | J67: 66 | K67: Phase J registry sync
A68: 67 | B68: 67 | E68: 17 | J68: 67 | K68: Phase J registry sync
A69: 68 | B69: 68 | I69: 17 | J69: 68 | K69: Phase J registry sync
A70: 69 | B70: 69 | G70: 18 | J70: 69 | K70: Phase J registry sync
A71: 70 | B71: 70 | H71: 18 | J71: 70 | K71: Phase J registry sync
A72: 71 | B72: 71 | E72: 18 | J72: 71 | K72: Phase J registry sync
A73: 72 | B73: 72 | I73: 18 | J73: 72 | K73: Phase J registry sync
A74: 73 | B74: 73 | G74: 19 | J74: 73 | K74: Phase J registry sync
A75: 74 | B75: 74 | H75: 19 | J75: 74 | K75: Phase J registry sync
A76: 75 | B76: 75 | E76: 19 | J76: 75 | K76: Phase J registry sync
A77: 76 | B77: 76 | I77: 19 | J77: 76 | K77: Phase J registry sync
A78: 77 | B78: 77 | G78: 20 | J78: 77 | K78: Phase J registry sync
A79: 78 | B79: 78 | H79: 20 | J79: 78 | K79: Phase J registry sync
A80: 79 | B80: 79 | E80: 20 | J80: 79 | K80: Phase J registry sync
A81: 80 | B81: 80 | I81: 20 | J81: 80 | K81: Phase J registry sync
A82: 81 | B82: 81 | G82: 21 | J82: 81 | K82: Phase J registry sync
A83: 82 | B83: 82 | H83: 21 | J83: 82 | K83: Phase J registry sync
A84: 83 | B84: 83 | E84: 21 | J84: 83 | K84: Phase J registry sync
A85: 84 | B85: 84 | I85: 21 | J85: 84 | K85: Phase J registry sync
A86: 85 | B86: 85 | G86: 22 | J86: 85 | K86: Phase J registry sync
A87: 86 | B87: 86 | H87: 22 | J87: 86 | K87: Phase J registry sync
A88: 87 | B88: 87 | E88: 22 | J88: 87 | K88: Phase J registry sync
A89: 88 | B89: 88 | I89: 22 | J89: 88 | K89: Phase J registry sync
A90: 89 | B90: 89 | G90: 23 | J90: 89 | K90: Phase J registry sync
A91: 90 | B91: 90 | H91: 23 | J91: 90 | K91: Phase J registry sync
A92: 91 | B92: 91 | E92: 23 | J92: 91 | K92: Phase J registry sync
A93: 92 | B93: 92 | I93: 23 | J93: 92 | K93: Phase J registry sync
A94: 93 | B94: 93 | G94: 24 | J94: 93 | K94: Phase J registry sync
A95: 94 | B95: 94 | H95: 24 | J95: 94 | K95: Phase J registry sync
A96: 95 | B96: 95 | E96: 24 | J96: 95 | K96: Phase J registry sync
A97: 96 | B97: 96 | I97: 24 | J97: 96 | K97: Phase J registry sync
A98: 97 | B98: 97 | G98: 25 | J98: 97 | K98: Phase J registry sync
A99: 98 | B99: 98 | H99: 25 | J99: 98 | K99: Phase J registry sync
A100: 99 | B100: 99 | E100: 25 | J100: 99 | K100: Phase J registry sync
...

Sheet ZZ_QA_WEIGHT_FIXTURE
A1: ZZ_QA_WEIGHT_FIXTURE — visibility only (matches Python WeightService)
A2: NOT a relational source table. Line weight = qty × component WEIGHT_G.
A4: LINE_NO | B4: COMPONENT_ID | C4: COMPONENT_ERP_CODE | D4: COMPONENT_NAME | E4: QUANTITY | F4: WEIGHT_G | G4: LINE_WEIGHT_G
A5: 1 | B5: C1 | C5: 4000782 | D5: Carton | E5: 1 | F5: 500 | G5: =E5*F5 -> 500
A6: 2 | B6: C2 | C6: CORNER | D6: Corner | E6: 6 | F6: 50 | G6: =E6*F6 -> 300
A7: TOTAL_TARE_G | G7: =SUM(G5:G6) -> 800 | H7: Must equal Python WeightService fixture = 800
